valor,inicio,num_apostas,valorApostado,valorGanho,diferenca,result,minutos_decorridos,dia,mes,dia_da_semana
1.65,1754136294,6691,25457.86,-4708.1,20749.76,0,544,2,8,5
3.34,1754136328,4762,26927.26,-32411.38,-5484.12,1,545,2,8,5
2.12,1754136354,6676,31567.65,-14269.06,17298.59,1,545,2,8,5
1.19,1754136376,5245,31409.55,-401.88,31007.67,0,546,2,8,5
4.76,1754136393,6094,34708.06,-47159.66,-12451.6,1,546,2,8,5
3.0,1754136428,7746,43398.9,-44707.01,-1308.11,1,547,2,8,5
1.04,1754136452,6672,29504.91,-51.01,29453.9,0,547,2,8,5
1.25,1754136469,6596,33528.44,-1234.17,32294.27,0,547,2,8,5
4.57,1754136485,6478,33533.94,-57391.82,-23857.88,1,548,2,8,5
1.14,1754136516,8025,42781.75,-1122.3,41659.45,0,548,2,8,5
2.23,1754136534,6664,30529.91,-16008.36,14521.55,1,548,2,8,5
1.52,1754136552,6075,32185.64,-2696.18,29489.46,0,549,2,8,5
1.39,1754136571,5196,34028.72,-742.92,33285.8,0,549,2,8,5
10.03,1754136584,6761,36521.95,-83921.25,-47399.3,1,549,2,8,5
7.83,1754136624,7150,32584.91,-70667.09,-38082.18,1,550,2,8,5
1.0,1754136661,7437,31705.22,-0.0,31705.22,0,551,2,8,5
2.56,1754136677,6153,26222.59,-18008.38,8214.21,1,551,2,8,5
45.54,1754136697,7355,33369.59,-116590.72,-83221.13,1,551,2,8,5
3.23,1754136760,7384,27659.27,-30444.46,-2785.19,1,552,2,8,5
5.54,1754136785,6488,27316.01,-48665.6,-21349.59,1,553,2,8,5
3.25,1754136817,6690,29004.32,-28994.12,10.2,1,553,2,8,5
6.24,1754136844,7367,33835.13,-64841.91,-31006.78,1,554,2,8,5
4.26,1754136881,7918,33211.3,-54172.16,-20960.86,1,554,2,8,5
7.53,1754136909,7462,569831.12,-614138.18,-44307.06,1,555,2,8,5
1.16,1754136947,7986,561513.92,-8878.74,552635.18,0,555,2,8,5
5.84,1754136966,5465,348028.15,-341994.8,6033.35,1,556,2,8,5
3.55,1754137002,7610,421344.99,-561654.0,-140309.01,1,556,2,8,5
20.86,1754137029,6361,407364.2,-646824.84,-239460.64,1,557,2,8,5
1.15,1754137077,7378,421624.28,-6471.61,415152.67,0,557,2,8,5
1.01,1754137100,4808,314179.74,-0.0,314179.74,0,558,2,8,5
1.0,1754137108,6014,360130.05,-0.0,360130.05,0,558,2,8,5
3.95,1754137126,5527,30689.15,-40075.69,-9386.54,1,558,2,8,5
2.81,1754137158,7425,28717.48,-26070.89,2646.59,1,559,2,8,5
1.41,1754137182,5565,23826.32,-916.79,22909.53,0,559,2,8,5
1.21,1754137198,5839,24525.79,-148.3,24377.49,0,559,2,8,5
22.11,1754137215,6047,26615.37,-79528.27,-52912.9,1,560,2,8,5
1.4,1754137263,8240,31533.91,-1542.51,29991.4,0,561,2,8,5
1.08,1754137286,6132,21311.28,-97.87,21213.41,0,561,2,8,5
2.66,1754137384,5891,31543.93,-21765.15,9778.78,1,563,2,8,5
1.0,1754137413,7012,29382.75,-0.0,29382.75,0,563,2,8,5
1.3,1754137428,6035,29040.43,-725.73,28314.7,0,563,2,8,5
8.93,1754137442,6138,29756.56,-71152.3,-41395.74,1,564,2,8,5
8.11,1754137477,7641,32187.61,-82185.86,-49998.25,1,564,2,8,5
5.0,1754137516,7819,38177.3,-60902.4,-22725.1,1,565,2,8,5
1.33,1754137546,6923,31395.22,-2043.52,29351.7,0,565,2,8,5
1.83,1754137564,5968,30897.67,-7053.63,23844.04,0,566,2,8,5
1.36,1754137586,5314,33577.83,-2456.57,31121.26,0,566,2,8,5
3.27,1754137598,6311,27834.2,-27972.07,-137.87,1,566,2,8,5
3.61,1754137624,7229,31881.29,-51548.32,-19667.03,1,567,2,8,5
2.39,1754137651,8027,36414.35,-28313.09,8101.26,1,567,2,8,5
1.16,1754137678,5794,28465.65,-447.9,28017.75,0,567,2,8,5
1.46,1754137690,5742,28676.9,-1897.21,26779.69,0,568,2,8,5
1.88,1754137710,5898,29823.81,-10643.8,19180.01,0,568,2,8,5
31.06,1754137728,6580,34897.52,-110785.04,-75887.52,1,568,2,8,5
2.19,1754137784,8989,39898.57,-24771.52,15127.05,1,569,2,8,5
1.84,1754137806,6291,27554.69,-7158.59,20396.1,0,570,2,8,5
2.1,1754137826,6582,30685.98,-18584.45,12101.53,1,570,2,8,5
3.11,1754137851,5694,41859.03,-43574.01,-1714.98,1,570,2,8,5
1.35,1754137874,8588,35533.56,-2260.58,33272.98,0,571,2,8,5
1.23,1754137894,5812,37216.19,-333.39,36882.8,0,571,2,8,5
7.27,1754137905,6202,32388.0,-65464.77,-33076.77,1,571,2,8,5
3.89,1754137939,8646,41661.18,-60148.59,-18487.41,1,572,2,8,5
15.79,1754137972,7332,31283.63,-78114.99,-46831.36,1,572,2,8,5
2.97,1754138017,8790,37183.79,-39610.93,-2427.14,1,573,2,8,5
6.5,1754138046,5464,30822.48,-56857.44,-26034.96,1,574,2,8,5
1.2,1754138078,8945,35801.9,-266.24,35535.66,0,574,2,8,5
1.66,1754138098,6592,30681.27,-3083.06,27598.21,0,574,2,8,5
1.12,1754138118,5148,26078.55,-203.67,25874.88,0,575,2,8,5
1.51,1754138125,5813,29610.69,-3272.19,26338.5,0,575,2,8,5
1.1,1754138146,5642,33292.14,-664.64,32627.5,0,575,2,8,5
2.56,1754138157,5980,34047.24,-20314.39,13732.85,1,575,2,8,5
1.0,1754138183,6945,37770.61,-0.0,37770.61,0,576,2,8,5
1.77,1754138194,6242,28811.69,-6187.72,22623.97,0,576,2,8,5
8.67,1754138214,6238,33042.1,-69566.87,-36524.77,1,576,2,8,5
9.48,1754138252,8510,37921.95,-87322.55,-49400.6,1,577,2,8,5
1.08,1754138292,8690,40157.58,-143.93,40013.65,0,578,2,8,5
2.19,1754138309,6624,36900.34,-20098.94,16801.4,1,578,2,8,5
3.81,1754138341,6534,36357.56,-51630.06,-15272.5,1,579,2,8,5
1.65,1754138367,7912,34621.64,-5716.68,28904.96,0,579,2,8,5
1.07,1754138391,5067,27609.75,-287.6,27322.15,0,579,2,8,5
3.04,1754138399,6173,36754.93,-32855.2,3899.73,1,579,2,8,5
1.34,1754138425,7734,46561.99,-975.87,45586.12,0,580,2,8,5
1.02,1754138447,5762,37832.85,-18.61,37814.24,0,580,2,8,5
6.96,1754138459,5994,42230.86,-84688.89,-42458.03,1,580,2,8,5
3.18,1754138491,7518,36695.08,-44632.48,-7937.4,1,581,2,8,5
1.5,1754138517,6910,36529.94,-5314.63,31215.31,0,581,2,8,5
2.54,1754138535,6525,32768.34,-21987.49,10780.85,1,582,2,8,5
1.19,1754138561,7142,41566.51,-908.41,40658.1,0,582,2,8,5
2.68,1754138575,6670,42799.08,-36870.57,5928.51,1,582,2,8,5
3.96,1754138597,6315,29101.9,-38800.29,-9698.39,1,583,2,8,5
1.94,1754138628,7289,37660.52,-7923.69,29736.83,0,583,2,8,5
1.14,1754138651,5423,32121.02,-326.58,31794.44,0,584,2,8,5
1.38,1754138661,6684,37509.68,-2521.72,34987.96,0,584,2,8,5
1.82,1754138678,5964,40178.16,-12533.1,27645.06,0,584,2,8,5
3.72,1754138694,6002,32673.77,-45534.61,-12860.84,1,584,2,8,5
5.58,1754138722,6754,36416.41,-69351.01,-32934.6,1,585,2,8,5
1.3,1754138752,6995,35681.76,-831.8,34849.96,0,585,2,8,5
2.21,1754138768,5723,35978.01,-21676.16,14301.85,1,586,2,8,5
3.37,1754138787,6712,41223.34,-46295.65,-5072.31,1,586,2,8,5
2.82,1754138816,6449,36235.74,-36564.82,-329.08,1,586,2,8,5
1.0,1754138836,7131,37142.21,-0.0,37142.21,0,587,2,8,5
80.98,1754138849,6183,39800.29,-132096.86,-92296.57,1,587,2,8,5
1.43,1754138916,7581,42017.9,-1770.9,40247.0,0,588,2,8,5
88.06,1754138934,5399,39892.09,-126490.53,-86598.44,1,588,2,8,5
1.26,1754138997,7124,32514.3,-701.46,31812.84,0,589,2,8,5
1.0,1754139017,4815,38177.14,-0.0,38177.14,0,590,2,8,5
1.14,1754139025,5821,40450.76,-512.06,39938.7,0,590,2,8,5
1.0,1754139042,5208,31602.88,-0.0,31602.88,0,590,2,8,5
1.5,1754139056,3593,26056.61,-1858.01,24198.6,0,590,2,8,5
1.52,1754139074,6593,32135.95,-3743.2,28392.75,0,591,2,8,5
1.58,1754139097,6051,34409.46,-5669.2,28740.26,0,591,2,8,5
1.0,1754139115,6282,35533.22,-0.0,35533.22,0,591,2,8,5
58.55,1754139127,5718,42965.94,-149132.63,-106166.69,1,592,2,8,5
4.29,1754139190,7517,39983.07,-48953.48,-8970.41,1,593,2,8,5
5.97,1754139217,7207,39631.61,-65654.77,-26023.16,1,593,2,8,5
1.76,1754139251,8259,38364.73,-8570.5,29794.23,0,594,2,8,5
2.51,1754139274,5454,30638.11,-20168.5,10469.61,1,594,2,8,5
1.0,1754139295,6818,40269.85,-0.0,40269.85,0,594,2,8,5
9.03,1754139313,5931,38396.38,-79212.87,-40816.49,1,595,2,8,5
1.46,1754139351,7196,34338.82,-2871.79,31467.03,0,595,2,8,5
21.26,1754139372,5917,41424.55,-118063.14,-76638.59,1,596,2,8,5
2.89,1754139417,7671,34390.04,-27450.52,6939.52,1,596,2,8,5
16.85,1754139443,5223,26497.73,-74509.08,-48011.35,1,597,2,8,5
7.82,1754139487,7690,32317.17,-65943.68,-33626.51,1,598,2,8,5
2.71,1754139526,7734,33273.11,-23051.42,10221.69,1,598,2,8,5
1.19,1754139552,5288,34225.0,-292.96,33932.04,0,599,2,8,5
2.4,1754139562,5488,32859.18,-16550.47,16308.71,1,599,2,8,5
8.28,1754139585,6953,33363.26,-65341.76,-31978.5,1,599,2,8,5
13.84,1754139623,7848,35316.82,-96140.09,-60823.27,1,600,2,8,5
7.28,1754139667,7455,32297.42,-71922.81,-39625.39,1,601,2,8,5
1.08,1754139704,8243,42494.35,-88.05,42406.3,0,601,2,8,5
1.47,1754139721,5529,34025.96,-1845.76,32180.2,0,602,2,8,5
1.52,1754139734,6084,34613.54,-2907.85,31705.69,0,602,2,8,5
5.68,1754139750,3607,22250.65,-39017.04,-16766.39,1,602,2,8,5
1.47,1754139785,7840,39415.38,-1467.82,37947.56,0,603,2,8,5
3.3,1754139810,5615,32865.31,-36568.82,-3703.51,1,603,2,8,5
13.77,1754139830,6173,25246.98,-67441.29,-42194.31,1,603,2,8,5
1.56,1754139872,6645,31067.41,-2941.74,28125.67,0,604,2,8,5
3.05,1754139897,5533,29894.31,-26179.56,3714.75,1,604,2,8,5
1.64,1754139919,7375,39067.28,-5889.97,33177.31,0,605,2,8,5
1.19,1754139942,6537,38451.86,-224.77,38227.09,0,605,2,8,5
2.33,1754139955,6460,32842.93,-18321.43,14521.5,1,605,2,8,5
1.14,1754139974,6772,35970.71,-274.54,35696.17,0,606,2,8,5
3.16,1754139991,6334,36659.13,-30989.37,5669.76,1,606,2,8,5
1.03,1754140013,8054,40241.63,-7.45,40234.18,0,606,2,8,5
47.81,1754140033,6394,40997.13,-110766.68,-69769.55,1,607,2,8,5
1.42,1754140086,7804,32627.43,-1883.94,30743.49,0,608,2,8,5
1.14,1754140109,5478,40623.47,-77.81,40545.66,0,608,2,8,5
7.12,1754140118,5797,34898.46,-75548.62,-40650.16,1,608,2,8,5
1.37,1754140153,7941,35435.64,-757.32,34678.32,0,609,2,8,5
1.51,1754140176,5676,31918.05,-2617.65,29300.4,0,609,2,8,5
2.17,1754140188,5881,42126.5,-14378.43,27748.07,1,609,2,8,5
1.0,1754140209,6701,35010.52,-0.0,35010.52,0,610,2,8,5
2.66,1754140227,5809,36594.28,-30797.78,5796.5,1,610,2,8,5
9.12,1754140250,7088,35311.44,-73677.74,-38366.3,1,610,2,8,5
12.53,1754140292,8466,45042.62,-95380.31,-50337.69,1,611,2,8,5
2.55,1754140338,7965,34564.78,-22255.31,12309.47,1,612,2,8,5
7.85,1754140371,5510,44124.66,-92128.84,-48004.18,1,612,2,8,5
1.44,1754140403,7565,36098.41,-3013.65,33084.76,0,613,2,8,5
5.79,1754140424,5720,36238.64,-51603.18,-15364.54,1,613,2,8,5
2.39,1754140455,8401,39230.91,-23165.39,16065.52,1,614,2,8,5
1.6,1754140480,6327,34437.2,-3869.58,30567.62,0,614,2,8,5
1.81,1754140501,6567,33756.24,-6599.89,27156.35,0,615,2,8,5
73.82,1754140517,6388,30317.38,-114448.84,-84131.46,1,615,2,8,5
7.1,1754140579,7880,34796.31,-75465.76,-40669.45,1,616,2,8,5
1.04,1754140618,8104,33052.36,-4660.79,28391.57,0,616,2,8,5
1.49,1754140632,5274,25466.04,-2474.82,22991.22,0,617,2,8,5
1.36,1754140646,5713,38733.55,-2516.83,36216.72,0,617,2,8,5
1.81,1754140666,5843,34620.02,-7948.33,26671.69,0,617,2,8,5
1.19,1754140680,6229,31866.46,-768.9,31097.56,0,618,2,8,5
4.43,1754140703,6408,34321.69,-48313.08,-13991.39,1,618,2,8,5
2.08,1754140728,7537,36848.32,-13547.62,23300.7,1,618,2,8,5
7.06,1754140752,6645,34366.51,-66122.21,-31755.7,1,619,2,8,5
1.15,1754140789,8710,40190.09,-201.76,39988.33,0,619,2,8,5
3.4,1754140806,6685,28519.84,-28957.05,-437.21,1,620,2,8,5
6.89,1754140828,7260,34184.17,-68201.46,-34017.29,1,620,2,8,5
7.31,1754140864,8300,34185.96,-67553.77,-33367.81,1,621,2,8,5
3.73,1754140900,8223,32558.14,-41021.54,-8463.4,1,621,2,8,5
1.01,1754140927,6329,34589.49,-0.0,34589.49,0,622,2,8,5
1.09,1754140943,5771,34421.32,-131.97,34289.35,0,622,2,8,5
2.07,1754140957,5859,31108.51,-12328.08,18780.43,1,622,2,8,5
6.5,1754140978,6559,36830.28,-75780.65,-38950.37,1,622,2,8,5
8.94,1754141008,8296,35886.9,-82379.0,-46492.1,1,623,2,8,5
1.33,1754141047,8401,40828.4,-1770.85,39057.55,0,624,2,8,5
2.85,1754141067,6397,25756.37,-17823.79,7932.58,1,624,2,8,5
3.39,1754141088,6839,32498.52,-36257.2,-3758.68,1,624,2,8,5
1.13,1754141114,7506,34999.18,-597.74,34401.44,0,625,2,8,5
7.93,1754141134,5713,37575.43,-79940.71,-42365.28,1,625,2,8,5
30.51,1754141165,8455,36303.93,-119884.47,-83580.54,1,626,2,8,5
3.9,1754141224,8126,31961.27,-35879.42,-3918.15,1,627,2,8,5
1.05,1754141249,6742,33982.67,-589.13,33393.54,0,627,2,8,5
2.02,1754141266,6230,28857.53,-11227.51,17630.02,1,627,2,8,5
1.24,1754141286,6619,35993.8,-450.89,35542.91,0,628,2,8,5
13.26,1754141303,6097,28861.88,-73574.92,-44713.04,1,628,2,8,5
1.5,1754141340,8465,34517.76,-1863.88,32653.88,0,629,2,8,5
2.04,1754141363,6638,34918.4,-13797.64,21120.76,1,629,2,8,5
1.62,1754141385,6536,24484.05,-3108.57,21375.48,0,629,2,8,5
6.22,1754141402,5727,36853.43,-73488.26,-36634.83,1,630,2,8,5
1.83,1754141434,7761,24020.72,-5590.88,18429.84,0,630,2,8,5
5.87,1754141458,6084,31880.8,-59463.01,-27582.21,1,630,2,8,5
2.63,1754141488,7738,25109.84,-19332.73,5777.11,1,631,2,8,5
3.83,1754141514,6191,35429.17,-41677.14,-6247.97,1,631,2,8,5
1.02,1754141545,8238,39898.88,-77.21,39821.67,0,632,2,8,5
1.55,1754141559,6098,36240.04,-4003.65,32236.39,0,632,2,8,5
1.69,1754141579,5966,32795.32,-6166.87,26628.45,0,632,2,8,5
6.31,1754141595,6505,31556.75,-57358.85,-25802.1,1,633,2,8,5
1.22,1754141626,8396,40394.82,-371.99,40022.83,0,633,2,8,5
6.09,1754141647,6733,36295.11,-58488.49,-22193.38,1,634,2,8,5
8.64,1754141679,8115,36051.15,-68696.56,-32645.41,1,634,2,8,5
28.91,1754141715,6814,32881.3,-104048.84,-71167.54,1,635,2,8,5
1.39,1754141767,8290,30651.57,-1984.28,28667.29,0,636,2,8,5
2.81,1754141788,5907,35417.07,-31641.48,3775.59,1,636,2,8,5
5.84,1754141808,7629,36168.5,-61778.06,-25609.56,1,636,2,8,5
5.44,1754141843,8613,42432.47,-74207.91,-31775.44,1,637,2,8,5
1.0,1754141879,8447,31121.76,-0.0,31121.76,0,637,2,8,5
2.4,1754141889,6614,35358.2,-22038.82,13319.38,1,638,2,8,5
12.12,1754141911,6893,33361.38,-94095.22,-60733.84,1,638,2,8,5
1.5,1754141952,8198,38965.98,-2055.7,36910.28,0,639,2,8,5
3.56,1754141977,5749,38893.63,-46294.48,-7400.85,1,639,2,8,5
2.15,1754141998,8441,37842.36,-16566.65,21275.71,1,639,2,8,5
4.98,1754142027,6138,28674.14,-45510.89,-16836.75,1,640,2,8,5
12.36,1754142058,8605,32516.74,-90812.78,-58296.04,1,640,2,8,5
1.14,1754142095,8578,33091.45,-1393.98,31697.47,0,641,2,8,5
1.18,1754142115,6148,33108.71,-196.64,32912.07,0,641,2,8,5
20.23,1754142128,5729,27165.01,-81202.19,-54037.18,1,642,2,8,5
2.2,1754142172,8621,36931.63,-21532.75,15398.88,1,642,2,8,5
1.01,1754142200,6537,29725.58,-0.0,29725.58,0,643,2,8,5
1.48,1754142212,5162,27496.43,-920.48,26575.95,0,643,2,8,5
1.67,1754142225,6898,35602.14,-7090.1,28512.04,0,643,2,8,5
1.24,1754142248,5857,39799.52,-448.41,39351.11,0,644,2,8,5
1.0,1754142260,6145,26752.96,-0.0,26752.96,0,644,2,8,5
1.71,1754142272,5853,31461.98,-4979.76,26482.22,0,644,2,8,5
1.16,1754142289,6174,26629.74,-72.46,26557.28,0,644,2,8,5
1.0,1754142302,6238,32583.39,-0.0,32583.39,0,645,2,8,5
2.39,1754142313,6381,29721.18,-17396.35,12324.83,1,645,2,8,5
1.02,1754142332,6901,34424.67,-3.27,34421.4,0,645,2,8,5
1.15,1754142349,6559,34495.89,-127.25,34368.64,0,645,2,8,5
2.67,1754142363,6996,36503.1,-23588.27,12914.83,1,646,2,8,5
1.04,1754142384,7496,38520.87,-11.42,38509.45,0,646,2,8,5
4.88,1754142400,6590,34298.12,-57010.76,-22712.64,1,646,2,8,5
1.01,1754142431,7980,39073.61,-0.0,39073.61,0,647,2,8,5
1.32,1754142449,5559,38376.85,-604.79,37772.06,0,647,2,8,5
3.31,1754142463,5806,32522.57,-37414.91,-4892.34,1,647,2,8,5
1.21,1754142484,7800,35946.76,-766.29,35180.47,0,648,2,8,5
1.1,1754142506,5628,29619.4,-120.55,29498.85,0,648,2,8,5
1.14,1754142519,6328,35577.05,-811.87,34765.18,0,648,2,8,5
1.92,1754142537,5599,35577.98,-8801.55,26776.43,0,648,2,8,5
6.46,1754142559,5869,42608.0,-71341.77,-28733.77,1,649,2,8,5
32.58,1754142594,6954,35520.12,-111390.39,-75870.27,1,649,2,8,5
3.23,1754142653,7265,31671.05,-32576.92,-905.87,1,650,2,8,5
1.56,1754142678,7014,33210.65,-6045.37,27165.28,0,651,2,8,5
1.07,1754142704,5643,27962.39,-99.42,27862.97,0,651,2,8,5
1.51,1754142716,5640,26533.7,-2887.96,23645.74,0,651,2,8,5
1.4,1754142739,5643,34127.87,-2407.98,31719.89,0,652,2,8,5
2.39,1754142754,6392,34215.35,-26777.61,7437.74,1,652,2,8,5
1.27,1754142779,6930,37922.4,-673.29,37249.11,0,652,2,8,5
2.34,1754142800,6228,30903.24,-21089.59,9813.65,1,653,2,8,5
6.82,1754142822,6177,29524.97,-54299.63,-24774.66,1,653,2,8,5
4.08,1754142859,7678,42040.81,-60208.95,-18168.14,1,654,2,8,5
5.35,1754142893,7548,32701.11,-60222.42,-27521.31,1,654,2,8,5
6.73,1754142930,8121,34506.32,-78278.19,-43771.87,1,655,2,8,5
1.62,1754142966,8038,33592.17,-3985.4,29606.77,0,656,2,8,5
3.71,1754142993,5871,29149.86,-35945.78,-6795.92,1,656,2,8,5
7.8,1754143018,8067,36323.54,-79856.04,-43532.5,1,656,2,8,5
1.28,1754143060,8411,40138.71,-1910.92,38227.79,0,657,2,8,5
1.95,1754143084,5926,29514.75,-6017.59,23497.16,0,658,2,8,5
2.16,1754143105,5935,34030.35,-21985.74,12044.61,1,658,2,8,5
1.58,1754143132,6740,36482.24,-3883.22,32599.02,0,658,2,8,5
2.9,1754143150,6215,27265.0,-26682.73,582.27,1,659,2,8,5
135.12,1754143172,7919,34549.05,-140283.67,-105734.62,1,659,2,8,5
1.05,1754143246,7715,36328.82,-81.42,36247.4,0,660,2,8,5
55.74,1754143262,5159,32324.68,-108338.65,-76013.97,1,661,2,8,5
1.07,1754143317,7930,37177.1,-76.19,37100.91,0,661,2,8,5
1.36,1754143336,5456,34683.9,-1043.17,33640.73,0,662,2,8,5
1.15,1754143348,5747,26580.66,-261.51,26319.15,0,662,2,8,5
2.21,1754143362,5772,30583.11,-14992.86,15590.25,1,662,2,8,5
1.04,1754143379,7071,33369.32,-2.18,33367.14,0,662,2,8,5
1.37,1754143396,6244,27431.68,-723.83,26707.85,0,663,2,8,5
1.16,1754143411,6429,34145.3,-382.12,33763.18,0,663,2,8,5
1.14,1754143425,6009,36528.63,-202.54,36326.09,0,663,2,8,5
2.52,1754143438,6073,30286.53,-26128.35,4158.18,1,663,2,8,5
1.06,1754143460,7308,33645.17,-97.95,33547.22,0,664,2,8,5
1.03,1754143478,5645,28615.96,-8.72,28607.24,0,664,2,8,5
1.55,1754143489,5640,29568.19,-2694.46,26873.73,0,664,2,8,5
1.31,1754143504,5681,34422.43,-1983.07,32439.36,0,665,2,8,5
1.83,1754143519,5528,32198.27,-6927.38,25270.89,0,665,2,8,5
2.17,1754143537,5622,39114.43,-23129.65,15984.78,1,665,2,8,5
2.41,1754143557,5828,35720.3,-28637.74,7082.56,1,665,2,8,5
1.62,1754143580,6235,33396.31,-7065.92,26330.39,0,666,2,8,5
1.25,1754143600,5475,32903.1,-873.48,32029.62,0,666,2,8,5
1.0,1754143611,4871,30411.55,-0.0,30411.55,0,666,2,8,5
2.44,1754143621,4506,28638.33,-19883.0,8755.33,1,667,2,8,5
56.49,1754143642,5401,38063.35,-128928.38,-90865.03,1,667,2,8,5
5.49,1754143703,6180,27993.92,-46963.99,-18970.07,1,668,2,8,5
1.72,1754143736,6639,29792.93,-6747.61,23045.32,0,668,2,8,5
2.63,1754143758,4953,23519.73,-18724.25,4795.48,1,669,2,8,5
2.01,1754143778,6859,38873.43,-17938.38,20935.05,1,669,2,8,5
2.42,1754143802,5859,36581.29,-29364.44,7216.85,1,670,2,8,5
2.16,1754143821,6853,30686.2,-21112.28,9573.92,1,670,2,8,5
1.2,1754143841,6944,32304.63,-1071.8,31232.83,0,670,2,8,5
11.51,1754143859,6222,32048.97,-73088.71,-41039.74,1,670,2,8,5
4.86,1754143898,7417,35932.25,-56619.21,-20686.96,1,671,2,8,5
1.93,1754143933,7534,39072.61,-11029.72,28042.89,0,672,2,8,5
1.69,1754143956,6516,32923.51,-6049.49,26874.02,0,672,2,8,5
1.21,1754143973,6530,28922.49,-897.86,28024.63,0,672,2,8,5
1.61,1754143990,5468,36242.04,-5504.86,30737.18,0,673,2,8,5
7.36,1754144002,6430,35171.68,-72037.67,-36865.99,1,673,2,8,5
1.42,1754144040,7835,45925.66,-3970.04,41955.62,0,674,2,8,5
65.03,1754144060,5946,36085.05,-117192.64,-81107.59,1,674,2,8,5
2.21,1754144118,7380,35790.55,-23442.19,12348.36,1,675,2,8,5
4.22,1754144144,5399,29229.35,-37812.83,-8583.48,1,675,2,8,5
1.66,1754144173,8025,36908.8,-8002.24,28906.56,0,676,2,8,5
3.98,1754144194,6055,30620.68,-40067.34,-9446.66,1,676,2,8,5
1.31,1754144220,8255,43529.17,-2047.67,41481.5,0,677,2,8,5
1.07,1754144237,6372,37272.87,-692.66,36580.21,0,677,2,8,5
1.52,1754144250,6103,33460.68,-3429.72,30030.96,0,677,2,8,5
1.45,1754144268,6627,36563.41,-5942.98,30620.43,0,677,2,8,5
5.93,1754144286,6681,35053.49,-66309.56,-31256.07,1,678,2,8,5
1.02,1754144318,7702,35547.72,-2.18,35545.54,0,678,2,8,5
3.76,1754144334,6885,33194.18,-41916.25,-8722.07,1,678,2,8,5
2.58,1754144358,6922,29221.1,-24961.14,4259.96,1,679,2,8,5
4.76,1754144382,7699,36397.74,-62559.42,-26161.68,1,679,2,8,5
1.0,1754144416,7912,32425.88,-0.0,32425.88,0,680,2,8,5
11.48,1754144429,5916,31224.04,-84565.46,-53341.42,1,680,2,8,5
1.0,1754144466,8057,39479.57,-0.0,39479.57,0,681,2,8,5
23.76,1754144484,6210,33695.5,-87388.18,-53692.68,1,681,2,8,5
2.05,1754144532,7525,29395.16,-14039.46,15355.7,1,682,2,8,5
2.11,1754144558,6375,34406.21,-21298.59,13107.62,1,682,2,8,5
3.03,1754144576,6797,35924.77,-43474.85,-7550.08,1,682,2,8,5
6.45,1754144599,8263,44629.4,-85079.61,-40450.21,1,683,2,8,5
7.26,1754144638,8497,37247.85,-89813.59,-52565.74,1,683,2,8,5
1.04,1754144672,8661,38797.51,-11.91,38785.6,0,684,2,8,5
1.31,1754144687,6974,36948.8,-1432.48,35516.32,0,684,2,8,5
1.41,1754144703,5185,27493.87,-3743.8,23750.07,0,685,2,8,5
1.11,1754144713,6908,33365.71,-40.3,33325.41,0,685,2,8,5
2.82,1754144731,6014,31884.34,-28869.69,3014.65,1,685,2,8,5
1.08,1754144751,8397,41757.37,-19.2,41738.17,0,685,2,8,5
1.16,1754144771,6394,27268.06,-356.6,26911.46,0,686,2,8,5
1.13,1754144784,6509,27826.74,-307.26,27519.48,0,686,2,8,5
1.26,1754144798,5911,30305.51,-545.24,29760.27,0,686,2,8,5
1.55,1754144812,5892,33515.61,-4094.48,29421.13,0,686,2,8,5
1.14,1754144829,5827,34555.35,-144.3,34411.05,0,687,2,8,5
1.56,1754144841,5119,28901.6,-4688.61,24212.99,0,687,2,8,5
1.81,1754144855,5092,34390.14,-9410.6,24979.54,0,687,2,8,5
4.31,1754144875,5267,33543.74,-49062.24,-15518.5,1,687,2,8,5
1.48,1754144903,6282,34013.14,-3467.18,30545.96,0,688,2,8,5
2.96,1754144919,5662,30534.22,-30679.04,-144.82,1,688,2,8,5
1.5,1754144942,5736,31497.88,-6207.99,25289.89,0,689,2,8,5
6.62,1754144961,5302,33079.25,-62510.19,-29430.94,1,689,2,8,5
1.2,1754145010,6040,30248.1,-415.8,29832.3,0,690,2,8,5
3.72,1754145026,5301,30554.44,-37335.93,-6781.49,1,690,2,8,5
1.21,1754145052,5553,34091.29,-1395.61,32695.68,0,690,2,8,5
1.48,1754145064,5908,38739.55,-3205.76,35533.79,0,691,2,8,5
1.0,1754145080,5397,38813.53,-0.0,38813.53,0,691,2,8,5
1.4,1754145090,4707,32681.45,-2683.15,29998.3,0,691,2,8,5
1.36,1754145104,4333,30198.73,-1887.82,28310.91,0,691,2,8,5
3.0,1754145118,3848,25680.25,-22468.22,3212.03,1,691,2,8,5
1.84,1754145144,4697,25998.45,-9575.13,16423.32,0,692,2,8,5
1.51,1754145162,4407,35236.76,-8537.07,26699.69,0,692,2,8,5
1.15,1754145178,3949,24313.48,-123.45,24190.03,0,692,2,8,5
10.39,1754145190,3378,23779.26,-53750.12,-29970.86,1,693,2,8,5
1.05,1754145227,4628,33006.45,-32.85,32973.6,0,693,2,8,5
4.61,1754145239,4061,26431.22,-37782.44,-11351.22,1,693,2,8,5
1.08,1754145268,4429,29535.91,-153.92,29381.99,0,694,2,8,5
80.55,1754145280,4622,37183.3,-111998.67,-74815.37,1,694,2,8,5
1.37,1754145344,4888,30604.0,-3047.86,27556.14,0,695,2,8,5
3.73,1754145358,5212,38171.18,-46420.23,-8249.05,1,695,2,8,5
2.74,1754145387,4878,31396.28,-27513.33,3882.95,1,696,2,8,5
1.41,1754145407,5763,34029.75,-2808.64,31221.11,0,696,2,8,5
1.07,1754145425,5532,38030.94,-166.28,37864.66,0,697,2,8,5
2.07,1754145436,5151,34606.92,-18318.36,16288.56,1,697,2,8,5
1.0,1754145456,5531,37254.83,-0.0,37254.83,0,697,2,8,5
2.44,1754145467,4824,38515.08,-32785.61,5729.47,1,697,2,8,5
1.1,1754145487,4724,33074.31,-233.81,32840.5,0,698,2,8,5
1.22,1754145500,4921,35160.56,-1374.59,33785.97,0,698,2,8,5
3.05,1754145514,4323,27747.25,-31158.84,-3411.59,1,698,2,8,5
1.06,1754145536,4516,28059.23,-35.89,28023.34,0,698,2,8,5
1.55,1754145546,3982,30309.25,-3570.74,26738.51,0,699,2,8,5
3.63,1754145562,4277,33594.07,-48309.4,-14715.33,1,699,2,8,5
1.28,1754145588,4173,30679.7,-1623.1,29056.6,0,699,2,8,5
1.04,1754145603,3937,29337.41,-35.25,29302.16,0,700,2,8,5
1.62,1754145614,4178,35128.69,-4456.11,30672.58,0,700,2,8,5
1.36,1754145630,3949,34885.76,-2629.5,32256.26,0,700,2,8,5
1.78,1754145644,3471,27927.16,-6242.81,21684.35,0,700,2,8,5
14.23,1754145662,3610,28312.05,-66641.59,-38329.54,1,701,2,8,5
2.9,1754145703,4494,34551.62,-27273.35,7278.27,1,701,2,8,5
2.0,1754145728,4753,37114.36,-14655.75,22458.61,1,702,2,8,5
5.68,1754145749,4746,31015.91,-53021.81,-22005.9,1,702,2,8,5
1.19,1754145783,5320,31976.05,-1105.11,30870.94,0,703,2,8,5
26.18,1754145798,4462,35125.74,-83575.41,-48449.67,1,703,2,8,5
2.77,1754145847,5551,36203.43,-33197.05,3006.38,1,704,2,8,5
3.81,1754145870,5695,37353.7,-53870.26,-16516.56,1,704,2,8,5
1.17,1754145897,6055,36729.82,-416.82,36313.0,0,704,2,8,5
1.88,1754145914,5570,41764.11,-10582.24,31181.87,0,705,2,8,5
1.02,1754145931,5595,38240.06,-4.41,38235.65,0,705,2,8,5
3.2,1754145944,4967,34231.71,-38929.21,-4697.5,1,705,2,8,5
3.71,1754145965,5894,39187.25,-52085.13,-12897.88,1,706,2,8,5
1.44,1754145995,6095,33957.23,-1263.73,32693.5,0,706,2,8,5
1.13,1754146012,5170,29387.78,-1000.05,28387.73,0,706,2,8,5
1.49,1754146025,4880,27873.25,-3775.14,24098.11,0,707,2,8,5
1.32,1754146041,5040,33373.5,-1804.43,31569.07,0,707,2,8,5
29.74,1754146055,4449,28286.92,-92099.32,-63812.4,1,707,2,8,5
2.06,1754146104,5833,30385.73,-12812.47,17573.26,1,708,2,8,5
1.05,1754146127,5453,28890.04,-29.89,28860.15,0,708,2,8,5
1.56,1754146136,4594,26572.55,-6237.39,20335.16,0,708,2,8,5
2.11,1754146150,4779,29635.84,-15331.83,14304.01,1,709,2,8,5
2.23,1754146172,5475,29357.14,-25182.97,4174.17,1,709,2,8,5
1.12,1754146194,5155,29264.38,-207.54,29056.84,0,709,2,8,5
2.08,1754146205,4398,26044.75,-13922.81,12121.94,1,710,2,8,5
1.85,1754146223,5086,27195.1,-11278.0,15917.1,0,710,2,8,5
1.24,1754146240,5036,29462.35,-1177.63,28284.72,0,710,2,8,5
1.12,1754146254,4322,27013.64,-244.59,26769.05,0,710,2,8,5
1.75,1754146264,3719,22273.33,-5828.16,16445.17,0,711,2,8,5
1.27,1754146281,3927,23797.92,-1493.92,22304.0,0,711,2,8,5
1.07,1754146295,3530,27126.69,-108.94,27017.75,0,711,2,8,5
1.74,1754146304,3016,19222.6,-3231.79,15990.81,0,711,2,8,5
1.53,1754146333,3264,23274.45,-3911.64,19362.81,0,712,2,8,5
1.89,1754146350,3208,22823.05,-6586.05,16237.0,0,712,2,8,5
1.67,1754146369,3419,22484.59,-4472.42,18012.17,0,712,2,8,5
2.38,1754146387,3328,27614.77,-17013.75,10601.02,1,713,2,8,5
1.04,1754146407,3893,27550.69,-1.14,27549.55,0,713,2,8,5
1.87,1754146418,3227,25432.29,-7248.68,18183.61,0,713,2,8,5
1.69,1754146436,3238,20145.99,-5541.51,14604.48,0,713,2,8,5
1.72,1754146453,3063,19630.68,-6822.47,12808.21,0,714,2,8,5
7.18,1754146472,3025,19042.78,-32861.57,-13818.79,1,714,2,8,5
2.69,1754146505,3995,24223.23,-21757.22,2466.01,1,715,2,8,5
2.67,1754146528,4135,30262.86,-27819.79,2443.07,1,715,2,8,5
1.21,1754146552,4298,28581.05,-754.88,27826.17,0,715,2,8,5
1.24,1754146563,3718,24347.59,-1861.8,22485.79,0,716,2,8,5
2.04,1754146576,3316,17952.7,-7727.86,10224.84,1,716,2,8,5
13.47,1754146594,3896,24613.5,-59467.46,-34853.96,1,716,2,8,5
13.66,1754146637,4400,26637.21,-68843.68,-42206.47,1,717,2,8,5
1.15,1754146679,4846,25376.68,-383.37,24993.31,0,717,2,8,5
14.99,1754146693,4127,22015.41,-63581.26,-41565.85,1,718,2,8,5
2.2,1754146736,5366,31043.24,-18625.1,12418.14,1,718,2,8,5
3.84,1754146760,5382,32447.18,-45088.46,-12641.28,1,719,2,8,5
1.0,1754146790,5648,33030.08,-0.0,33030.08,0,719,2,8,5
1.28,1754146800,5421,31065.26,-1723.39,29341.87,0,720,2,8,5
1.05,1754146816,4991,31510.84,-23.22,31487.62,0,720,2,8,5
9.89,1754146826,4580,27020.27,-66532.87,-39512.6,1,720,2,8,5
2.26,1754146864,6050,30169.41,-21042.5,9126.91,1,721,2,8,5
5.81,1754146887,5814,35174.77,-64901.59,-29726.82,1,721,2,8,5
1.22,1754146919,5865,29357.4,-541.82,28815.58,0,721,2,8,5
4.92,1754146936,5051,26375.76,-41566.5,-15190.74,1,722,2,8,5
25.14,1754146964,6109,33433.61,-84062.48,-50628.87,1,722,2,8,5
1.87,1754147017,6523,36244.85,-4993.75,31251.1,0,723,2,8,5
13.5,1754147036,6040,30236.55,-78981.99,-48745.44,1,723,2,8,5
1.17,1754147077,6898,30748.07,-237.58,30510.49,0,724,2,8,5
3.08,1754147093,6512,35692.94,-34144.61,1548.33,1,724,2,8,5
4.88,1754147116,6306,33755.54,-50254.82,-16499.28,1,725,2,8,5
4.33,1754147147,7279,36824.15,-53156.87,-16332.72,1,725,2,8,5
1.35,1754147178,7071,28254.5,-1120.69,27133.81,0,726,2,8,5
2.59,1754147195,5539,27312.28,-18909.23,8403.05,1,726,2,8,5
2.19,1754147214,7804,35759.21,-25524.05,10235.16,1,726,2,8,5
1.3,1754147240,6386,33018.98,-766.3,32252.68,0,727,2,8,5
2.29,1754147255,6149,29803.72,-27049.07,2754.65,1,727,2,8,5
2.64,1754147278,7140,36416.16,-38471.21,-2055.05,1,727,2,8,5
5.31,1754147298,6567,27460.07,-50545.78,-23085.71,1,728,2,8,5
8.69,1754147330,7373,33947.38,-76290.4,-42343.02,1,728,2,8,5
1.19,1754147368,7794,38022.82,-551.6,37471.22,0,729,2,8,5
3.81,1754147385,6671,28700.94,-37567.32,-8866.38,1,729,2,8,5
1.52,1754147411,8015,43079.86,-3730.34,39349.52,0,730,2,8,5
53.68,1754147435,7197,36362.39,-114047.31,-77684.92,1,730,2,8,5
1.08,1754147492,7432,34033.21,-48.34,33984.87,0,731,2,8,5
1.49,1754147507,5679,33473.3,-1822.91,31650.39,0,731,2,8,5
6.31,1754147523,6165,29678.61,-53245.76,-23567.15,1,732,2,8,5
1.94,1754147554,8037,42132.6,-10171.3,31961.3,0,732,2,8,5
1.56,1754147581,5874,31487.82,-4097.13,27390.69,0,733,2,8,5
5.16,1754147598,6254,30139.21,-55385.07,-25245.86,1,733,2,8,5
4.86,1754147631,7766,36261.7,-52849.15,-16587.45,1,733,2,8,5
1.53,1754147664,7344,32009.06,-2782.63,29226.43,0,734,2,8,5
3.12,1754147680,6727,26309.9,-23737.74,2572.16,1,734,2,8,5
1.0,1754147703,8373,40435.1,-0.0,40435.1,0,735,2,8,5
13.72,1754147723,7115,34983.26,-92845.21,-57861.95,1,735,2,8,5
70.24,1754147764,7836,29852.81,-121503.84,-91651.03,1,736,2,8,5
1.31,1754147831,7911,36181.32,-1016.58,35164.74,0,737,2,8,5
1.28,1754147846,5311,26461.44,-972.39,25489.05,0,737,2,8,5
1.05,1754147857,6138,26932.1,-2410.85,24521.25,0,737,2,8,5
1.86,1754147872,6125,27236.07,-5878.9,21357.17,0,737,2,8,5
1.02,1754147891,6372,29139.44,-2162.8,26976.64,0,738,2,8,5
4.0,1754147905,5982,33580.68,-43310.49,-9729.81,1,738,2,8,5
20.65,1754147928,8605,40217.19,-112984.77,-72767.58,1,738,2,8,5
3.26,1754147979,8741,38557.53,-35294.54,3262.99,1,739,2,8,5
1.46,1754148006,6359,23452.54,-1506.86,21945.68,0,740,2,8,5
5.48,1754148023,6152,22223.07,-39451.66,-17228.59,1,740,2,8,5
5.19,1754148054,8655,37697.93,-67512.46,-29814.53,1,740,2,8,5
2.63,1754148085,8719,37127.49,-22963.48,14164.01,1,741,2,8,5
1.61,1754148113,5202,22021.52,-2324.23,19697.29,0,741,2,8,5
1.18,1754148127,6857,27841.21,-434.22,27406.99,0,742,2,8,5
2.6,1754148147,5591,28138.23,-20706.06,7432.17,1,742,2,8,5
24.2,1754148166,8079,38463.01,-117384.17,-78921.16,1,742,2,8,5
1.02,1754148218,7757,29645.15,-25.06,29620.09,0,743,2,8,5
1.25,1754148235,6423,25119.78,-306.89,24812.89,0,743,2,8,5
10.8,1754148247,6339,28221.32,-71213.92,-42992.6,1,744,2,8,5
1.06,1754148287,7639,33905.26,-60.13,33845.13,0,744,2,8,5
51.38,1754148303,5361,25311.55,-100065.46,-74753.91,1,745,2,8,5
19.58,1754148358,7275,25043.5,-85389.66,-60346.16,1,745,2,8,5
1.39,1754148405,8368,32752.48,-1209.15,31543.33,0,746,2,8,5
1.41,1754148430,5603,27264.18,-1144.96,26119.22,0,747,2,8,5
1.47,1754148445,6165,26510.46,-1992.12,24518.34,0,747,2,8,5
1.14,1754148460,6233,24117.08,-306.76,23810.32,0,747,2,8,5
1.12,1754148474,6142,28142.49,-264.3,27878.19,0,747,2,8,5
3.94,1754148486,6030,24877.48,-27548.16,-2670.68,1,748,2,8,5
2.25,1754148515,7928,31874.64,-22436.09,9438.55,1,748,2,8,5
1.42,1754148542,6613,25341.75,-790.61,24551.14,0,749,2,8,5
2.63,1754148559,5699,31862.96,-20428.82,11434.14,1,749,2,8,5
2.51,1754148577,8338,41594.63,-37325.73,4268.9,1,749,2,8,5
1.3,1754148607,5525,25820.25,-1422.59,24397.66,0,750,2,8,5
1.02,1754148616,6061,29848.95,-1.09,29847.86,0,750,2,8,5
15.93,1754148631,5850,32796.55,-93887.61,-61091.06,1,750,2,8,5
1.08,1754148675,8348,36922.15,-45.6,36876.55,0,751,2,8,5
2.94,1754148694,5972,29229.01,-25843.18,3385.83,1,751,2,8,5
1.11,1754148714,7912,37418.35,-572.82,36845.53,0,751,2,8,5
1.31,1754148733,6117,29993.85,-462.73,29531.12,0,752,2,8,5
3.66,1754148748,6507,31007.21,-41047.98,-10040.77,1,752,2,8,5
3.08,1754148773,8308,40445.58,-47821.54,-7375.96,1,752,2,8,5
1.05,1754148801,6839,31277.74,-572.62,30705.12,0,753,2,8,5
1.11,1754148814,6370,30696.84,-2571.79,28125.05,0,753,2,8,5
1.45,1754148827,5906,33247.16,-2330.16,30917.0,0,753,2,8,5
1.61,1754148846,5432,31193.52,-3986.58,27206.94,0,754,2,8,5
1.0,1754148860,7002,36959.79,-0.0,36959.79,0,754,2,8,5
2.5,1754148876,6083,35014.14,-28821.57,6192.57,1,754,2,8,5
4.9,1754148893,7091,35424.86,-59488.08,-24063.22,1,754,2,8,5
3.64,1754148929,7494,35201.34,-51094.13,-15892.79,1,755,2,8,5
1.49,1754148954,7655,34334.88,-2527.15,31807.73,0,755,2,8,5
2.55,1754148972,6524,30059.45,-21888.02,8171.43,1,756,2,8,5
3.38,1754148992,7589,32725.66,-42193.54,-9467.88,1,756,2,8,5
9.5,1754149022,7876,32831.14,-73573.58,-40742.44,1,757,2,8,5
2.32,1754149061,7904,33502.09,-21962.37,11539.72,1,757,2,8,5
41.1,1754149086,6440,26171.95,-92945.32,-66773.37,1,758,2,8,5
70.51,1754149140,8202,32214.75,-130352.05,-98137.3,1,759,2,8,5
5.98,1754149207,7557,33278.94,-60182.65,-26903.71,1,760,2,8,5
2.54,1754149235,8614,35548.47,-26423.14,9125.33,1,760,2,8,5
23.5,1754149266,5194,22993.61,-77659.12,-54665.51,1,761,2,8,5
3.34,1754149312,8179,33658.52,-34258.96,-600.44,1,761,2,8,5
1.89,1754149345,5596,26200.44,-4571.06,21629.38,0,762,2,8,5
8.95,1754149361,6533,27039.97,-53521.29,-26481.32,1,762,2,8,5
1.03,1754149398,7573,34904.64,-7.43,34897.21,0,763,2,8,5
4.65,1754149415,6607,29169.74,-42120.19,-12950.45,1,763,2,8,5
1.91,1754149441,7553,28017.67,-6199.76,21817.91,0,764,2,8,5
11.07,1754149469,5349,35181.66,-89092.21,-53910.55,1,764,2,8,5
1.03,1754149504,7806,31347.59,-60.63,31286.96,0,765,2,8,5
3.33,1754149524,6045,37947.65,-30488.99,7458.66,1,765,2,8,5
2.32,1754149544,8028,33234.61,-19954.05,13280.56,1,765,2,8,5
2.91,1754149573,6119,26249.58,-22116.41,4133.17,1,766,2,8,5
9.42,1754149595,7905,37916.97,-74473.71,-36556.74,1,766,2,8,5
1.41,1754149635,8543,34546.99,-778.4,33768.59,0,767,2,8,5
2.83,1754149654,6776,31459.19,-19090.77,12368.42,1,767,2,8,5
4.49,1754149675,7449,37832.51,-53228.44,-15395.93,1,767,2,8,5
1.2,1754149707,8772,38349.48,-804.01,37545.47,0,768,2,8,5
4.3,1754149727,7265,35277.34,-54271.56,-18994.22,1,768,2,8,5
2.18,1754149750,7925,37726.97,-19049.81,18677.16,1,769,2,8,5
3.24,1754149779,5789,30010.18,-34491.44,-4481.26,1,769,2,8,5
4.5,1754149798,7658,33565.24,-56426.87,-22861.63,1,769,2,8,5
1.22,1754149827,8381,37268.68,-241.53,37027.15,0,770,2,8,5
2.27,1754149848,6630,31234.02,-16666.99,14567.03,1,770,2,8,5
11.92,1754149872,7708,39128.88,-98403.25,-59274.37,1,771,2,8,5
1.0,1754149911,8808,33948.48,-0.0,33948.48,0,771,2,8,5
1.14,1754149927,6722,32282.13,-173.01,32109.12,0,772,2,8,5
2.49,1754149941,6656,30217.59,-16630.18,13587.41,1,772,2,8,5
3.53,1754149960,7532,35792.95,-47308.89,-11515.94,1,772,2,8,5
1.38,1754149989,8157,35815.34,-695.47,35119.87,0,773,2,8,5
1.05,1754150009,6008,25339.57,-6.48,25333.09,0,773,2,8,5
1.13,1754150021,6474,38989.74,-83.19,38906.55,0,773,2,8,5
1.17,1754150035,6282,30403.68,-353.18,30050.5,0,773,2,8,5
1.77,1754150050,6561,32713.48,-5567.16,27146.32,0,774,2,8,5
1.09,1754150068,6484,31321.45,-127.03,31194.42,0,774,2,8,5
3.13,1754150079,6264,33958.22,-33686.84,271.38,1,774,2,8,5
1.4,1754150115,7878,39091.08,-1268.25,37822.83,0,775,2,8,5
1.08,1754150137,5008,25119.63,-43.31,25076.32,0,775,2,8,5
1.64,1754150147,5921,31889.04,-4245.94,27643.1,0,775,2,8,5
3.09,1754150167,5689,33403.72,-33637.73,-234.01,1,776,2,8,5
1.25,1754150187,6576,34835.89,-1846.04,32989.85,0,776,2,8,5
1.01,1754150201,5606,36469.17,-0.0,36469.17,0,776,2,8,5
1.3,1754150212,4929,29038.01,-865.75,28172.26,0,776,2,8,5
1.36,1754150225,5063,34815.95,-2714.38,32101.57,0,777,2,8,5
1.54,1754150239,4545,25637.17,-3696.69,21940.48,0,777,2,8,5
2.6,1754150259,4427,27988.47,-25752.0,2236.47,1,777,2,8,5
6.08,1754150281,5293,32366.0,-61274.47,-28908.47,1,778,2,8,5
1.0,1754150315,6214,28493.66,-0.0,28493.66,0,778,2,8,5
3.42,1754150329,5312,31923.75,-38743.31,-6819.56,1,778,2,8,5
1.24,1754150352,6269,35268.81,-1132.64,34136.17,0,779,2,8,5
1.16,1754150369,5809,35748.04,-484.14,35263.9,0,779,2,8,5
11.1,1754150380,4975,25971.9,-67046.97,-41075.07,1,779,2,8,5
1.16,1754150418,6089,26158.91,-1037.54,25121.37,0,780,2,8,5
1.35,1754150432,5304,26672.64,-1332.04,25340.6,0,780,2,8,5
2.69,1754150446,5515,33168.23,-30540.77,2627.46,1,780,2,8,5
2.8,1754150468,5617,30761.77,-28983.72,1778.05,1,781,2,8,5
11.47,1754150494,5970,33047.7,-82447.09,-49399.39,1,781,2,8,5
1.06,1754150539,6488,32735.7,-2.28,32733.42,0,782,2,8,5
1.45,1754150551,5482,27323.82,-1480.51,25843.31,0,782,2,8,5
1.64,1754150568,6037,28732.6,-4929.16,23803.44,0,782,2,8,5
1.29,1754150588,5882,39472.7,-1587.36,37885.34,0,783,2,8,5
3.5,1754150604,5277,35667.48,-47586.55,-11919.07,1,783,2,8,5
2.86,1754150628,6386,29999.28,-32853.02,-2853.74,1,783,2,8,5
2.67,1754150651,6491,35173.98,-38235.46,-3061.48,1,784,2,8,5
3.5,1754150675,6444,28320.02,-37701.71,-9381.69,1,784,2,8,5
2.4,1754150706,6675,34674.84,-27301.9,7372.94,1,785,2,8,5
94.21,1754150725,6668,30182.95,-112131.72,-81948.77,1,785,2,8,5
4.85,1754150793,7205,29158.4,-44514.32,-15355.92,1,786,2,8,5
1.73,1754150824,7516,31103.35,-4483.03,26620.32,0,787,2,8,5
1.8,1754150844,5332,27735.67,-8995.92,18739.75,0,787,2,8,5
16.63,1754150861,6059,30951.59,-74631.35,-43679.76,1,787,2,8,5
2.83,1754150905,8434,34789.5,-32080.0,2709.5,1,788,2,8,5
5.03,1754150935,6102,27537.08,-45575.93,-18038.85,1,788,2,8,5
30.54,1754150965,8425,40144.42,-116858.54,-76714.12,1,789,2,8,5
1.29,1754151020,8654,37387.8,-2379.31,35008.49,0,790,2,8,5
3.65,1754151040,5999,26916.89,-30500.25,-3583.36,1,790,2,8,5
2.16,1754151064,7115,28819.38,-13800.98,15018.4,1,791,2,8,5
3.98,1754151090,4814,25701.54,-35930.38,-10228.84,1,791,2,8,5
6.09,1754151113,7255,33933.23,-65141.41,-31208.18,1,791,2,8,5
1.26,1754151148,7646,30616.34,-1044.11,29572.23,0,792,2,8,5
1.39,1754151168,5173,26760.86,-1762.15,24998.71,0,792,2,8,5
3.7,1754151178,5352,27012.7,-35162.86,-8150.16,1,792,2,8,5
7.36,1754151210,7838,35726.1,-74877.93,-39151.83,1,793,2,8,5
1.7,1754151247,7777,38832.26,-5112.68,33719.58,0,794,2,8,5
1.02,1754151268,5878,29938.36,-54.06,29884.3,0,794,2,8,5
3.95,1754151280,6184,30087.78,-43598.29,-13510.51,1,794,2,8,5
93.82,1754151305,7960,35416.48,-137515.03,-102098.55,1,795,2,8,5
4.92,1754151380,6920,32727.2,-50575.12,-17847.92,1,796,2,8,5
2.72,1754151407,6936,26432.45,-22761.51,3670.94,1,796,2,8,5
36.58,1754151431,5653,27539.71,-100427.31,-72887.6,1,797,2,8,5
1.18,1754151485,7298,31387.53,-386.43,31001.1,0,798,2,8,5
1.63,1754151504,4828,28152.35,-3172.13,24980.22,0,798,2,8,5
37.07,1754151520,5584,33753.58,-117934.97,-84181.39,1,798,2,8,5
2.34,1754151570,7968,39286.3,-23798.69,15487.61,1,799,2,8,5
1.47,1754151598,5322,30253.56,-3050.22,27203.34,0,799,2,8,5
1.95,1754151615,5697,36050.86,-11175.44,24875.42,0,800,2,8,5
1.0,1754151628,6070,36224.67,-0.0,36224.67,0,800,2,8,5
8.84,1754151645,5820,36601.85,-82198.45,-45596.6,1,800,2,8,5
4.55,1754151686,8229,39894.76,-67148.08,-27253.32,1,801,2,8,5
1.0,1754151713,6515,32103.42,-0.0,32103.42,0,801,2,8,5
1.08,1754151727,5277,28969.48,-126.41,28843.07,0,802,2,8,5
1.76,1754151740,4197,31276.16,-5860.71,25415.45,0,802,2,8,5
2.75,1754151753,7870,34404.38,-27024.52,7379.86,1,802,2,8,5
2.07,1754151753,5932,35710.5,-13732.35,21978.15,1,802,2,8,5
1.07,1754151858,5400,29850.77,-60.88,29789.89,0,804,2,8,5
2.87,1754151872,5705,33533.12,-29898.53,3634.59,1,804,2,8,5
11.63,1754151892,6990,34902.06,-82526.16,-47624.1,1,804,2,8,5
1.4,1754151933,8039,35789.85,-1247.44,34542.41,0,805,2,8,5
1.15,1754151952,6001,29480.24,-307.66,29172.58,0,805,2,8,5
1.2,1754151968,4998,31717.69,-462.77,31254.92,0,806,2,8,5
1.68,1754151978,6262,33244.94,-5052.35,28192.59,0,806,2,8,5
1.2,1754151997,5339,36248.51,-1187.83,35060.68,0,806,2,8,5
1.23,1754152011,5744,32956.61,-151.26,32805.35,0,806,2,8,5
1.28,1754152028,4979,33163.72,-482.2,32681.52,0,807,2,8,5
4.04,1754152044,5030,31850.76,-37304.27,-5453.51,1,807,2,8,5
1.94,1754152071,7114,38988.8,-6005.22,32983.58,0,807,2,8,5
13.98,1754152096,5574,34467.81,-78137.99,-43670.18,1,808,2,8,5
1.0,1754152135,7713,35311.43,-0.0,35311.43,0,808,2,8,5
1.58,1754152152,5450,31412.04,-2230.39,29181.65,0,809,2,8,5
9.49,1754152179,5347,33408.1,-74640.75,-41232.65,1,809,2,8,5
1.09,1754152217,7623,37415.8,-1105.46,36310.34,0,810,2,8,5
1.52,1754152235,4197,29590.35,-1164.39,28425.96,0,810,2,8,5
2.09,1754152248,7377,39532.78,-16765.51,22767.27,1,810,2,8,5
1.16,1754152273,6104,37812.18,-190.39,37621.79,0,811,2,8,5
1.0,1754152289,4706,30312.2,-0.0,30312.2,0,811,2,8,5
1.07,1754152295,5691,44422.55,-87.41,44335.14,0,811,2,8,5
1.44,1754152312,5264,33827.6,-1085.21,32742.39,0,811,2,8,5
2.69,1754152328,5856,38572.94,-29687.05,8885.89,1,812,2,8,5
1.42,1754152350,6661,36710.82,-1744.72,34966.1,0,812,2,8,5
1.92,1754152370,5762,35979.44,-9158.39,26821.05,0,812,2,8,5
3.32,1754152387,6017,31228.44,-33013.37,-1784.93,1,813,2,8,5
2.24,1754152415,6860,35208.27,-21631.0,13577.27,1,813,2,8,5
1.99,1754152437,6604,33912.27,-13888.66,20023.61,0,813,2,8,5
1.11,1754152457,6073,35732.71,-180.05,35552.66,0,814,2,8,5
2.99,1754152470,6027,34573.73,-38720.91,-4147.18,1,814,2,8,5
1.04,1754152494,6847,36853.71,-203.24,36650.47,0,814,2,8,5
1.32,1754152508,5528,37542.56,-1304.01,36238.55,0,815,2,8,5
1.24,1754152522,5521,40507.02,-453.68,40053.34,0,815,2,8,5
2.95,1754152539,4824,34839.02,-35079.13,-240.11,1,815,2,8,5
4.76,1754152561,5514,35766.11,-46988.45,-11222.34,1,816,2,8,5
1.81,1754152591,6153,30204.61,-6219.36,23985.25,0,816,2,8,5
2.36,1754152609,5451,31997.72,-22775.49,9222.23,1,816,2,8,5
1.21,1754152631,6042,33159.83,-1952.28,31207.55,0,817,2,8,5
2.68,1754152646,5544,35764.52,-33479.01,2285.51,1,817,2,8,5
13.18,1754152667,5203,28760.76,-70008.37,-41247.61,1,817,2,8,5
2.46,1754152709,6475,32374.61,-24549.11,7825.5,1,818,2,8,5
1.31,1754152732,6543,31569.1,-1672.87,29896.23,0,818,2,8,5
4.0,1754152750,5753,32677.17,-51801.58,-19124.41,1,819,2,8,5
1.03,1754152779,6984,36186.83,-2.85,36183.98,0,819,2,8,5
1.8,1754152790,5879,41473.39,-6199.7,35273.69,0,819,2,8,5
6.93,1754152808,5757,39272.53,-72342.16,-33069.63,1,820,2,8,5
1.05,1754152843,6956,34427.63,-10.56,34417.07,0,820,2,8,5
1.28,1754152857,5350,28364.04,-541.9,27822.14,0,820,2,8,5
1.47,1754152869,6083,34386.43,-2019.04,32367.39,0,821,2,8,5
3.0,1754152886,5279,37144.09,-31053.88,6090.21,1,821,2,8,5
1.11,1754152912,6152,34166.21,-537.59,33628.62,0,821,2,8,5
4.25,1754152923,5060,31423.08,-46134.49,-14711.41,1,822,2,8,5
1.59,1754152951,5490,31166.91,-6938.44,24228.47,0,822,2,8,5
1.19,1754152968,5817,41925.71,-604.63,41321.08,0,822,2,8,5
1.87,1754152982,5057,38575.56,-7268.77,31306.79,0,823,2,8,5
2.74,1754153001,5057,32083.77,-29207.6,2876.17,1,823,2,8,5
6.45,1754153024,5264,34830.28,-57921.15,-23090.87,1,823,2,8,5
1.65,1754153056,5931,38748.36,-6480.52,32267.84,0,824,2,8,5
16.25,1754153076,5309,31372.16,-81176.59,-49804.43,1,824,2,8,5
1.14,1754153122,6090,24327.07,-659.76,23667.31,0,825,2,8,5
3.39,1754153143,5786,31596.1,-39264.81,-7668.71,1,825,2,8,5
1.29,1754153170,5730,25044.44,-1221.75,23822.69,0,826,2,8,5
6.59,1754153189,6195,34835.33,-71835.8,-37000.47,1,826,2,8,5
2.59,1754153225,6027,28254.95,-20890.55,7364.4,1,827,2,8,5
1.01,1754153255,4981,26394.27,-0.0,26394.27,0,827,2,8,5
2.81,1754153264,5816,32009.89,-28045.46,3964.43,1,827,2,8,5
2.78,1754153290,7289,39530.78,-37979.03,1551.75,1,828,2,8,5
8.67,1754153317,6763,31244.44,-61879.75,-30635.31,1,828,2,8,5
1.63,1754153356,7689,37204.09,-6455.25,30748.84,0,829,2,8,5
1.14,1754153377,6383,31736.59,-153.07,31583.52,0,829,2,8,5
2.88,1754153392,5883,36436.58,-31348.01,5088.57,1,829,2,8,5
3.45,1754153414,7735,39860.01,-55034.95,-15174.94,1,830,2,8,5
1.52,1754153442,7655,40114.71,-3056.27,37058.44,0,830,2,8,5
1.23,1754153460,5139,29152.72,-634.03,28518.69,0,831,2,8,5
1.31,1754153476,6233,34070.91,-1766.32,32304.59,0,831,2,8,5
11.73,1754153494,4314,26097.83,-66019.59,-39921.76,1,831,2,8,5
18.08,1754153532,7423,34866.01,-101707.98,-66841.97,1,832,2,8,5
1.26,1754153579,7715,35576.16,-1278.56,34297.6,0,832,2,8,5
2.92,1754153598,5414,30407.18,-24537.74,5869.44,1,833,2,8,5
8.64,1754153620,7840,38934.74,-78308.25,-39373.51,1,833,2,8,5
1.49,1754153658,7843,33232.16,-3248.92,29983.24,0,834,2,8,5
4.56,1754153679,5645,34231.68,-56990.26,-22758.58,1,834,2,8,5
1.38,1754153709,7908,35767.91,-2423.89,33344.02,0,835,2,8,5
5.02,1754153726,5841,36790.91,-59804.54,-23013.63,1,835,2,8,5
8.23,1754153758,7880,32977.97,-64840.84,-31862.87,1,835,2,8,5
7.15,1754153793,7501,31286.55,-64806.79,-33520.24,1,836,2,8,5
16.09,1754153831,7146,35024.21,-82428.66,-47404.45,1,837,2,8,5
7.9,1754153874,7222,30196.14,-69822.33,-39626.19,1,837,2,8,5
1.09,1754153910,7408,29591.95,-712.85,28879.1,0,838,2,8,5
1.15,1754153929,5419,26974.62,-1631.42,25343.2,0,838,2,8,5
1.54,1754153939,5215,22351.95,-2272.8,20079.15,0,838,2,8,5
8.03,1754153957,6027,22511.11,-47624.9,-25113.79,1,839,2,8,5
4.95,1754153995,7768,34263.93,-58474.56,-24210.63,1,839,2,8,5
1.05,1754154026,6714,31228.08,-10.2,31217.88,0,840,2,8,5
1.6,1754154043,5970,29051.51,-3138.64,25912.87,0,840,2,8,5
17.28,1754154062,5177,28539.89,-82508.18,-53968.29,1,841,2,8,5
1.0,1754154104,7978,38236.3,-0.0,38236.3,0,841,2,8,5
1.26,1754154124,5291,28381.57,-504.63,27876.94,0,842,2,8,5
1.4,1754154133,5548,35616.33,-871.84,34744.49,0,842,2,8,5
1.2,1754154155,5187,32759.39,-436.51,32322.88,0,842,2,8,5
2.3,1754154163,6142,25643.42,-11060.8,14582.62,1,842,2,8,5
16.48,1754154185,6073,28520.61,-83590.23,-55069.62,1,843,2,8,5
1.14,1754154229,7538,33464.63,-170.73,33293.9,0,843,2,8,5
4.57,1754154249,5277,25743.46,-36101.92,-10358.46,1,844,2,8,5
1.43,1754154277,8371,36907.02,-2608.36,34298.66,0,844,2,8,5
19.4,1754154294,6575,37592.09,-100714.46,-63122.37,1,844,2,8,5
1.08,1754154341,7375,32528.34,-42.95,32485.39,0,845,2,8,5
1.28,1754154358,5387,39496.15,-1584.59,37911.56,0,845,2,8,5
1.25,1754154373,5726,32413.77,-1870.17,30543.6,0,846,2,8,5
1.0,1754154386,5438,28935.77,-0.0,28935.77,0,846,2,8,5
1.38,1754154395,6205,32540.43,-1022.45,31517.98,0,846,2,8,5
1.06,1754154412,6432,31375.24,-57.28,31317.96,0,846,2,8,5
1.1,1754154427,5655,31655.97,-104.49,31551.48,0,847,2,8,5
1.57,1754154441,6509,31715.05,-2038.09,29676.96,0,847,2,8,5
2.93,1754154461,7252,36608.64,-24009.85,12598.79,1,847,2,8,5
1.07,1754154484,6711,33590.54,-13.45,33577.09,0,848,2,8,5
1.23,1754154500,5256,32324.83,-244.89,32079.94,0,848,2,8,5
1.0,1754154510,6568,34290.32,-0.0,34290.32,0,848,2,8,5
13.54,1754154524,5179,31390.06,-79104.27,-47714.21,1,848,2,8,5
1.0,1754154566,7405,34982.16,-0.0,34982.16,0,849,2,8,5
17.69,1754154582,6242,35632.52,-100868.59,-65236.07,1,849,2,8,5
11.9,1754154626,7648,33666.24,-76486.74,-42820.5,1,850,2,8,5
2.82,1754154672,8432,36233.54,-22383.4,13850.14,1,851,2,8,5
1.26,1754154696,6426,26969.4,-507.03,26462.37,0,851,2,8,5
4.02,1754154717,6312,23628.46,-27534.09,-3905.63,1,851,2,8,5
1.11,1754154742,7904,33440.34,-406.09,33034.25,0,852,2,8,5
2.6,1754154761,6847,36444.89,-29252.73,7192.16,1,852,2,8,5
7.62,1754154781,4176,26327.15,-51692.13,-25364.98,1,853,2,8,5
1.07,1754154816,8468,36804.93,-18.76,36786.17,0,853,2,8,5
1.1,1754154839,5412,29857.24,-555.81,29301.43,0,853,2,8,5
57.51,1754154848,5852,30310.4,-121207.07,-90896.67,1,854,2,8,5
14.86,1754154911,7010,28675.17,-81799.85,-53124.68,1,855,2,8,5
1.2,1754154959,7091,29808.96,-507.92,29301.04,0,855,2,8,5
2.76,1754154976,4879,28135.87,-19114.42,9021.45,1,856,2,8,5
2.36,1754154994,7053,32281.23,-18323.55,13957.68,1,856,2,8,5
5.52,1754155017,5570,32792.01,-52814.4,-20022.39,1,856,2,8,5
1.12,1754155049,7774,33708.53,-196.82,33511.71,0,857,2,8,5
3.94,1754155067,5509,30693.35,-39688.15,-8994.8,1,857,2,8,5
15.1,1754155099,8301,33154.78,-91503.86,-58349.08,1,858,2,8,5
4.03,1754155140,8348,35081.17,-45142.33,-10061.16,1,859,2,8,5
1.68,1754155168,6522,26033.59,-4055.67,21977.92,0,859,2,8,5
2.44,1754155190,6366,28132.94,-17668.91,10464.03,1,859,2,8,5
78.5,1754155214,6192,33421.19,-104410.41,-70989.22,1,860,2,8,5
11.87,1754155278,8007,40119.95,-94410.12,-54290.17,1,861,2,8,5
2.16,1754155317,7370,35989.27,-13734.08,22255.19,1,861,2,8,5
5.21,1754155343,5000,28346.6,-43678.45,-15331.85,1,862,2,8,5
129.21,1754155373,8176,32977.63,-139091.66,-106114.03,1,862,2,8,5
11.86,1754155450,7898,36214.4,-103078.15,-66863.75,1,864,2,8,5
1.38,1754155484,7969,32646.93,-1171.73,31475.2,0,864,2,8,5
1.22,1754155505,5534,29791.63,-197.33,29594.3,0,865,2,8,5
1.18,1754155516,5506,25315.34,-582.92,24732.42,0,865,2,8,5
1.0,1754155531,5569,22248.07,-0.0,22248.07,0,865,2,8,5
3.92,1754155539,6018,28497.49,-37467.16,-8969.67,1,865,2,8,5
1.12,1754155567,8578,35604.49,-403.3,35201.19,0,866,2,8,5
7.8,1754155587,6522,26691.8,-56582.58,-29890.78,1,866,2,8,5
1.93,1754155625,8828,33855.73,-7115.05,26740.68,0,867,2,8,5
4.52,1754155643,7572,42342.78,-62988.69,-20645.91,1,867,2,8,5
5.7,1754155673,7468,31094.29,-58554.63,-27460.34,1,867,2,8,5
9.21,1754155710,8341,44508.04,-110972.77,-66464.73,1,868,2,8,5
18.54,1754155744,8245,50879.69,-152093.9,-101214.21,1,869,2,8,5
3.78,1754155790,8596,41570.95,-45828.72,-4257.77,1,869,2,8,5
1.72,1754155821,6091,33686.49,-3652.06,30034.43,0,870,2,8,5
6.04,1754155841,6378,32269.29,-61065.5,-28796.21,1,870,2,8,5
1.54,1754155873,9146,44103.1,-3170.12,40932.98,0,871,2,8,5
1.06,1754155894,7207,47900.54,-5.71,47894.83,0,871,2,8,5
1.26,1754155908,7145,39474.22,-1531.29,37942.93,0,871,2,8,5
2.01,1754155925,6302,31804.1,-7047.33,24756.77,1,872,2,8,5
7.94,1754155944,7379,42293.85,-96063.43,-53769.58,1,872,2,8,5
1.49,1754155982,8756,48344.62,-3313.44,45031.18,0,873,2,8,5
1.31,1754156004,6042,35904.33,-1872.68,34031.65,0,873,2,8,5
2.66,1754156016,6036,29183.43,-20731.33,8452.1,1,873,2,8,5
9.16,1754156034,8575,53912.14,-123447.14,-69535.0,1,873,2,8,5
1.32,1754156075,8783,37013.1,-984.54,36028.56,0,874,2,8,5
1.03,1754156096,6336,35049.07,-142.5,34906.57,0,874,2,8,5
1.83,1754156109,6706,42791.38,-4953.69,37837.69,0,875,2,8,5
5.27,1754156127,5777,50503.11,-84078.98,-33575.87,1,875,2,8,5
15.34,1754156161,9433,53724.4,-155130.71,-101406.31,1,876,2,8,5
1.09,1754156203,8947,40424.11,-36.91,40387.2,0,876,2,8,5
1.16,1754156221,5642,34746.95,-276.96,34469.99,0,877,2,8,5
1.88,1754156235,6152,25673.91,-3948.03,21725.88,0,877,2,8,5
1.16,1754156251,6640,39155.47,-185.44,38970.03,0,877,2,8,5
127.99,1754156270,6112,29105.92,-142860.68,-113754.76,1,877,2,8,5
1.94,1754156334,8068,43405.75,-7930.65,35475.1,0,878,2,8,5
1.95,1754156358,5671,40310.95,-9899.08,30411.87,0,879,2,8,5
1.01,1754156375,5849,39881.66,-0.0,39881.66,0,879,2,8,5
1.49,1754156392,5818,31514.16,-1652.07,29862.09,0,879,2,8,5
1.69,1754156408,6175,33272.09,-4382.6,28889.49,0,880,2,8,5
1.09,1754156423,6393,34018.91,-137.43,33881.48,0,880,2,8,5
1.0,1754156436,6457,31872.64,-0.0,31872.64,0,880,2,8,5
1.02,1754156450,6453,36515.92,-2162.8,34353.12,0,880,2,8,5
3.5,1754156461,6751,33614.72,-28877.07,4737.65,1,881,2,8,5
1.22,1754156487,7450,41989.59,-349.74,41639.85,0,881,2,8,5
1.15,1754156506,6587,29353.96,-643.73,28710.23,0,881,2,8,5
1.54,1754156520,6397,27581.61,-1884.19,25697.42,0,882,2,8,5
1.31,1754156535,5675,34310.27,-540.6,33769.67,0,882,2,8,5
1.34,1754156554,5122,28393.33,-842.57,27550.76,0,882,2,8,5
673.04,1754156564,5776,31312.79,-180592.32,-149279.53,1,882,2,8,5
11.34,1754156657,7391,33451.78,-90588.21,-57136.43,1,884,2,8,5
1.78,1754156697,8002,38696.82,-4317.65,34379.17,0,884,2,8,5
206.15,1754156718,5478,32330.19,-166818.83,-134488.64,1,885,2,8,5
1.59,1754156794,7688,43909.69,-2093.07,41816.62,0,886,2,8,5
1.14,1754156820,7852,99895.15,-474.05,99421.1,0,887,2,8,5
1.65,1754156837,5407,30712.97,-2817.95,27895.02,0,887,2,8,5
3.72,1754156845,6108,28915.77,-27047.82,1867.95,1,887,2,8,5
1.03,1754156871,7105,35638.35,-24.85,35613.5,0,887,2,8,5
2.95,1754156891,5381,29792.6,-20124.97,9667.63,1,888,2,8,5
2.09,1754156912,6674,28528.41,-10015.78,18512.63,1,888,2,8,5
32.94,1754156940,6246,42767.3,-148715.08,-105947.78,1,889,2,8,5
1.6,1754156992,7211,42451.72,-3679.06,38772.66,0,889,2,8,5
2.41,1754157010,5040,42206.97,-18574.75,23632.22,1,890,2,8,5
1.38,1754157027,7204,44412.89,-1207.7,43205.19,0,890,2,8,5
1.09,1754157048,6068,38170.6,-151.06,38019.54,0,890,2,8,5
1.37,1754157058,5535,30546.87,-1241.28,29305.59,0,890,2,8,5
5.69,1754157075,5396,31686.01,-54068.12,-22382.11,1,891,2,8,5
1.91,1754157105,8172,47704.26,-7610.26,40094.0,0,891,2,8,5
3.66,1754157126,5911,46577.78,-50674.76,-4096.98,1,892,2,8,5
2.43,1754157154,7985,39727.81,-24755.68,14972.13,1,892,2,8,5
1.24,1754157180,6245,41190.81,-667.45,40523.36,0,893,2,8,5
39.38,1754157199,6321,40885.3,-141023.84,-100138.54,1,893,2,8,5
1.23,1754157256,8006,50329.96,-614.0,49715.96,0,894,2,8,5
2.37,1754157272,5568,45388.6,-23019.89,22368.71,1,894,2,8,5
3.22,1754157288,6884,39030.82,-35954.51,3076.31,1,894,2,8,5
1.58,1754157320,6354,49023.98,-5383.45,43640.53,0,895,2,8,5
1.0,1754157339,6335,35174.43,-0.0,35174.43,0,895,2,8,5
23.52,1754157353,5754,38418.22,-132434.54,-94016.32,1,895,2,8,5
5.47,1754157398,8802,51068.07,-84069.16,-33001.09,1,896,2,8,5
1.21,1754157432,6730,38467.17,-814.87,37652.3,0,897,2,8,5
1.58,1754157452,5879,28778.17,-3428.97,25349.2,0,897,2,8,5
1.39,1754157468,5460,46264.2,-748.03,45516.17,0,897,2,8,5
1.85,1754157483,6159,35236.95,-8485.14,26751.81,0,898,2,8,5
1.43,1754157504,5393,43455.45,-2603.5,40851.95,0,898,2,8,5
2.3,1754157517,5921,37712.43,-19851.32,17861.11,1,898,2,8,5
2.13,1754157538,6945,43897.33,-24724.51,19172.82,1,898,2,8,5
2.83,1754157563,6082,40321.65,-38991.76,1329.89,1,899,2,8,5
17.82,1754157581,8253,48844.57,-138699.66,-89855.09,1,899,2,8,5
1.15,1754157628,8333,44257.75,-729.33,43528.42,0,900,2,8,5
38.82,1754157649,6187,29684.2,-127054.29,-97370.09,1,900,2,8,5
9.12,1754157702,7777,38424.29,-86217.09,-47792.8,1,901,2,8,5
1.62,1754157745,7824,49447.1,-3262.62,46184.48,0,902,2,8,5
3.6,1754157765,6237,42355.58,-41606.14,749.44,1,902,2,8,5
1.23,1754157788,8193,47786.66,-452.81,47333.85,0,903,2,8,5
2.81,1754157809,6557,44484.2,-40433.44,4050.76,1,903,2,8,5
2.11,1754157828,6652,32718.28,-14348.24,18370.04,1,903,2,8,5
3.31,1754157849,6483,40528.81,-45532.32,-5003.51,1,904,2,8,5
7.29,1754157874,8552,52171.89,-99630.9,-47459.01,1,904,2,8,5
9.56,1754157915,8947,47078.2,-113691.62,-66613.42,1,905,2,8,5
3.31,1754157956,8433,48042.16,-43301.59,4740.57,1,905,2,8,5
1.12,1754157978,5495,42933.65,-150.09,42783.56,0,906,2,8,5
1.06,1754157993,5586,34019.53,-7.62,34011.91,0,906,2,8,5
3.69,1754158006,5549,41581.86,-43924.89,-2343.03,1,906,2,8,5
2.47,1754158027,4675,62641.17,-44751.89,17889.28,1,907,2,8,5
2.53,1754158063,6420,198890.42,-98686.45,100203.97,1,907,2,8,5
1.29,1754158074,6456,673129.17,-13626.14,659503.03,0,907,2,8,5
1.09,1754158094,6210,488961.6,-13958.7,475002.9,0,908,2,8,5
1.46,1754158107,6322,584509.68,-27718.67,556791.01,0,908,2,8,5
1.33,1754158122,6868,605064.46,-18543.91,586520.55,0,908,2,8,5
1.72,1754158135,6073,605205.44,-109569.08,495636.36,0,908,2,8,5
19.12,1754158167,6488,31216.31,-100232.38,-69016.07,1,909,2,8,5
5.7,1754158205,8194,45726.12,-79810.08,-34083.96,1,910,2,8,5
21.86,1754158238,8589,43811.66,-141497.48,-97685.82,1,910,2,8,5
1.14,1754158287,7384,42764.62,-443.77,42320.85,0,911,2,8,5
23.97,1754158305,5962,36014.28,-137341.4,-101327.12,1,911,2,8,5
3.42,1754158355,8712,41832.94,-42817.35,-984.41,1,912,2,8,5
1.2,1754158383,449,2270203.06,-33978.76,2236224.3,0,913,2,8,5
2.75,1754158407,6496,35267.54,-20761.53,14506.01,1,913,2,8,5
1.24,1754158421,7740,41498.93,-904.76,40594.17,0,913,2,8,5
1.08,1754158438,36,29618290.62,-74015.14,29544275.48,0,913,2,8,5
1.25,1754158462,6014,32217.59,-473.2,31744.39,0,914,2,8,5
4.31,1754158472,6014,28124.78,-41443.19,-13318.41,1,914,2,8,5
10.3,1754158487,8313,40699.59,-104653.07,-63953.48,1,914,2,8,5
1.23,1754158534,7357,39950.18,-738.98,39211.2,0,915,2,8,5
1.07,1754158552,55,11601403.34,-46284.91,11555118.43,0,915,2,8,5
1.99,1754158575,2693,121079.11,-29565.05,91514.06,0,916,2,8,5
1.85,1754158591,9043,106587.23,-27274.45,79312.78,0,916,2,8,5
9.31,1754158617,6570,32776.75,-77690.71,-44913.96,1,916,2,8,5
12.26,1754158643,8999,44730.98,-124384.68,-79653.7,1,917,2,8,5
1.46,1754158691,8758,41144.25,-2268.04,38876.21,0,918,2,8,5
3.22,1754158709,6374,30432.52,-25448.99,4983.53,1,918,2,8,5
3.62,1754158730,7840,41317.26,-54877.41,-13560.15,1,918,2,8,5
1.21,1754158757,7268,34131.89,-422.82,33709.07,0,919,2,8,5
16.23,1754158777,5909,41831.18,-127882.93,-86051.75,1,919,2,8,5
1.94,1754158822,8433,40993.25,-8167.68,32825.57,0,920,2,8,5
1.28,1754158845,68,13579819.36,-246584.57,13333234.79,0,920,2,8,5
1.5,1754158869,6744,32003.51,-1812.69,30190.82,0,921,2,8,5
1.29,1754158879,2660,131227.13,-3959.66,127267.47,0,921,2,8,5
1.38,1754158896,4060,40074.7,-1666.37,38408.33,0,921,2,8,5
6.24,1754158910,6937,31467.94,-61580.1,-30112.16,1,921,2,8,5
1.51,1754158935,8801,46834.99,-3175.02,43659.97,0,922,2,8,5
15.42,1754158962,6778,37643.18,-114566.9,-76923.72,1,922,2,8,5
6.94,1754159002,7679,35584.9,-76604.97,-41020.07,1,923,2,8,5
2.05,1754159044,8161,41341.35,-12345.35,28996.0,1,924,2,8,5
8.33,1754159068,5724,41692.1,-98168.57,-56476.47,1,924,2,8,5
1.95,1754159106,8423,41954.26,-9081.37,32872.89,0,925,2,8,5
2.09,1754159131,6149,34157.17,-11761.6,22395.57,1,925,2,8,5
4.09,1754159149,6670,36983.6,-51234.53,-14250.93,1,925,2,8,5
3.05,1754159172,8914,48033.94,-48244.55,-210.61,1,926,2,8,5
1.01,1754159204,25,45394592.36,-0.0,45394592.36,0,926,2,8,5
16.73,1754159230,6554,36618.21,-117576.24,-80958.03,1,927,2,8,5
1.58,1754159262,8852,46156.39,-4511.83,41644.56,0,927,2,8,5
4.08,1754159285,5843,48632.64,-58642.67,-10010.03,1,928,2,8,5
1.87,1754159307,8153,36983.9,-8421.14,28562.76,0,928,2,8,5
7.23,1754159335,6351,44798.15,-99340.68,-54542.53,1,928,2,8,5
1.22,1754159371,7975,35143.9,-739.28,34404.62,0,929,2,8,5
6.36,1754159388,5437,46129.65,-101803.27,-55673.62,1,929,2,8,5
1.59,1754159424,7492,31362.39,-4243.47,27118.92,0,930,2,8,5
2.46,1754159444,6578,42163.81,-23989.33,18174.48,1,930,2,8,5
4.06,1754159471,6526,28300.26,-35195.33,-6895.07,1,931,2,8,5
1.05,1754159490,4458,37683.68,-6.54,37677.14,0,931,2,8,5
1.22,1754159509,7437,36332.93,-340.55,35992.38,0,931,2,8,5
8.74,1754159533,6326,37408.44,-93745.66,-56337.22,1,932,2,8,5
1.43,1754159572,6486,35509.13,-1868.93,33640.2,0,932,2,8,5
4.7,1754159589,3919,26411.34,-42301.17,-15889.83,1,933,2,8,5
1.25,1754159618,6378,32779.93,-1119.97,31659.96,0,933,2,8,5
7.62,1754159634,4909,37461.1,-90743.62,-53282.52,1,933,2,8,5
1.07,1754159673,8913,90110.91,-570.43,89540.48,0,934,2,8,5
10.54,1754159699,6194,39408.13,-115462.62,-76054.49,1,934,2,8,5
1.12,1754159732,4718,44290.79,-160.66,44130.13,0,935,2,8,5
1.4,1754159745,10126,118664.49,-2896.3,115768.19,0,935,2,8,5
3.43,1754159775,3017,42760.58,-48577.48,-5816.9,1,936,2,8,5
9.3,1754159788,8111,41705.26,-109981.55,-68276.29,1,936,2,8,5
6.18,1754159826,8428,41626.95,-83706.39,-42079.44,1,937,2,8,5
1.15,1754159854,6712,36243.42,-2117.41,34126.01,0,937,2,8,5
1.79,1754159888,4991,29276.47,-2994.42,26282.05,0,938,2,8,5
1.0,1754159906,204,4614054.87,-0.0,4614054.87,0,938,2,8,5
3.41,1754159933,1943,413350.12,-437811.19,-24461.07,1,938,2,8,5
1.81,1754159958,6714,50060.96,-9359.93,40701.03,0,939,2,8,5
1.51,1754159972,2060,229233.43,-19717.52,209515.91,0,939,2,8,5
1.29,1754159992,6370,34142.66,-1210.54,32932.12,0,939,2,8,5
6.35,1754160003,6494,36634.43,-78576.81,-41942.38,1,940,2,8,5
11.96,1754160026,8413,38932.01,-111261.56,-72329.55,1,940,2,8,5
2.97,1754160075,7852,218269.17,-241655.47,-23386.3,1,941,2,8,5
1.0,1754160088,7852,1984144.81,-0.0,1984144.81,0,941,2,8,5
3.51,1754160093,7852,204743.31,-289906.26,-85162.95,1,941,2,8,5
2.09,1754160119,7852,148926.94,-88368.77,60558.17,1,941,2,8,5
6.8,1754160137,7852,31760.85,-63564.34,-31803.49,1,942,2,8,5
1.84,1754160170,7852,79704.19,-29476.27,50227.92,0,942,2,8,5
72.9,1754160187,7852,105513.79,-230780.93,-125267.14,1,943,2,8,5
1.27,1754160249,5737,26600.15,-1497.76,25102.39,0,944,2,8,5
5.95,1754160278,4382,23551.76,-48861.19,-25309.43,1,944,2,8,5
2.04,1754160313,6912,24911.1,-7769.69,17141.41,1,945,2,8,5
1.4,1754160340,4115,29281.37,-1151.1,28130.27,0,945,2,8,5
1.07,1754160353,5803,28744.3,-335.47,28408.83,0,945,2,8,5
2.93,1754160375,3444,23060.58,-16648.58,6412.0,1,946,2,8,5
1.64,1754160402,6610,28829.43,-4128.85,24700.58,0,946,2,8,5
1.11,1754160426,1948,52610.79,-1400.87,51209.92,0,947,2,8,5
1.06,1754160446,6135,28094.41,-142.68,27951.73,0,947,2,8,5
3.53,1754160470,5707,29789.34,-35587.97,-5798.63,1,947,2,8,5
1.04,1754160494,7570,33246.74,-48.66,33198.08,0,948,2,8,5
1.3,1754160516,4476,21327.68,-595.54,20732.14,0,948,2,8,5
2.37,1754160525,2948,32320.12,-14128.93,18191.19,1,948,2,8,5
2.11,1754160563,6112,25473.05,-11204.76,14268.29,1,949,2,8,5
2.05,1754160586,5683,32579.15,-15177.7,17401.45,1,949,2,8,5
2.52,1754160608,5721,27697.95,-20587.85,7110.1,1,950,2,8,5
3.31,1754160627,7758,38092.37,-47018.4,-8926.03,1,950,2,8,5
1.53,1754160656,7001,31538.31,-3063.61,28474.7,0,950,2,8,5
1.31,1754160677,6317,29413.42,-1094.46,28318.96,0,951,2,8,5
1.01,1754160696,948,711332.16,-0.0,711332.16,0,951,2,8,5
1.45,1754160719,4198,39063.11,-2062.55,37000.56,0,951,2,8,5
1.79,1754160731,6039,30485.86,-7432.0,23053.86,0,952,2,8,5
1.69,1754160745,5654,34669.94,-7752.21,26917.73,0,952,2,8,5
2.41,1754160766,6691,35518.42,-25068.47,10449.95,1,952,2,8,5
2.06,1754160788,6997,37313.26,-20993.38,16319.88,1,953,2,8,5
1.68,1754160816,6177,33097.29,-6339.43,26757.86,0,953,2,8,5
1.51,1754160831,6355,34498.4,-5068.1,29430.3,0,953,2,8,5
2.02,1754160847,6004,33287.61,-17751.11,15536.5,1,954,2,8,5
1.79,1754160867,6632,38619.97,-10557.98,28061.99,0,954,2,8,5
1.16,1754160889,5726,39654.37,-535.83,39118.54,0,954,2,8,5
1.7,1754160901,5457,36517.19,-10487.12,26030.07,0,955,2,8,5
4.53,1754160917,5204,36534.02,-54720.46,-18186.44,1,955,2,8,5
1.04,1754160948,6277,34313.83,-64.37,34249.46,0,955,2,8,5
2.4,1754160962,5218,31027.01,-22705.87,8321.14,1,956,2,8,5
1.05,1754160980,5363,30330.39,-78.45,30251.94,0,956,2,8,5
11.73,1754160994,5310,36578.0,-92697.07,-56119.07,1,956,2,8,5
1.33,1754161034,5911,31650.11,-1915.61,29734.5,0,957,2,8,5
1.13,1754161053,5813,38896.17,-951.07,37945.1,0,957,2,8,5
1.11,1754161068,5512,37490.1,-294.95,37195.15,0,957,2,8,5
1.51,1754161082,5065,34785.09,-2945.22,31839.87,0,958,2,8,5
88.57,1754161095,4840,34016.32,-129784.12,-95767.8,1,958,2,8,5
1.0,1754161161,6666,30536.28,-0.0,30536.28,0,959,2,8,5
1.29,1754161176,5069,30131.83,-1114.76,29017.07,0,959,2,8,5
8.95,1754161189,5449,30005.22,-75165.03,-45159.81,1,959,2,8,5
1.0,1754161229,6882,30700.28,-0.0,30700.28,0,960,2,8,5
1.52,1754161242,3611,22081.82,-1265.39,20816.43,0,960,2,8,5
7.47,1754161257,6888,39241.14,-92630.83,-53389.69,1,960,2,8,5
6.41,1754161300,6746,27678.02,-58311.8,-30633.78,1,961,2,8,5
8.55,1754161336,7692,34757.46,-89403.67,-54646.21,1,962,2,8,5
2.78,1754161375,7530,34520.74,-25549.74,8971.0,1,962,2,8,5
2.48,1754161400,5656,28091.64,-19206.68,8884.96,1,963,2,8,5
206.08,1754161419,7933,39028.04,-189147.89,-150119.85,1,963,2,8,5
1.35,1754161499,6792,28047.68,-840.02,27207.66,0,964,2,8,5
2.23,1754161517,4534,23193.23,-9835.88,13357.35,1,965,2,8,5
2.98,1754161537,5249,34123.08,-31374.1,2748.98,1,965,2,8,5
5.82,1754161560,7298,31813.95,-63013.76,-31199.81,1,966,2,8,5
1.67,1754161598,7879,36515.66,-4138.07,32377.59,0,966,2,8,5
5.26,1754161619,5482,27759.65,-54992.4,-27232.75,1,966,2,8,5
1.2,1754161650,983,1197636.07,-20891.54,1176744.53,0,967,2,8,5
1.0,1754161680,5777,37119.98,-0.0,37119.98,0,968,2,8,5
31.43,1754161695,5777,32360.21,-132916.14,-100555.93,1,968,2,8,5
10.8,1754161730,7610,38342.75,-106714.17,-68371.42,1,968,2,8,5
63.91,1754161770,7577,33226.78,-158073.73,-124846.95,1,969,2,8,5
2.23,1754161831,7698,37952.04,-15183.93,22768.11,1,970,2,8,5
1.37,1754161857,28,23370638.96,-699893.45,22670745.51,0,970,2,8,5
58.71,1754161883,5830,28212.42,-139951.97,-111739.55,1,971,2,8,5
9.9,1754161930,7904,41314.97,-104262.07,-62947.1,1,972,2,8,5
1.42,1754161970,8165,42040.28,-2219.38,39820.9,0,972,2,8,5
4.57,1754161996,5698,61256.35,-92687.51,-31431.16,1,973,2,8,5
2.06,1754162016,8659,42848.83,-13880.92,28967.91,1,973,2,8,5
8.86,1754162047,6384,35266.56,-86381.82,-51115.26,1,974,2,8,5
1.41,1754162083,8192,40776.34,-1236.36,39539.98,0,974,2,8,5
1.12,1754162102,1887,506731.81,-3578.45,503153.36,0,975,2,8,5
3.01,1754162131,4111,33960.6,-25210.61,8749.99,1,975,2,8,5
1.7,1754162144,7133,45927.75,-5187.82,40739.93,0,975,2,8,5
2.5,1754162163,6370,30467.5,-21090.05,9377.45,1,976,2,8,5
2.09,1754162179,6942,34260.67,-15569.33,18691.34,1,976,2,8,5
1.03,1754162205,7278,86844.31,-15.93,86828.38,0,976,2,8,5
42.35,1754162229,5693,33086.99,-144542.75,-111455.76,1,977,2,8,5
3.74,1754162276,7888,37632.33,-44926.66,-7294.33,1,977,2,8,5
1.69,1754162310,6008,31754.07,-3789.75,27964.32,0,978,2,8,5
1.18,1754162325,5886,42258.42,-422.41,41836.01,0,978,2,8,5
1.56,1754162341,5838,36773.2,-2705.84,34067.36,0,979,2,8,5
2.52,1754162359,6228,33260.39,-24836.83,8423.56,1,979,2,8,5
1.05,1754162380,751,1376905.25,-1612.69,1375292.56,0,979,2,8,5
16.52,1754162410,6513,32657.73,-103404.95,-70747.22,1,980,2,8,5
3.2,1754162440,8038,40844.73,-45899.92,-5055.19,1,980,2,8,5
228.09,1754162467,6147,29349.48,-147040.67,-117691.19,1,981,2,8,5
3.71,1754162539,7614,40255.43,-48655.32,-8399.89,1,982,2,8,5
1.56,1754162569,6765,36627.45,-2912.31,33715.14,0,982,2,8,5
1.13,1754162586,1054,707380.98,-7700.35,699680.63,0,983,2,8,5
1.27,1754162611,5876,33548.55,-857.59,32690.96,0,983,2,8,5
1.83,1754162624,6252,27171.03,-4978.65,22192.38,0,983,2,8,5
1.0,1754162635,5068,41042.63,-0.0,41042.63,0,983,2,8,5
14.8,1754162649,6259,33097.6,-101752.03,-68654.43,1,984,2,8,5
1.58,1754162690,8738,47723.23,-3606.0,44117.23,0,984,2,8,5
4.06,1754162712,6709,38738.56,-51803.25,-13064.69,1,985,2,8,5
3.83,1754162733,7680,34379.98,-43587.92,-9207.94,1,985,2,8,5
14.18,1754162764,6952,39572.57,-111585.9,-72013.33,1,986,2,8,5
1.4,1754162812,7880,37690.7,-1017.75,36672.95,0,986,2,8,5
1.1,1754162831,1378,533814.61,-4052.1,529762.51,0,987,2,8,5
2.5,1754162858,6927,26628.99,-13889.51,12739.48,1,987,2,8,5
1.0,1754162869,4045,44158.5,-0.0,44158.5,0,987,2,8,5
1.04,1754162887,6180,30936.15,-10.53,30925.62,0,988,2,8,5
2.49,1754162897,6180,37070.63,-30537.74,6532.89,1,988,2,8,5
80.26,1754162910,7027,34367.67,-162373.59,-128005.92,1,988,2,8,5
1.01,1754162978,7849,38927.16,-0.0,38927.16,0,989,2,8,5
10.74,1754162997,5301,34149.0,-94309.71,-60160.71,1,989,2,8,5
3.23,1754163045,7389,38325.92,-39615.34,-1289.42,1,990,2,8,5
1.14,1754163063,5888,37592.63,-1240.61,36352.02,0,991,2,8,5
1.55,1754163082,5867,42013.82,-2023.6,39990.22,0,991,2,8,5
7.39,1754163100,4846,30570.98,-59503.95,-28932.97,1,991,2,8,5
6.96,1754163160,7796,45185.75,-99884.04,-54698.29,1,992,2,8,5
1.05,1754163201,9884,109512.51,-25.32,109487.19,0,993,2,8,5
1.2,1754163234,5721,34114.34,-456.23,33658.11,0,993,2,8,5
7.7,1754163247,6210,35909.73,-84189.66,-48279.93,1,994,2,8,5
1.98,1754163265,8462,50135.48,-7995.86,42139.62,0,994,2,8,5
1.29,1754163290,2781,133280.99,-2430.99,130850.0,0,994,2,8,5
1.22,1754163310,4837,45509.74,-868.49,44641.25,0,995,2,8,5
6.63,1754163325,6152,32199.93,-69672.06,-37472.13,1,995,2,8,5
1.03,1754163350,8278,40487.75,-11.18,40476.57,0,995,2,8,5
1.32,1754163372,2020,178378.3,-3075.57,175302.73,0,996,2,8,5
1.0,1754163394,6477,28629.49,-0.0,28629.49,0,996,2,8,5
12.71,1754163405,6477,38212.03,-112677.76,-74465.73,1,996,2,8,5
1.02,1754163441,9753,97278.28,-54.47,97223.81,0,997,2,8,5
15.07,1754163475,5579,35510.2,-115789.17,-80278.97,1,997,2,8,5
1.22,1754163498,7772,33416.0,-428.31,32987.69,0,998,2,8,5
2.71,1754163517,5866,42580.5,-25222.02,17358.48,1,998,2,8,5
13.77,1754163540,6502,30690.46,-90659.42,-59968.96,1,999,2,8,5
1.82,1754163582,8021,41508.72,-6767.59,34741.13,0,999,2,8,5
18.11,1754163603,6421,37343.99,-124863.58,-87519.59,1,1000,2,8,5
1.81,1754163650,8365,40739.81,-6402.85,34336.96,0,1000,2,8,5
5.36,1754163673,6805,43916.15,-74953.21,-31037.06,1,1001,2,8,5
5.74,1754163701,8147,36421.91,-68303.34,-31881.43,1,1001,2,8,5
13.6,1754163731,7348,41600.78,-125570.17,-83969.39,1,1002,2,8,5
1.0,1754163782,5126,49589.91,-0.0,49589.91,0,1003,2,8,5
1.07,1754163802,5702,33237.55,-114.23,33123.32,0,1003,2,8,5
2.62,1754163819,6256,34237.23,-17988.97,16248.26,1,1003,2,8,5
1.55,1754163841,6650,42355.31,-3352.6,39002.71,0,1004,2,8,5
1.31,1754163860,1101,867813.9,-33861.11,833952.79,0,1004,2,8,5
1.46,1754163895,6768,207128.03,-27718.67,179409.36,0,1004,2,8,5
2.15,1754163900,2065,233753.92,-103128.36,130625.56,1,1005,2,8,5
1.32,1754163924,5971,41424.47,-1848.85,39575.62,0,1005,2,8,5
2.12,1754163940,3379,35663.65,-13673.39,21990.26,1,1005,2,8,5
2.29,1754163954,5302,33858.8,-22821.13,11037.67,1,1005,2,8,5
2.1,1754163968,7372,38756.49,-20318.45,18438.04,1,1006,2,8,5
1.26,1754163996,1668,414949.68,-14844.48,400105.2,0,1006,2,8,5
1.01,1754164024,6053,33395.66,-0.0,33395.66,0,1007,2,8,5
2.2,1754164039,6151,37812.36,-21007.68,16804.68,1,1007,2,8,5
2.68,1754164060,6871,34992.32,-34040.15,952.17,1,1007,2,8,5
1.0,1754164084,8672,102900.76,-0.0,102900.76,0,1008,2,8,5
12.52,1754164118,6386,35684.73,-95431.67,-59746.94,1,1008,2,8,5
1.32,1754164137,7890,39243.38,-1441.99,37801.39,0,1008,2,8,5
1.69,1754164162,6924,89848.41,-11690.82,78157.59,0,1009,2,8,5
4.17,1754164189,6039,33946.33,-47574.3,-13627.97,1,1009,2,8,5
1.48,1754164206,7322,36330.32,-2510.55,33819.77,0,1010,2,8,5
1.07,1754164227,3653,36316.34,-142.6,36173.74,0,1010,2,8,5
107.99,1754164241,6196,37923.41,-154895.86,-116972.45,1,1010,2,8,5
2.16,1754164303,7384,37148.0,-13165.28,23982.72,1,1011,2,8,5
15.21,1754164328,5140,32534.83,-98438.54,-65903.71,1,1012,2,8,5
1.83,1754164365,7894,39289.55,-6894.87,32394.68,0,1012,2,8,5
1.87,1754164392,5719,35474.84,-6858.63,28616.21,0,1013,2,8,5
1.32,1754164411,6240,35174.19,-1319.07,33855.12,0,1013,2,8,5
1.96,1754164430,6121,32702.27,-8031.36,24670.91,0,1013,2,8,5
3.05,1754164446,6449,36531.73,-31800.27,4731.46,1,1014,2,8,5
3.99,1754164469,5890,41852.16,-59676.72,-17824.56,1,1014,2,8,5
1.29,1754164500,8673,47905.2,-1479.23,46425.97,0,1015,2,8,5
1.44,1754164520,7910,89387.19,-3989.02,85398.17,0,1015,2,8,5
1.77,1754164554,2447,131221.22,-20258.77,110962.45,0,1015,2,8,5
1.42,1754164577,7577,90931.36,-5967.32,84964.04,0,1016,2,8,5
1.93,1754164611,7766,95466.18,-20923.3,74542.88,0,1016,2,8,5
18.81,1754164642,6596,36578.67,-122686.97,-86108.3,1,1017,2,8,5
6.56,1754164673,8264,42829.97,-86148.77,-43318.8,1,1017,2,8,5
1.12,1754164709,2521,232343.71,-1594.54,230749.17,0,1018,2,8,5
2.0,1754164743,1162,611754.6,-149079.09,462675.51,1,1019,2,8,5
6.39,1754164774,5430,32690.93,-67822.44,-35131.51,1,1019,2,8,5
2.51,1754164790,8196,40229.71,-26487.25,13742.46,1,1019,2,8,5
1.0,1754164822,5392,36493.26,-0.0,36493.26,0,1020,2,8,5
5.61,1754164836,5392,32793.55,-56978.15,-24184.6,1,1020,2,8,5
1.9,1754164862,8433,46976.72,-11411.06,35565.66,0,1021,2,8,5
1.26,1754164890,6588,33276.94,-629.78,32647.16,0,1021,2,8,5
1.0,1754164903,6958,36722.49,-0.0,36722.49,0,1021,2,8,5
119.33,1754164918,6958,39775.53,-186273.89,-146498.36,1,1021,2,8,5
1.51,1754164981,7268,38805.79,-3245.31,35560.48,0,1023,2,8,5
1.14,1754165002,4524,32526.1,-450.74,32075.36,0,1023,2,8,5
4.39,1754165017,4915,27422.23,-37562.1,-10139.87,1,1023,2,8,5
1.54,1754165035,7248,38438.25,-4767.07,33671.18,0,1023,2,8,5
1.07,1754165062,6088,27554.99,-100.17,27454.82,0,1024,2,8,5
1.0,1754165077,6337,37163.27,-0.0,37163.27,0,1024,2,8,5
8.99,1754165091,6336,36741.53,-88090.48,-51348.95,1,1024,2,8,5
2.36,1754165121,7989,39933.79,-20675.32,19258.47,1,1025,2,8,5
1.59,1754165146,5530,35546.12,-3843.14,31702.98,0,1025,2,8,5
2.27,1754165165,6703,70542.88,-38236.17,32306.71,1,1026,2,8,5
1.22,1754165202,5823,66513.14,-777.46,65735.68,0,1026,2,8,5
1.0,1754165234,3791,35544.38,-0.0,35544.38,0,1027,2,8,5
2.44,1754165250,6229,38026.58,-23390.1,14636.48,1,1027,2,8,5
1.34,1754165267,8899,119574.51,-6065.13,113509.38,0,1027,2,8,5
2.08,1754165309,5595,39725.46,-16646.52,23078.94,1,1028,2,8,5
1.52,1754165326,5034,38292.9,-4274.44,34018.46,0,1028,2,8,5
1.02,1754165342,842,695547.6,-285.22,695262.38,0,1029,2,8,5
73.76,1754165374,4434,32956.56,-151355.82,-118399.26,1,1029,2,8,5
1.14,1754165421,1867,370857.11,-3295.07,367562.04,0,1030,2,8,5
1.47,1754165458,2968,90523.07,-7412.44,83110.63,0,1030,2,8,5
2.7,1754165485,5227,43029.66,-36276.98,6752.68,1,1031,2,8,5
1.02,1754165504,5680,29436.36,-2162.8,27273.56,0,1031,2,8,5
3.23,1754165517,5124,42770.4,-48299.09,-5528.69,1,1031,2,8,5
2.96,1754165539,1051,413519.93,-326860.71,86659.22,1,1032,2,8,5
1.11,1754165568,5257,40674.04,-184.26,40489.78,0,1032,2,8,5
45.34,1754165585,5257,38870.89,-145628.19,-106757.3,1,1033,2,8,5
2.91,1754165626,6402,35739.04,-26536.57,9202.47,1,1033,2,8,5
1.2,1754165645,862,725711.89,-18585.88,707126.01,0,1034,2,8,5
1.65,1754165679,5370,37053.44,-3003.53,34049.91,0,1034,2,8,5
49.96,1754165694,5370,34322.58,-146857.3,-112534.72,1,1034,2,8,5
9.72,1754165742,7114,39594.5,-90922.05,-51327.55,1,1035,2,8,5
1.0,1754165783,4987,39469.01,-0.0,39469.01,0,1036,2,8,5
1.15,1754165802,6373,27432.82,-553.6,26879.22,0,1036,2,8,5
91.91,1754165817,6373,36664.87,-175952.02,-139287.15,1,1036,2,8,5
1.15,1754165873,3449,48439.12,-381.84,48057.28,0,1037,2,8,5
1.69,1754165896,6276,26881.27,-3019.54,23861.73,0,1038,2,8,5
1.18,1754165911,5946,38848.99,-477.86,38371.13,0,1038,2,8,5
6.01,1754165930,5946,36059.73,-56840.15,-20780.42,1,1038,2,8,5
1.04,1754165953,5877,47303.48,-89.56,47213.92,0,1039,2,8,5
1.15,1754165976,6079,27599.13,-572.97,27026.16,0,1039,2,8,5
3.51,1754165993,7075,29484.78,-25786.69,3698.09,1,1039,2,8,5
2.1,1754166008,464,1968827.23,-852008.65,1116818.58,1,1040,2,8,5
1.73,1754166046,6466,31315.97,-5175.32,26140.65,0,1040,2,8,5
4.48,1754166061,3960,33221.08,-43200.96,-9979.88,1,1041,2,8,5
1.23,1754166083,4978,42114.06,-1024.51,41089.55,0,1041,2,8,5
1.65,1754166103,116,5929534.36,-521667.91,5407866.45,0,1041,2,8,5
4.48,1754166140,7138,30700.06,-44835.46,-14135.4,1,1042,2,8,5
1.0,1754166155,6081,35194.21,-0.0,35194.21,0,1042,2,8,5
1.6,1754166176,6027,31711.91,-2787.48,28924.43,0,1042,2,8,5
8.69,1754166190,6028,31179.7,-72516.96,-41337.26,1,1043,2,8,5
2.87,1754166214,6944,34451.61,-27081.17,7370.44,1,1043,2,8,5
4.49,1754166214,7049,34816.58,-53601.37,-18784.79,1,1043,2,8,5
3.77,1754166309,7368,36608.55,-46448.0,-9839.45,1,1045,2,8,5
5.35,1754166335,7415,34069.73,-60797.5,-26727.77,1,1045,2,8,5
1.38,1754166372,6411,29824.56,-923.3,28901.26,0,1046,2,8,5
9.61,1754166386,5216,24972.14,-67383.26,-42411.12,1,1046,2,8,5
2.97,1754166423,7998,39088.83,-31669.55,7419.28,1,1047,2,8,5
1.03,1754166450,7548,75097.38,-88.26,75009.12,0,1047,2,8,5
1.44,1754166472,3566,37255.82,-1102.48,36153.34,0,1047,2,8,5
11.67,1754166482,6320,29198.74,-77245.6,-48046.86,1,1048,2,8,5
2.5,1754166518,8149,38425.01,-27412.52,11012.49,1,1048,2,8,5
1.52,1754166544,4613,19996.2,-1366.66,18629.54,0,1049,2,8,5
1.74,1754166553,6401,26760.87,-4728.98,22031.89,0,1049,2,8,5
1.0,1754166578,58,9829576.47,-0.0,9829576.47,0,1049,2,8,5
1.35,1754166598,3656,41989.19,-1031.14,40958.05,0,1049,2,8,5
8.32,1754166603,6001,33763.56,-77998.05,-44234.49,1,1050,2,8,5
1.02,1754166638,7763,41405.35,-14.78,41390.57,0,1050,2,8,5
3.42,1754166655,6223,35719.09,-41002.79,-5283.7,1,1050,2,8,5
3.05,1754166680,5683,36998.07,-38091.69,-1093.62,1,1051,2,8,5
300.5,1754166702,7230,39429.12,-196970.7,-157541.58,1,1051,2,8,5
1.05,1754166784,6431,31634.07,-45.58,31588.49,0,1053,2,8,5
1.43,1754166801,4437,32778.53,-3044.19,29734.34,0,1053,2,8,5
2.98,1754166813,6001,29361.5,-23016.35,6345.15,1,1053,2,8,5
1.01,1754166838,6285,36272.67,-0.0,36272.67,0,1053,2,8,5
1.8,1754166853,6010,39169.59,-4169.52,35000.07,0,1054,2,8,5
1.51,1754166884,6372,40841.74,-4587.04,36254.7,0,1054,2,8,5
3.39,1754166902,6249,41262.09,-49289.03,-8026.94,1,1055,2,8,5
2.26,1754166928,6743,37650.62,-26165.4,11485.22,1,1055,2,8,5
3.32,1754166949,6514,39722.52,-46315.67,-6593.15,1,1055,2,8,5
8.99,1754166974,7120,44926.22,-83399.11,-38472.89,1,1056,2,8,5
6.61,1754167012,7197,33369.86,-67836.87,-34467.01,1,1056,2,8,5
1.98,1754167048,7703,37942.7,-9898.81,28043.89,0,1057,2,8,5
1.38,1754167072,4985,28144.19,-654.73,27489.46,0,1057,2,8,5
82.08,1754167083,5253,29190.54,-149040.73,-119850.19,1,1058,2,8,5
2.12,1754167151,7362,42384.5,-18338.92,24045.58,1,1059,2,8,5
8.65,1754167173,4093,28304.36,-54121.85,-25817.49,1,1059,2,8,5
1.17,1754167206,7403,41003.92,-227.56,40776.36,0,1060,2,8,5
1.37,1754167226,5464,34935.93,-1409.44,33526.49,0,1060,2,8,5
2.56,1754167239,6037,34745.17,-23773.91,10971.26,1,1060,2,8,5
1.37,1754167262,6260,41338.96,-829.12,40509.84,0,1061,2,8,5
1.6,1754167281,5773,38174.28,-2845.18,35329.1,0,1061,2,8,5
1.92,1754167295,6314,35865.3,-6139.36,29725.94,0,1061,2,8,5
1.96,1754167315,6637,41962.87,-10445.24,31517.63,0,1061,2,8,5
3.2,1754167336,6601,40322.56,-43961.21,-3638.65,1,1062,2,8,5
1.84,1754167363,6122,34575.16,-9076.36,25498.8,0,1062,2,8,5
1.54,1754167384,4516,34526.93,-3507.93,31019.0,0,1063,2,8,5
1.8,1754167397,6138,39052.64,-10231.23,28821.41,0,1063,2,8,5
1.66,1754167418,5864,43286.65,-8792.14,34494.51,0,1063,2,8,5
1.27,1754167438,5995,51020.55,-2131.06,48889.49,0,1063,2,8,5
2.93,1754167453,5355,40141.9,-36557.96,3583.94,1,1064,2,8,5
1.76,1754167475,5830,47419.58,-11812.45,35607.13,0,1064,2,8,5
1.62,1754167494,5217,40701.36,-11082.93,29618.43,0,1064,2,8,5
1.3,1754167511,4831,38244.24,-1968.03,36276.21,0,1065,2,8,5
19.68,1754167524,4455,33070.0,-95925.28,-62855.28,1,1065,2,8,5
79.23,1754167570,5721,42343.0,-165465.0,-123122.0,1,1066,2,8,5
1.0,1754167635,6197,40591.68,-0.0,40591.68,0,1067,2,8,5
18.52,1754167647,5030,37898.2,-102112.58,-64214.38,1,1067,2,8,5
15.32,1754167690,6416,33007.85,-104050.21,-71042.36,1,1068,2,8,5
15.8,1754167737,6203,29325.63,-99255.06,-69929.43,1,1068,2,8,5
4.0,1754167780,6902,36089.06,-36017.91,71.15,1,1069,2,8,5
1.54,1754167809,6472,34193.72,-1937.1,32256.62,0,1070,2,8,5
2.89,1754167830,5667,33294.18,-26533.88,6760.3,1,1070,2,8,5
4.76,1754167852,6509,37559.69,-50877.42,-13317.73,1,1070,2,8,5
1.15,1754167883,7176,40832.58,-771.1,40061.48,0,1071,2,8,5
1.54,1754167897,5593,39705.67,-5039.95,34665.72,0,1071,2,8,5
1.62,1754167914,5128,40784.6,-6585.87,34198.73,0,1071,2,8,5
1.0,1754167932,5450,45388.35,-0.0,45388.35,0,1072,2,8,5
1.25,1754167943,4838,41609.73,-613.97,40995.76,0,1072,2,8,5
1.49,1754167958,4750,32326.09,-3211.4,29114.69,0,1072,2,8,5
2.39,1754167973,5139,34664.72,-23416.4,11248.32,1,1072,2,8,5
2.59,1754167995,6019,31788.57,-27906.65,3881.92,1,1073,2,8,5
1.0,1754168018,6327,36059.85,-0.0,36059.85,0,1073,2,8,5
2.14,1754168032,4815,34054.08,-14262.25,19791.83,1,1073,2,8,5
2.4,1754168050,5895,44064.42,-39816.2,4248.22,1,1074,2,8,5
2.74,1754168072,5466,32755.12,-30479.86,2275.26,1,1074,2,8,5
7.31,1754168094,6119,32880.39,-64392.77,-31512.38,1,1074,2,8,5
11.99,1754168131,6558,34580.47,-95171.77,-60591.3,1,1075,2,8,5
2.94,1754168170,6849,38334.3,-26972.74,11361.56,1,1076,2,8,5
3.12,1754168196,6273,35262.84,-35689.92,-427.08,1,1076,2,8,5
2.75,1754168221,7014,40056.71,-33214.09,6842.62,1,1077,2,8,5
2.94,1754168245,6447,42787.35,-37974.35,4813.0,1,1077,2,8,5
1.59,1754168270,6854,42845.52,-2455.54,40389.98,0,1077,2,8,5
3.16,1754168291,4858,32643.96,-27071.18,5572.78,1,1078,2,8,5
1.22,1754168316,7174,39100.13,-341.32,38758.81,0,1078,2,8,5
1.19,1754168331,6677,37401.25,-1130.31,36270.94,0,1078,2,8,5
31.66,1754168344,5371,27904.56,-110336.26,-82431.7,1,1079,2,8,5
1.2,1754168395,7129,36586.41,-486.54,36099.87,0,1079,2,8,5
2.54,1754168413,5656,35659.79,-19658.89,16000.9,1,1080,2,8,5
1.12,1754168433,6225,34049.04,-166.65,33882.39,0,1080,2,8,5
1.0,1754168447,5006,37370.1,-0.0,37370.1,0,1080,2,8,5
1.03,1754168474,5127,33671.31,-1289.69,32381.62,0,1081,2,8,5
2.66,1754168486,4556,29974.02,-22835.6,7138.42,1,1081,2,8,5
2.32,1754168506,5255,37031.31,-25948.97,11082.34,1,1081,2,8,5
1.05,1754168532,5673,39253.01,-4.55,39248.46,0,1082,2,8,5
1.62,1754168544,4632,28671.51,-4295.44,24376.07,0,1082,2,8,5
2.08,1754168562,4786,32800.18,-16398.08,16402.1,1,1082,2,8,5
1.91,1754168580,4967,38060.88,-15064.88,22996.0,0,1083,2,8,5
1.09,1754168602,4522,29548.61,-392.48,29156.13,0,1083,2,8,5
3.6,1754168613,4292,27881.73,-33958.72,-6076.99,1,1083,2,8,5
1.03,1754168639,4637,29624.18,-47.39,29576.79,0,1083,2,8,5
3.28,1754168650,3974,25712.67,-28330.9,-2618.23,1,1084,2,8,5
1.65,1754168674,4377,25521.8,-4659.93,20861.87,0,1084,2,8,5
1.0,1754168695,4746,32167.31,-0.0,32167.31,0,1084,2,8,5
30.61,1754168704,4232,33190.73,-120159.75,-86969.02,1,1085,2,8,5
2.33,1754168755,4965,35413.57,-23259.37,12154.2,1,1085,2,8,5
1.01,1754168777,4868,35089.22,-0.0,35089.22,0,1086,2,8,5
1.5,1754168787,4367,28373.72,-1593.83,26779.89,0,1086,2,8,5
11.24,1754168802,4660,40105.56,-87476.79,-47371.23,1,1086,2,8,5
1.62,1754168841,5300,40165.31,-6774.41,33390.9,0,1087,2,8,5
1.0,1754168857,4700,34326.52,-0.0,34326.52,0,1087,2,8,5
2.23,1754168867,4823,34753.1,-19398.55,15354.55,1,1087,2,8,5
1.59,1754168889,4766,35445.39,-5435.26,30010.13,0,1088,2,8,5
1.38,1754168906,4309,31278.44,-2310.67,28967.77,0,1088,2,8,5
1.4,1754168920,4482,34285.58,-3264.44,31021.14,0,1088,2,8,5
1.88,1754168935,3962,28436.23,-9032.13,19404.1,0,1088,2,8,5
1.95,1754168951,3977,33814.3,-10481.45,23332.85,0,1089,2,8,5
1.9,1754168969,3913,35412.93,-14126.9,21286.03,0,1089,2,8,5
1.57,1754168990,3821,29392.61,-5450.84,23941.77,0,1089,2,8,5
1.15,1754169005,3583,30690.07,-771.5,29918.57,0,1090,2,8,5
3.11,1754169016,3240,27503.87,-22183.41,5320.46,1,1090,2,8,5
1.56,1754169040,3800,28733.99,-3993.09,24740.9,0,1090,2,8,5
1.24,1754169057,3441,28455.18,-495.3,27959.88,0,1090,2,8,5
2.96,1754169069,2985,37740.93,-31838.35,5902.58,1,1091,2,8,5
1.22,1754169095,3305,31180.46,-199.3,30981.16,0,1091,2,8,5
1.68,1754169107,2931,38053.08,-8728.13,29324.95,0,1091,2,8,5
1.04,1754169125,3172,28234.66,-3.52,28231.14,0,1092,2,8,5
3.29,1754169137,2776,35976.65,-34478.61,1498.04,1,1092,2,8,5
2.09,1754169162,3104,27929.4,-13254.82,14674.58,1,1092,2,8,5
1.98,1754169182,3175,32373.54,-12870.86,19502.68,0,1093,2,8,5
8.82,1754169200,2963,39255.49,-75850.08,-36594.59,1,1093,2,8,5
6.02,1754169236,3567,29823.68,-50882.92,-21059.24,1,1093,2,8,5
2.08,1754169268,3635,21651.2,-7841.91,13809.29,1,1094,2,8,5
4.56,1754169291,3667,26668.98,-38388.22,-11719.24,1,1094,2,8,5
2.33,1754169321,4072,35987.91,-26907.9,9080.01,1,1095,2,8,5
4.45,1754169341,4000,37130.91,-51926.5,-14795.59,1,1095,2,8,5
1.94,1754169369,4218,37908.38,-8863.36,29045.02,0,1096,2,8,5
36.5,1754169389,3900,31775.33,-102554.96,-70779.63,1,1096,2,8,5
33.62,1754169444,4363,35296.34,-125919.85,-90623.51,1,1097,2,8,5
2.79,1754169498,4642,32451.89,-22388.6,10063.29,1,1098,2,8,5
1.11,1754169520,4339,29902.03,-136.53,29765.5,0,1098,2,8,5
1.54,1754169533,3887,26174.56,-1329.7,24844.86,0,1098,2,8,5
2.34,1754169551,3807,27586.26,-18717.91,8868.35,1,1099,2,8,5
3.41,1754169571,4428,38710.51,-47908.42,-9197.91,1,1099,2,8,5
1.84,1754169596,4577,31033.64,-5701.84,25331.8,0,1099,2,8,5
1.11,1754169614,4088,32383.36,-180.15,32203.21,0,1100,2,8,5
1.55,1754169626,4112,33309.21,-2531.52,30777.69,0,1100,2,8,5
1.02,1754169644,4010,36882.77,-4.36,36878.41,0,1100,2,8,5
4.55,1754169659,3715,27309.16,-38310.18,-11001.02,1,1100,2,8,5
1.08,1754169688,4635,39083.58,-328.0,38755.58,0,1101,2,8,5
4.39,1754169702,3847,36022.05,-51544.58,-15522.53,1,1101,2,8,5
1.7,1754169729,3949,23732.31,-4363.18,19369.13,0,1102,2,8,5
3.51,1754169748,4433,40229.27,-50926.41,-10697.14,1,1102,2,8,5
2.18,1754169774,3849,26489.1,-13244.94,13244.16,1,1102,2,8,5
1.14,1754169795,4435,39676.94,-1253.35,38423.59,0,1103,2,8,5
2.27,1754169806,4034,38607.86,-24248.06,14359.8,1,1103,2,8,5
1.55,1754169828,4239,39296.47,-3114.19,36182.28,0,1103,2,8,5
4.62,1754169843,4053,37258.3,-63532.38,-26274.08,1,1104,2,8,5
1.38,1754169872,3820,32470.15,-2389.22,30080.93,0,1104,2,8,5
1.72,1754169887,4182,35456.09,-5621.14,29834.95,0,1104,2,8,5
1.45,1754169905,3872,35415.48,-2476.21,32939.27,0,1105,2,8,5
1.86,1754169919,3469,24757.71,-8034.41,16723.3,0,1105,2,8,5
1.05,1754169938,3439,33685.89,-2.18,33683.71,0,1105,2,8,5
2.15,1754169948,3020,26233.7,-14764.06,11469.64,1,1105,2,8,5
2.1,1754169967,3292,29287.0,-17508.96,11778.04,1,1106,2,8,5
1.12,1754169986,3318,26334.2,-93.3,26240.9,0,1106,2,8,5
1.08,1754169999,2826,39368.36,-471.9,38896.46,0,1106,2,8,5
2.0,1754170011,2587,38917.88,-12002.13,26915.75,1,1106,2,8,5
2.12,1754170031,2846,41008.24,-25293.86,15714.38,1,1107,2,8,5
5.28,1754170053,2655,31672.9,-40738.54,-9065.64,1,1107,2,8,5
7.91,1754170083,3343,25127.04,-51532.38,-26405.34,1,1108,2,8,5
1.0,1754170121,3709,29394.47,-0.0,29394.47,0,1108,2,8,5
1.97,1754170133,3209,25356.1,-5528.4,19827.7,0,1108,2,8,5
3.29,1754170154,3410,25129.09,-23403.92,1725.17,1,1109,2,8,5
1.17,1754170181,3679,27445.51,-166.35,27279.16,0,1109,2,8,5
1.06,1754170196,3130,28273.67,-3.98,28269.69,0,1109,2,8,5
2.11,1754170206,3035,33543.17,-16181.3,17361.87,1,1110,2,8,5
2.48,1754170227,2864,34846.79,-21875.04,12971.75,1,1110,2,8,5
1.06,1754170251,3059,23450.45,-39.95,23410.5,0,1110,2,8,5
7.04,1754170264,2589,32372.91,-51518.87,-19145.96,1,1111,2,8,5
1.18,1754170299,3201,26121.26,-485.51,25635.75,0,1111,2,8,5
1.06,1754170312,3024,27549.2,-30.37,27518.83,0,1111,2,8,5
28.03,1754170322,2782,34713.56,-115744.25,-81030.69,1,1112,2,8,5
1.09,1754170376,3346,25348.85,-52.52,25296.33,0,1112,2,8,5
1.57,1754170385,2970,35260.07,-3874.91,31385.16,0,1113,2,8,5
1.02,1754170403,3194,25463.6,-5.28,25458.32,0,1113,2,8,5
3.79,1754170414,2790,41896.99,-42835.09,-938.1,1,1113,2,8,5
3.31,1754170441,3075,31962.89,-27598.89,4364.0,1,1114,2,8,5
1.37,1754170466,3221,24772.52,-2239.96,22532.56,0,1114,2,8,5
1.53,1754170484,2791,34261.75,-4922.38,29339.37,0,1114,2,8,5
2.57,1754170500,2837,40510.8,-29222.94,11287.86,1,1115,2,8,5
8.26,1754170521,3131,28488.56,-54853.85,-26365.29,1,1115,2,8,5
1.53,1754170555,3111,21334.54,-2045.63,19288.91,0,1115,2,8,5
3.86,1754170574,2813,35581.18,-39187.9,-3606.72,1,1116,2,8,5
2.28,1754170600,3294,28193.58,-20135.29,8058.29,1,1116,2,8,5
11.7,1754170620,3012,21781.3,-49056.99,-27275.69,1,1117,2,8,5
1.59,1754170665,3497,25606.48,-2641.84,22964.64,0,1117,2,8,5
5.2,1754170679,3259,28308.14,-42579.79,-14271.65,1,1117,2,8,5
1.01,1754170710,3676,29908.89,-0.0,29908.89,0,1118,2,8,5
1.48,1754170720,3389,31836.22,-2391.89,29444.33,0,1118,2,8,5
1.64,1754170735,3157,26105.32,-3802.4,22302.92,0,1118,2,8,5
1.21,1754170755,3056,28183.56,-326.34,27857.22,0,1119,2,8,5
1.44,1754170768,2675,39650.34,-2977.07,36673.27,0,1119,2,8,5
1.93,1754170783,2507,34659.75,-10028.74,24631.01,0,1119,2,8,5
3.01,1754170802,2581,37584.03,-28633.3,8950.73,1,1120,2,8,5
1.31,1754170825,2822,34053.67,-1642.35,32411.32,0,1120,2,8,5
2.01,1754170840,2400,35154.24,-15356.95,19797.29,1,1120,2,8,5
1.54,1754170858,2312,26487.44,-4603.71,21883.73,0,1120,2,8,5
1.66,1754170873,2494,41843.51,-4753.64,37089.87,0,1121,2,8,5
1.62,1754170893,2235,31802.1,-7052.97,24749.13,0,1121,2,8,5
8.09,1754170908,2097,36059.47,-58332.39,-22272.92,1,1121,2,8,5
1.09,1754170945,2584,32575.52,-36.74,32538.78,0,1122,2,8,5
1.45,1754170956,2301,31532.83,-1778.17,29754.66,0,1122,2,8,5
7.39,1754170971,2143,28112.91,-53259.59,-25146.68,1,1122,2,8,5
1.27,1754171007,2522,33932.68,-791.23,33141.45,0,1123,2,8,5
2.29,1754171019,2309,34286.97,-16366.82,17920.15,1,1123,2,8,5
1.43,1754171040,2391,26799.5,-3183.17,23616.33,0,1124,2,8,5
1.2,1754171056,2543,38989.34,-768.05,38221.29,0,1124,2,8,5
1.06,1754171067,2236,35484.46,-6.12,35478.34,0,1124,2,8,5
1.08,1754171078,1947,57767.86,-581.11,57186.75,0,1124,2,8,5
2.83,1754171090,1719,39200.34,-29953.38,9246.96,1,1124,2,8,5
1.29,1754171115,2040,27511.94,-1673.64,25838.3,0,1125,2,8,5
1.28,1754171126,1728,43390.17,-3000.11,40390.06,0,1125,2,8,5
1.53,1754171141,1541,42620.81,-6706.38,35914.43,0,1125,2,8,5
1.65,1754171154,1586,44750.92,-10018.51,34732.41,0,1125,2,8,5
1.69,1754171173,1664,41542.69,-9124.14,32418.55,0,1126,2,8,5
52.67,1754171189,1618,39615.99,-145375.01,-105759.02,1,1126,2,8,5
3.15,1754171247,2216,29895.93,-30553.19,-657.26,1,1127,2,8,5
1.65,1754171269,2272,29743.82,-6152.45,23591.37,0,1127,2,8,5
4.14,1754171286,2115,30949.68,-38132.58,-7182.9,1,1128,2,8,5
1.33,1754171313,2476,32870.02,-2388.04,30481.98,0,1128,2,8,5
2.25,1754171329,2397,33111.12,-21013.1,12098.02,1,1128,2,8,5
22.15,1754171350,2155,27817.29,-65758.14,-37940.85,1,1129,2,8,5
1.69,1754171397,2622,30893.13,-6266.82,24626.31,0,1129,2,8,5
2.06,1754171416,2589,33766.97,-11956.87,21810.1,1,1130,2,8,5
1.93,1754171434,2566,36040.36,-12525.65,23514.71,0,1130,2,8,5
1.1,1754171452,2595,34620.7,-103.58,34517.12,0,1130,2,8,5
1.06,1754171463,2226,30951.69,-9.74,30941.95,0,1131,2,8,5
2.62,1754171475,2003,26868.43,-17155.19,9713.24,1,1131,2,8,5
3.8,1754171497,2347,34426.08,-37861.26,-3435.18,1,1131,2,8,5
2.44,1754171524,2461,30382.73,-23949.66,6433.07,1,1132,2,8,5
1.1,1754171546,2446,33511.15,-126.26,33384.89,0,1132,2,8,5
6.23,1754171559,2102,23522.82,-42950.58,-19427.76,1,1132,2,8,5
1.13,1754171591,2597,33786.75,-227.81,33558.94,0,1133,2,8,5
1.59,1754171603,2437,30135.11,-4784.5,25350.61,0,1133,2,8,5
1.01,1754171619,2254,26592.46,-0.0,26592.46,0,1133,2,8,5
3.86,1754171630,2053,31300.82,-35175.97,-3875.15,1,1133,2,8,5
15.92,1754171658,2329,29334.27,-72402.46,-43068.19,1,1134,2,8,5
1.31,1754171703,2569,30262.91,-2087.71,28175.2,0,1135,2,8,5
1.23,1754171716,2281,28295.43,-1709.7,26585.73,0,1135,2,8,5
12.71,1754171728,2160,28233.11,-65474.15,-37241.04,1,1135,2,8,5
1.28,1754171769,2645,30961.91,-2243.54,28718.37,0,1136,2,8,5
1.07,1754171785,2333,24312.24,-18.54,24293.7,0,1136,2,8,5
2.13,1754171797,2471,32340.88,-14390.05,17950.83,1,1136,2,8,5
2.63,1754171816,2476,29671.32,-22627.76,7043.56,1,1136,2,8,5
1.04,1754171838,2538,32686.35,-38.48,32647.87,0,1137,2,8,5
32.0,1754171850,2136,21657.37,-79914.92,-58257.55,1,1137,2,8,5
15.19,1754171901,2668,26376.61,-74256.74,-47880.13,1,1138,2,8,5
1.05,1754171947,2748,30765.66,-89.96,30675.7,0,1139,2,8,5
1.18,1754171959,2482,31616.17,-917.4,30698.77,0,1139,2,8,5
1.61,1754171975,2393,27688.14,-3595.07,24093.07,0,1139,2,8,5
2.76,1754171989,2521,33528.31,-24555.84,8972.47,1,1139,2,8,5
1.0,1754172013,2820,37165.85,-0.0,37165.85,0,1140,2,8,5
1.95,1754172024,2486,30751.16,-8220.61,22530.55,0,1140,2,8,5
1.28,1754172041,2461,27782.05,-682.26,27099.79,0,1140,2,8,5
2.42,1754172054,2294,33098.1,-21611.07,11487.03,1,1140,2,8,5
1.14,1754172076,2291,32597.04,-632.77,31964.27,0,1141,2,8,5
1.02,1754172089,1940,39205.26,-2162.8,37042.46,0,1141,2,8,5
10.63,1754172100,1805,41356.29,-96328.75,-54972.46,1,1141,2,8,5
3.95,1754172140,2293,27559.1,-29842.54,-2283.44,1,1142,2,8,5
11.83,1754172165,2363,27934.05,-70730.57,-42796.52,1,1142,2,8,5
1.25,1754172207,2662,27481.42,-475.3,27006.12,0,1143,2,8,5
1.82,1754172219,2371,28605.4,-4769.17,23836.23,0,1143,2,8,5
2.57,1754172237,2542,34327.4,-21133.24,13194.16,1,1143,2,8,5
1.17,1754172261,2753,37572.51,-656.95,36915.56,0,1144,2,8,5
1.92,1754172273,2415,28918.23,-7568.74,21349.49,0,1144,2,8,5
7.75,1754172296,2530,34378.4,-66202.39,-31823.99,1,1144,2,8,5
19.79,1754172332,2652,34912.46,-96929.93,-62017.47,1,1145,2,8,5
2.82,1754172380,2865,35740.99,-24627.92,11113.07,1,1146,2,8,5
3.67,1754172401,2817,36968.25,-40985.64,-4017.39,1,1146,2,8,5
11.79,1754172430,3022,26673.53,-61670.57,-34997.04,1,1147,2,8,5
4.66,1754172469,3145,27239.32,-37942.37,-10703.05,1,1147,2,8,5
1009.67,1754172498,3183,23804.92,-111177.85,-87372.93,1,1148,2,8,5
2.65,1754172595,3387,24466.23,-14532.28,9933.95,1,1149,2,8,5
2.42,1754172618,3253,32060.98,-14898.77,17162.21,1,1150,2,8,5
25.53,1754172638,3374,31383.16,-85484.6,-54101.44,1,1150,2,8,5
1.12,1754172689,3718,29319.46,-300.67,29018.79,0,1151,2,8,5
41.5,1754172701,2944,37500.91,-146464.27,-108963.36,1,1151,2,8,5
2.58,1754172760,3781,25376.41,-12954.0,12422.41,1,1152,2,8,5
5.77,1754172782,3799,35122.28,-46271.89,-11149.61,1,1153,2,8,5
24.57,1754172814,4057,37584.14,-105374.37,-67790.23,1,1153,2,8,5
1.85,1754172864,4142,36674.0,-3221.6,33452.4,0,1154,2,8,5
1.7,1754172882,3911,32341.16,-3900.89,28440.27,0,1154,2,8,5
1.16,1754172900,3554,25589.24,-98.42,25490.82,0,1155,2,8,5
1.01,1754172913,3041,23396.25,-0.0,23396.25,0,1155,2,8,5
2.33,1754172921,2897,30913.27,-15762.06,15151.21,1,1155,2,8,5
7.36,1754172946,3653,29381.05,-53457.36,-24076.31,1,1155,2,8,5
1.28,1754172982,4114,31651.59,-466.42,31185.17,0,1156,2,8,5
26.33,1754172991,3435,29759.73,-81567.5,-51807.77,1,1156,2,8,5
1.04,1754173041,4099,27421.19,-3.5,27417.69,0,1157,2,8,5
1.96,1754173054,3739,25950.01,-5634.25,20315.76,0,1157,2,8,5
5.25,1754173072,3752,31320.78,-45589.31,-14268.53,1,1157,2,8,5
1.73,1754173101,4078,29541.33,-3878.97,25662.36,0,1158,2,8,5
2.6,1754173120,3794,32293.62,-21742.57,10551.05,1,1158,2,8,5
4.87,1754173145,3763,27679.19,-39960.15,-12280.96,1,1159,2,8,5
1.01,1754173174,4154,29703.33,-0.0,29703.33,0,1159,2,8,5
4.74,1754173185,3683,33963.41,-39876.37,-5912.96,1,1159,2,8,5
2.67,1754173213,4130,28881.71,-21539.9,7341.81,1,1160,2,8,5
2.97,1754173237,3756,26262.35,-20374.28,5888.07,1,1160,2,8,5
2.8,1754173258,4085,30676.38,-27851.53,2824.85,1,1160,2,8,5
1.0,1754173283,4086,28683.48,-0.0,28683.48,0,1161,2,8,5
1.13,1754173296,3640,30049.91,-154.54,29895.37,0,1161,2,8,5
6.49,1754173303,3182,23776.83,-44797.86,-21021.03,1,1161,2,8,5
2.95,1754173336,3962,29671.09,-28208.29,1462.8,1,1162,2,8,5
1.06,1754173363,3873,28114.62,-212.52,27902.1,0,1162,2,8,5
2.54,1754173375,3226,22675.58,-14750.73,7924.85,1,1162,2,8,5
4.73,1754173396,3705,33953.59,-55520.17,-21566.58,1,1163,2,8,5
28.83,1754173424,3492,22226.49,-76448.62,-54222.13,1,1163,2,8,5
5.12,1754173477,3863,26528.75,-40834.33,-14305.58,1,1164,2,8,5
7.08,1754173509,3908,34424.81,-66595.15,-32170.34,1,1165,2,8,5
2.96,1754173543,4166,28800.28,-19675.88,9124.4,1,1165,2,8,5
2.38,1754173569,4053,34408.57,-19740.54,14668.03,1,1166,2,8,5
2.29,1754173589,4090,37355.59,-24938.74,12416.85,1,1166,2,8,5
1.02,1754173610,4033,31632.51,-8.72,31623.79,0,1166,2,8,5
10.15,1754173623,3459,31029.81,-65079.82,-34050.01,1,1167,2,8,5
1.02,1754173660,4341,32745.01,-7.04,32737.97,0,1167,2,8,5
1.72,1754173675,3986,29656.43,-4180.28,25476.15,0,1167,2,8,5
1.37,1754173692,3744,28456.92,-664.75,27792.17,0,1168,2,8,5
1.85,1754173704,3283,24135.6,-6834.56,17301.04,0,1168,2,8,5
1.38,1754173724,3408,30468.74,-1498.0,28970.74,0,1168,2,8,5
1.08,1754173737,3012,26120.9,-80.72,26040.18,0,1168,2,8,5
3.48,1754173745,2726,31779.8,-30577.19,1202.61,1,1169,2,8,5
1.81,1754173774,3516,26913.11,-5171.75,21741.36,0,1169,2,8,5
2.79,1754173796,3268,27643.65,-24991.66,2651.99,1,1169,2,8,5
62.71,1754173813,3218,26321.48,-102361.96,-76040.48,1,1170,2,8,5
1.0,1754173875,3708,25508.59,-0.0,25508.59,0,1171,2,8,5
2.88,1754173888,3364,29690.96,-27756.26,1934.7,1,1171,2,8,5
3.69,1754173911,3689,34641.22,-35722.65,-1081.43,1,1171,2,8,5
1.15,1754173940,3681,27749.32,-245.29,27504.03,0,1172,2,8,5
6.53,1754173952,3617,30388.31,-58972.12,-28583.81,1,1172,2,8,5
1.98,1754173985,4046,37028.52,-7653.72,29374.8,0,1173,2,8,5
1.87,1754174007,3949,31769.91,-5704.31,26065.6,0,1173,2,8,5
1.04,1754174022,3702,34151.17,-39.68,34111.49,0,1173,2,8,5
1.6,1754174035,3242,26743.36,-2130.0,24613.36,0,1173,2,8,5
1.89,1754174054,3137,24170.2,-5988.98,18181.22,0,1174,2,8,5
7.19,1754174068,3147,31694.32,-48416.46,-16722.14,1,1174,2,8,5
1.26,1754174103,3700,33685.26,-1198.61,32486.65,0,1175,2,8,5
74.97,1754174115,3206,33256.34,-111976.21,-78719.87,1,1175,2,8,5
54.8,1754174180,3624,25360.69,-107982.55,-82621.86,1,1176,2,8,5
1.08,1754174241,3894,35683.6,-226.77,35456.83,0,1177,2,8,5
7.84,1754174254,3312,27678.04,-48798.72,-21120.68,1,1177,2,8,5
1.13,1754174286,3902,35828.99,-400.03,35428.96,0,1178,2,8,5
1.25,1754174301,3718,35633.0,-808.13,34824.87,0,1178,2,8,5
1.17,1754174314,3246,28994.25,-386.13,28608.12,0,1178,2,8,5
6.8,1754174329,2895,31760.85,-63564.34,-31803.49,1,1178,2,8,5
1.04,1754174363,3791,25669.16,-4660.79,21008.37,0,1179,2,8,5
1.6,1754174378,3423,25652.82,-2587.26,23065.56,0,1179,2,8,5
1.59,1754174392,3370,32727.2,-3223.73,29503.47,0,1179,2,8,5
3.87,1754174408,3454,37344.39,-42202.96,-4858.57,1,1180,2,8,5
1.21,1754174437,3491,26869.17,-648.63,26220.54,0,1180,2,8,5
5.34,1754174451,3051,26222.95,-39600.87,-13377.92,1,1180,2,8,5
2.79,1754174482,3406,26151.76,-17558.79,8592.97,1,1181,2,8,5
1.21,1754174506,3665,34090.2,-152.28,33937.92,0,1181,2,8,5
1.0,1754174522,3411,34366.02,-0.0,34366.02,0,1182,2,8,5
2.29,1754174533,3125,32767.1,-15558.1,17209.0,1,1182,2,8,5
3.19,1754174553,3392,33307.34,-37130.81,-3823.47,1,1182,2,8,5
4.99,1754174575,3177,31533.82,-49222.57,-17688.75,1,1182,2,8,5
1.98,1754174605,3562,30433.82,-5952.04,24481.78,0,1183,2,8,5
3.56,1754174626,3223,29099.35,-28995.94,103.41,1,1183,2,8,5
1.31,1754174651,3629,34963.5,-589.66,34373.84,0,1184,2,8,5
3.73,1754174668,3354,28530.2,-41537.55,-13007.35,1,1184,2,8,5
4.82,1754174699,3157,23805.28,-39889.46,-16084.18,1,1184,2,8,5
1.09,1754174723,3604,32141.63,-104.94,32036.69,0,1185,2,8,5
1.04,1754174739,3327,25797.51,-5.66,25791.85,0,1185,2,8,5
1.22,1754174748,3048,27088.05,-520.25,26567.8,0,1185,2,8,5
1.28,1754174762,2767,40488.65,-1452.63,39036.02,0,1186,2,8,5
9.19,1754174779,2546,36089.55,-78006.32,-41916.77,1,1186,2,8,5
1.01,1754174820,3293,27623.14,-0.0,27623.14,0,1187,2,8,5
70.84,1754174828,2839,44302.24,-176324.92,-132022.68,1,1187,2,8,5
7.43,1754174892,3213,29186.1,-44729.24,-15543.14,1,1188,2,8,5
1.76,1754174928,3357,27989.23,-3393.94,24595.29,0,1188,2,8,5
1.07,1754174945,3227,28713.67,-60.11,28653.56,0,1189,2,8,5
2.25,1754174959,2931,39869.24,-16145.83,23723.41,1,1189,2,8,5
2.58,1754174987,3358,32525.17,-23113.73,9411.44,1,1189,2,8,5
2.35,1754175004,3269,29148.77,-18442.26,10706.51,1,1190,2,8,5
2.27,1754175027,3394,33317.14,-20496.88,12820.26,1,1190,2,8,5
2.02,1754175046,1,381533922.06,-121294097.91,260239824.15,1,1190,2,8,5
1.03,1754175075,93,3173370.14,-980.19,3172389.95,0,1191,2,8,5
2.48,1754175089,2874,40773.48,-25819.71,14953.77,1,1191,2,8,5
3.21,1754175100,3152,31173.92,-31149.07,24.85,1,1191,2,8,5
3.4,1754175125,3348,29113.03,-37405.25,-8292.22,1,1192,2,8,5
2.52,1754175154,3379,30077.03,-24096.4,5980.63,1,1192,2,8,5
35.5,1754175176,3335,25148.15,-82694.16,-57546.01,1,1192,2,8,5
43.49,1754175236,3490,29495.23,-116235.12,-86739.89,1,1193,2,8,5
1.29,1754175287,3682,27538.71,-530.8,27007.91,0,1194,2,8,5
2.76,1754175302,2929,35592.63,-24290.0,11302.63,1,1195,2,8,5
5.63,1754175329,3455,28694.06,-48984.38,-20290.32,1,1195,2,8,5
1.6,1754175355,3661,34135.82,-2492.41,31643.41,0,1195,2,8,5
1.19,1754175371,3426,29938.55,-134.98,29803.57,0,1196,2,8,5
10.24,1754175385,3092,32294.42,-59589.22,-27294.8,1,1196,2,8,5
2.44,1754175425,3861,33537.14,-21163.56,12373.58,1,1197,2,8,5
1.73,1754175444,3549,34389.15,-5464.65,28924.5,0,1197,2,8,5
1.04,1754175461,3345,24538.84,-59.47,24479.37,0,1197,2,8,5
1.41,1754175475,3392,29694.42,-2264.74,27429.68,0,1197,2,8,5
1.17,1754175490,3106,30055.43,-373.86,29681.57,0,1198,2,8,5
1.56,1754175500,2758,39177.3,-3417.32,35759.98,0,1198,2,8,5
1.62,1754175517,2820,37164.79,-6710.43,30454.36,0,1198,2,8,5
1.73,1754175539,2788,34701.47,-9459.95,25241.52,0,1198,2,8,5
1.0,1754175557,2838,39633.52,-0.0,39633.52,0,1199,2,8,5
1.78,1754175571,2649,35106.95,-6162.76,28944.19,0,1199,2,8,5
1.18,1754175586,2613,39417.79,-756.19,38661.6,0,1199,2,8,5
1.11,1754175601,2359,35299.17,-108.68,35190.49,0,1200,2,8,5
4.54,1754175614,2138,28013.0,-32865.86,-4852.86,1,1200,2,8,5
1.1,1754175642,2918,37196.35,-57.24,37139.11,0,1200,2,8,5
7.99,1754175656,2508,32298.03,-65778.96,-33480.93,1,1200,2,8,5
4.08,1754175692,2811,33650.13,-42861.64,-9211.51,1,1201,2,8,5
1.63,1754175722,3127,24114.93,-3227.96,20886.97,0,1202,2,8,5
3.89,1754175738,2977,42884.6,-53520.35,-10635.75,1,1202,2,8,5
8.22,1754175764,3167,33968.99,-63821.11,-29852.12,1,1202,2,8,5
49.77,1754175801,3133,27393.67,-100799.53,-73405.86,1,1203,2,8,5
2.42,1754175854,3521,33283.78,-15700.27,17583.51,1,1204,2,8,5
1.99,1754175880,3352,31465.58,-8912.51,22553.07,0,1204,2,8,5
1.22,1754175902,3251,28473.32,-467.32,28006.0,0,1205,2,8,5
1.0,1754175913,2820,34546.5,-0.0,34546.5,0,1205,2,8,5
1.63,1754175927,2775,34790.48,-3727.22,31063.26,0,1205,2,8,5
2.62,1754175945,2803,31624.13,-19546.52,12077.61,1,1205,2,8,5
9.73,1754175968,3280,25622.35,-55469.29,-29846.94,1,1206,2,8,5
1.21,1754176009,5636,65228.37,-718.94,64509.43,0,1206,2,8,5
2.55,1754176028,2996,38493.07,-23839.31,14653.76,1,1207,2,8,5
2.19,1754176046,3434,28418.77,-19382.93,9035.84,1,1207,2,8,5
1.46,1754176069,3146,24695.56,-2715.32,21980.24,0,1207,2,8,5
1.44,1754176085,3163,29793.05,-2546.65,27246.4,0,1208,2,8,5
3.73,1754176102,2852,43425.99,-51649.26,-8223.27,1,1208,2,8,5
4.53,1754176133,3354,32036.66,-51125.13,-19088.47,1,1208,2,8,5
2.04,1754176161,3151,25189.01,-9131.87,16057.14,1,1209,2,8,5
4.01,1754176185,3199,30301.97,-46213.55,-15911.58,1,1209,2,8,5
1.0,1754176211,3467,35696.13,-0.0,35696.13,0,1210,2,8,5
65.87,1754176222,2926,36251.13,-181591.34,-145340.21,1,1210,2,8,5
16.75,1754176288,3569,33399.27,-81909.55,-48510.28,1,1211,2,8,5
1.22,1754176335,3575,29376.66,-574.2,28802.46,0,1212,2,8,5
7.6,1754176346,3081,27618.42,-52168.86,-24550.44,1,1212,2,8,5
1.26,1754176386,3687,32325.81,-336.0,31989.81,0,1213,2,8,5
1.44,1754176397,3491,32085.3,-1069.64,31015.66,0,1213,2,8,5
47.93,1754176413,3252,30625.94,-113350.13,-82724.19,1,1213,2,8,5
11.03,1754176472,3762,30490.4,-77934.75,-47444.35,1,1214,2,8,5
1.08,1754176509,3494,26688.15,-155.44,26532.71,0,1215,2,8,5
5.83,1754176525,3005,24112.19,-36906.6,-12794.41,1,1215,2,8,5
19.01,1754176553,3653,34735.68,-91901.43,-57165.75,1,1215,2,8,5
4.62,1754176603,3731,33817.93,-44213.55,-10395.62,1,1216,2,8,5
2.71,1754176632,3839,35710.14,-23761.77,11948.37,1,1217,2,8,5
1.69,1754176656,3712,33895.95,-5836.22,28059.73,0,1217,2,8,5
2.62,1754176677,3505,34514.21,-24520.93,9993.28,1,1217,2,8,5
5.79,1754176696,3837,37106.92,-62063.09,-24956.17,1,1218,2,8,5
2.18,1754176732,4009,35283.28,-13441.88,21841.4,1,1218,2,8,5
2.35,1754176756,3887,39160.73,-20392.72,18768.01,1,1219,2,8,5
1.62,1754176779,3848,39929.11,-7306.68,32622.43,0,1219,2,8,5
1.16,1754176796,3673,33687.4,-332.72,33354.68,0,1219,2,8,5
1.0,1754176807,3080,30094.44,-0.0,30094.44,0,1220,2,8,5
2.91,1754176816,2860,34146.88,-24158.13,9988.75,1,1220,2,8,5
26.98,1754176842,3629,30031.52,-94806.21,-64774.69,1,1220,2,8,5
1.72,1754176893,3863,32264.47,-4588.37,27676.1,0,1221,2,8,5
1.66,1754176910,3389,26747.29,-5014.55,21732.74,0,1221,2,8,5
5.65,1754176928,3282,36326.04,-55760.49,-19434.45,1,1222,2,8,5
1.76,1754176961,4027,39283.82,-6085.19,33198.63,0,1222,2,8,5
1.16,1754176979,3614,31378.93,-276.23,31102.7,0,1222,2,8,5
1.06,1754176991,3450,38671.57,-92.04,38579.53,0,1223,2,8,5
1.12,1754177002,3064,26710.0,-340.74,26369.26,0,1223,2,8,5
1.59,1754177016,2694,33442.37,-3488.36,29954.01,0,1223,2,8,5
1.02,1754177034,71,2932781.61,-1265.4,2931516.21,0,1223,2,8,5
1.61,1754177051,2465,33667.43,-3784.26,29883.17,0,1224,2,8,5
1.2,1754177061,2491,30146.6,-572.72,29573.88,0,1224,2,8,5
5.05,1754177073,2311,26454.43,-41203.59,-14749.16,1,1224,2,8,5
1.79,1754177104,3030,26271.18,-8635.89,17635.29,0,1225,2,8,5
1.68,1754177121,2845,36193.54,-6759.4,29434.14,0,1225,2,8,5
7.12,1754177138,2594,33040.23,-67235.64,-34195.41,1,1225,2,8,5
2.49,1754177173,3027,22188.55,-13369.22,8819.33,1,1226,2,8,5
4.2,1754177192,3041,25423.25,-33119.73,-7696.48,1,1226,2,8,5
19.86,1754177218,3266,32412.35,-80160.64,-47748.29,1,1226,2,8,5
1.0,1754177268,3292,27068.79,-0.0,27068.79,0,1227,2,8,5
1.84,1754177278,2852,37893.56,-8039.13,29854.43,0,1227,2,8,5
14.06,1754177297,2961,42097.92,-109692.22,-67594.3,1,1228,2,8,5
1.94,1754177340,3390,35419.91,-7338.04,28081.87,0,1229,2,8,5
1.75,1754177358,3062,26283.46,-5938.6,20344.86,0,1229,2,8,5
7.2,1754177376,3293,37364.86,-67968.91,-30604.05,1,1229,2,8,5
2.43,1754177411,3301,31301.87,-19469.2,11832.67,1,1230,2,8,5
1.35,1754177431,3279,26783.5,-2049.41,24734.09,0,1230,2,8,5
1.28,1754177447,2879,37740.85,-1998.19,35742.66,0,1230,2,8,5
1.0,1754177463,3119,28503.68,-0.0,28503.68,0,1231,2,8,5
1.25,1754177473,4419,59197.91,-1053.42,58144.49,0,1231,2,8,5
1.28,1754177492,2462,31614.97,-1398.44,30216.53,0,1231,2,8,5
1.08,1754177501,2243,28676.83,-320.75,28356.08,0,1231,2,8,5
13.52,1754177516,2129,26539.62,-80511.37,-53971.75,1,1231,2,8,5
2.8,1754177558,2983,42039.65,-30054.03,11985.62,1,1232,2,8,5
1.77,1754177578,2912,45465.86,-9687.16,35778.7,0,1232,2,8,5
1.01,1754177595,2645,38259.11,-0.0,38259.11,0,1233,2,8,5
2.32,1754177605,2365,31674.06,-17779.92,13894.14,1,1233,2,8,5
2.05,1754177624,2814,48448.8,-29704.03,18744.77,1,1233,2,8,5
1.13,1754177642,2514,38872.55,-778.96,38093.59,0,1234,2,8,5
1.48,1754177657,2125,28061.51,-2583.72,25477.79,0,1234,2,8,5
1.01,1754177670,2352,38765.4,-0.0,38765.4,0,1234,2,8,5
22.1,1754177678,1998,72755.07,-239184.31,-166429.24,1,1234,2,8,5
1.12,1754177732,2651,39100.79,-338.1,38762.69,0,1235,2,8,5
9.29,1754177741,2227,35726.16,-74119.78,-38393.62,1,1235,2,8,5
3.23,1754177783,2586,33361.72,-31694.52,1667.2,1,1236,2,8,5
2.56,1754177804,2721,39805.04,-33040.7,6764.34,1,1236,2,8,5
4.2,1754177829,2788,39694.69,-54415.87,-14721.18,1,1237,2,8,5
1.2,1754177857,2993,41233.36,-397.28,40836.08,0,1237,2,8,5
2.04,1754177868,2626,39878.73,-13409.03,26469.7,1,1237,2,8,5
1.47,1754177886,2845,40484.33,-2463.11,38021.22,0,1238,2,8,5
1.12,1754177903,2718,41492.3,-387.98,41104.32,0,1238,2,8,5
2.61,1754177912,2229,35735.81,-24550.98,11184.83,1,1238,2,8,5
1.56,1754177934,2555,38160.2,-5424.75,32735.45,0,1238,2,8,5
6.18,1754177953,2294,30161.9,-57009.98,-26848.08,1,1239,2,8,5
1.05,1754177987,2499,36103.24,-3.32,36099.92,0,1239,2,8,5
1.42,1754177997,2480,39893.7,-2681.05,37212.65,0,1239,2,8,5
1.5,1754178013,2325,34850.81,-4806.87,30043.94,0,1240,2,8,5
2024.92,1754178026,2135,31494.01,-151334.8,-119840.79,1,1240,2,8,5
2.88,1754178127,2713,37729.29,-26384.2,11345.09,1,1242,2,8,5
2.57,1754178155,4245,55585.8,-40243.56,15342.24,1,1242,2,8,5
261.19,1754178182,2639,44032.76,-177049.38,-133016.62,1,1243,2,8,5
1.2,1754178256,2917,39087.51,-411.69,38675.82,0,1244,2,8,5
2.87,1754178273,2442,36225.75,-21022.63,15203.12,1,1244,2,8,5
1.48,1754178288,2920,43653.52,-3095.54,40557.98,0,1244,2,8,5
3.47,1754178305,2787,47311.28,-53472.16,-6160.88,1,1245,2,8,5
1.6,1754178332,2656,44550.59,-3928.46,40622.13,0,1245,2,8,5
1.19,1754178349,2955,44262.45,-161.72,44100.73,0,1245,2,8,5
2.55,1754178361,2504,43154.24,-26786.82,16367.42,1,1246,2,8,5
6.25,1754178380,2673,40085.94,-61879.76,-21793.82,1,1246,2,8,5
4.46,1754178416,2888,42748.46,-67615.36,-24866.9,1,1246,2,8,5
1.05,1754178446,2980,45835.94,-54.48,45781.46,0,1247,2,8,5
1.41,1754178456,2510,34679.63,-766.37,33913.26,0,1247,2,8,5
6.0,1754178473,2561,37900.46,-61444.76,-23544.3,1,1247,2,8,5
2.75,1754178508,3067,29577.09,-22361.52,7215.57,1,1248,2,8,5
1.03,1754178522,2927,42971.06,-14.34,42956.72,0,1248,2,8,5
1.0,1754178539,2468,33303.38,-0.0,33303.38,0,1248,2,8,5
4.2,1754178549,2600,39459.62,-57002.25,-17542.63,1,1249,2,8,5
1.32,1754178577,302,1056000.34,-21590.53,1034409.81,0,1249,2,8,5
1.0,1754178596,1848,110069.04,-0.0,110069.04,0,1249,2,8,5
1.61,1754178608,2531,44104.16,-4598.98,39505.18,0,1250,2,8,5
6.6,1754178616,2358,41885.26,-65717.2,-23831.94,1,1250,2,8,5
1.23,1754178649,2599,30513.64,-527.91,29985.73,0,1250,2,8,5
1.88,1754178665,2262,27273.33,-5650.05,21623.28,0,1251,2,8,5
2.8,1754178683,2336,33660.14,-23432.36,10227.78,1,1251,2,8,5
1.0,1754178703,2457,33048.49,-0.0,33048.49,0,1251,2,8,5
3.03,1754178719,2134,27763.29,-24413.75,3349.54,1,1251,2,8,5
2.89,1754178740,93,1695131.85,-1519875.52,175256.33,1,1252,2,8,5
2.34,1754178768,49,4049001.1,-2561053.21,1487947.89,1,1252,2,8,5
1.69,1754178788,2398,40058.98,-5111.42,34947.56,0,1253,2,8,5
2.95,1754178800,2286,34130.3,-29440.57,4689.73,1,1253,2,8,5
506.05,1754178822,2503,37417.22,-157876.98,-120459.76,1,1253,2,8,5
2.1,1754178913,2659,38309.65,-9241.32,29068.33,1,1255,2,8,5
2.57,1754178932,2486,34384.07,-26378.37,8005.7,1,1255,2,8,5
1.72,1754178953,2661,39909.85,-5889.25,34020.6,0,1255,2,8,5
1.3,1754178972,2493,37219.53,-1301.6,35917.93,0,1256,2,8,5
1.47,1754178987,2295,30175.59,-3165.01,27010.58,0,1256,2,8,5
1.06,1754179003,2238,29513.64,-1.44,29512.2,0,1256,2,8,5
1.0,1754179013,2062,28089.32,-0.0,28089.32,0,1256,2,8,5
1.58,1754179023,2057,30462.48,-2441.21,28021.27,0,1257,2,8,5
8.62,1754179043,2026,33121.94,-56027.27,-22905.33,1,1257,2,8,5
5.52,1754179079,2602,40050.62,-63310.73,-23260.11,1,1257,2,8,5
1.39,1754179109,2692,36485.57,-1545.05,34940.52,0,1258,2,8,5
1.0,1754179127,2259,28816.58,-0.0,28816.58,0,1258,2,8,5
2.19,1754179136,2189,30771.22,-13083.32,17687.9,1,1258,2,8,5
9.1,1754179156,2522,43937.39,-97247.26,-53309.87,1,1259,2,8,5
5.81,1754179194,2570,37353.2,-63580.91,-26227.71,1,1259,2,8,5
3.46,1754179225,2720,40848.56,-42088.9,-1240.34,1,1260,2,8,5
31.69,1754179253,2714,37235.17,-124387.23,-87152.06,1,1260,2,8,5
1.59,1754179304,1,260756012.0,-13710796.0,247045216.0,0,1261,2,8,5
1.2,1754179324,2415,33779.68,-361.54,33418.14,0,1262,2,8,5
1.46,1754179339,2268,33296.27,-2102.37,31193.9,0,1262,2,8,5
1.53,1754179345,2224,25901.32,-1997.47,23903.85,0,1262,2,8,5
2.8,1754179362,2198,29138.7,-20570.83,8567.87,1,1262,2,8,5
1.94,1754179382,2741,42899.24,-9520.54,33378.7,0,1263,2,8,5
1.63,1754179409,2511,33220.4,-4532.52,28687.88,0,1263,2,8,5
3.02,1754179421,2285,35416.38,-30735.26,4681.12,1,1263,2,8,5
1.11,1754179445,2527,38174.64,-290.03,37884.61,0,1264,2,8,5
4.65,1754179460,2123,31428.56,-51483.46,-20054.9,1,1264,2,8,5
2.16,1754179485,2380,33660.03,-16834.08,16825.95,1,1264,2,8,5
3.58,1754179509,3865,60687.83,-69084.25,-8396.42,1,1265,2,8,5
1.0,1754179541,2687,40259.88,-0.0,40259.88,0,1265,2,8,5
1.43,1754179552,263,823852.29,-37563.28,786289.01,0,1265,2,8,5
3.47,1754179571,2166,33472.35,-35194.01,-1721.66,1,1266,2,8,5
1.09,1754179592,2566,44182.15,-404.02,43778.13,0,1266,2,8,5
1.55,1754179603,2152,38923.56,-2896.74,36026.82,0,1266,2,8,5
1.03,1754179616,2193,42195.12,-1289.69,40905.43,0,1266,2,8,5
1.36,1754179627,1898,73693.0,-988.74,72704.26,0,1267,2,8,5
2.1,1754179643,1738,54745.98,-19350.53,35395.45,1,1267,2,8,5
5.25,1754179660,1834,62684.01,-104810.06,-42126.05,1,1267,2,8,5
1.38,1754179697,2112,32911.12,-1890.31,31020.81,0,1268,2,8,5
1.04,1754179709,1812,73127.51,-42.19,73085.32,0,1268,2,8,5
1.91,1754179720,1650,57693.76,-11956.75,45737.01,0,1268,2,8,5
6.84,1754179738,1774,66170.11,-116448.11,-50278.0,1,1268,2,8,5
1.38,1754179771,2133,31234.38,-1302.48,29931.9,0,1269,2,8,5
46.45,1754179784,1801,51548.31,-231062.41,-179514.1,1,1269,2,8,5
4.81,1754179841,2149,29152.32,-41350.57,-12198.25,1,1270,2,8,5
3.02,1754179871,1558,116683.09,-91057.66,25625.43,1,1271,2,8,5
2.79,1754179900,2322,34602.62,-32319.35,2283.27,1,1271,2,8,5
4.53,1754179915,2251,32146.36,-45263.76,-13117.4,1,1271,2,8,5
2.21,1754179943,2444,38827.34,-14923.22,23904.12,1,1272,2,8,5
2.98,1754179964,2326,35052.17,-32155.93,2896.24,1,1272,2,8,5
1.23,1754179985,4073,50962.28,-383.59,50578.69,0,1273,2,8,5
144.93,1754180004,2067,29118.64,-146757.38,-117638.74,1,1273,2,8,5
2.53,1754180067,1529,121736.69,-75037.68,46699.01,1,1274,2,8,5
1.77,1754180096,2412,33593.48,-6626.92,26966.56,0,1274,2,8,5
22.66,1754180107,2298,37006.8,-100965.15,-63958.35,1,1275,2,8,5
7.99,1754180156,2652,42391.96,-99758.86,-57366.9,1,1275,2,8,5
3.61,1754180190,2583,38784.04,-47665.63,-8881.59,1,1276,2,8,5
1.21,1754180218,2786,48991.9,-534.0,48457.9,0,1276,2,8,5
47.75,1754180230,2528,38182.27,-151857.82,-113675.55,1,1277,2,8,5
1.12,1754180293,85,3836268.03,-10079.43,3826188.6,0,1278,2,8,5
1.1,1754180306,580,481290.6,-861.82,480428.78,0,1278,2,8,5
1.11,1754180319,1750,120529.77,-463.53,120066.24,0,1278,2,8,5
2.53,1754180330,2183,32833.75,-14978.52,17855.23,1,1278,2,8,5
1.32,1754180346,2708,48299.96,-1629.99,46669.97,0,1279,2,8,5
12.1,1754180359,2352,40830.02,-84538.36,-43708.34,1,1279,2,8,5
3.66,1754180405,2702,37820.19,-39823.72,-2003.53,1,1280,2,8,5
1.41,1754180433,4533,60643.3,-1629.15,59014.15,0,1280,2,8,5
1.64,1754180446,2623,41113.25,-4294.18,36819.07,0,1280,2,8,5
1.27,1754180458,1454,161490.52,-5068.98,156421.54,0,1280,2,8,5
1.55,1754180477,2434,36544.08,-3830.02,32714.06,0,1281,2,8,5
1.38,1754180493,386,411000.23,-23106.57,387893.66,0,1281,2,8,5
2.02,1754180505,2152,29945.57,-8193.14,21752.43,1,1281,2,8,5
1.63,1754180517,2504,41586.83,-4071.45,37515.38,0,1281,2,8,5
1.24,1754180536,2226,30997.36,-551.55,30445.81,0,1282,2,8,5
6.27,1754180548,1900,54889.75,-96340.17,-41450.42,1,1282,2,8,5
2.88,1754180586,3683,47017.23,-38499.94,8517.29,1,1283,2,8,5
1.38,1754180607,2387,30859.14,-860.57,29998.57,0,1283,2,8,5
2.34,1754180619,2081,26425.43,-12698.44,13726.99,1,1283,2,8,5
1.03,1754180639,2401,32992.75,-1289.69,31703.06,0,1283,2,8,5
2.14,1754180657,2186,34211.94,-16059.17,18152.77,1,1284,2,8,5
1.36,1754180669,1920,62953.73,-3294.63,59659.1,0,1284,2,8,5
1.17,1754180669,2209,39969.03,-844.79,39124.24,0,1284,2,8,5
1.58,1754180739,1898,69173.55,-8170.51,61003.04,0,1285,2,8,5
1.32,1754180754,1874,66665.88,-3879.0,62786.88,0,1285,2,8,5
2.53,1754180769,1708,56812.55,-35463.33,21349.22,1,1286,2,8,5
1.27,1754180790,1945,72211.37,-1153.89,71057.48,0,1286,2,8,5
1.05,1754180803,1686,58685.45,-34.32,58651.13,0,1286,2,8,5
1.61,1754180814,1500,53070.36,-5909.98,47160.38,0,1286,2,8,5
4.17,1754180830,1521,48584.0,-57421.0,-8837.0,1,1287,2,8,5
2.59,1754180857,1821,59427.64,-39026.19,20401.45,1,1287,2,8,5
6.12,1754180880,1901,66289.26,-117772.69,-51483.43,1,1288,2,8,5
1.49,1754180911,2058,26993.77,-2145.39,24848.38,0,1288,2,8,5
1.51,1754180924,1789,49235.48,-5849.02,43386.46,0,1288,2,8,5
1.73,1754180942,1697,52384.55,-10107.59,42276.96,0,1289,2,8,5
1.09,1754180959,1827,61921.65,-6452.63,55469.02,0,1289,2,8,5
4.7,1754180970,1614,58202.26,-76312.72,-18110.46,1,1289,2,8,5
1.88,1754180999,2065,34012.17,-8820.22,25191.95,0,1289,2,8,5
3.08,1754181017,1819,61855.82,-62629.79,-773.97,1,1290,2,8,5
37.32,1754181043,1814,53871.53,-212557.17,-158685.64,1,1290,2,8,5
1.17,1754181097,2157,32097.59,-520.91,31576.68,0,1291,2,8,5
53.12,1754181109,1917,67547.32,-290452.7,-222905.38,1,1291,2,8,5
2.96,1754181168,2198,30473.21,-21442.55,9030.66,1,1292,2,8,5
1.19,1754181190,2088,28412.56,-793.18,27619.38,0,1293,2,8,5
15.28,1754181203,2199,36277.93,-85286.86,-49008.93,1,1293,2,8,5
1.14,1754181248,2441,37635.03,-480.01,37155.02,0,1294,2,8,5
2.0,1754181264,2384,41614.24,-9470.75,32143.49,1,1294,2,8,5
4.27,1754181283,2255,33431.74,-37719.04,-4287.3,1,1294,2,8,5
1.69,1754181312,2548,40959.54,-6721.37,34238.17,0,1295,2,8,5
6.15,1754181331,2535,38249.33,-67654.12,-29404.79,1,1295,2,8,5
1.43,1754181366,2662,44664.32,-3688.69,40975.63,0,1296,2,8,5
1.18,1754181382,2588,41924.92,-396.73,41528.19,0,1296,2,8,5
1.7,1754181394,2275,32742.54,-3153.66,29588.88,0,1296,2,8,5
2.62,1754181410,2259,35620.15,-25062.97,10557.18,1,1296,2,8,5
36.33,1754181432,2449,34736.46,-123356.15,-88619.69,1,1297,2,8,5
1.0,1754181490,2568,34690.59,-0.0,34690.59,0,1298,2,8,5
5.54,1754181503,2343,34124.27,-51026.63,-16902.36,1,1298,2,8,5
5.83,1754181534,2646,43727.91,-70398.31,-26670.4,1,1298,2,8,5
2.3,1754181563,2570,35538.7,-16030.2,19508.5,1,1299,2,8,5
2.68,1754181589,2641,38989.65,-29729.54,9260.11,1,1299,2,8,5
2.72,1754181613,2785,40071.39,-35654.14,4417.25,1,1300,2,8,5
3.19,1754181638,2828,41445.4,-45477.09,-4031.69,1,1300,2,8,5
1.18,1754181662,2836,43514.03,-394.5,43119.53,0,1301,2,8,5
1.32,1754181677,2552,38555.2,-1956.34,36598.86,0,1301,2,8,5
1.69,1754181688,2296,33436.11,-6197.19,27238.92,0,1301,2,8,5
1.02,1754181705,2378,33275.46,-2162.8,31112.66,0,1301,2,8,5
2.02,1754181717,2135,30493.17,-8882.36,21610.81,1,1301,2,8,5
1.43,1754181735,2514,37302.5,-1832.88,35469.62,0,1302,2,8,5
4.5,1754181752,2204,33047.65,-48499.54,-15451.89,1,1302,2,8,5
1.4,1754181783,2356,34799.38,-1236.92,33562.46,0,1303,2,8,5
1.42,1754181799,2499,40209.98,-2055.17,38154.81,0,1303,2,8,5
2.59,1754181814,2212,32402.54,-21265.61,11136.93,1,1303,2,8,5
1.23,1754181835,2252,32400.23,-558.21,31842.02,0,1303,2,8,5
4.02,1754181846,1985,51892.43,-69320.16,-17427.73,1,1304,2,8,5
1.19,1754181876,2074,27841.09,-813.36,27027.73,0,1304,2,8,5
1.92,1754181886,2187,38812.73,-8340.0,30472.73,0,1304,2,8,5
1.1,1754181905,2112,30766.22,-95.42,30670.8,0,1305,2,8,5
1.86,1754181918,1861,61278.71,-17261.98,44016.73,0,1305,2,8,5
1.65,1754181938,1809,50181.97,-10116.16,40065.81,0,1305,2,8,5
1.01,1754181957,1681,51950.17,-0.0,51950.17,0,1305,2,8,5
2.11,1754181967,1556,50518.83,-20024.95,30493.88,1,1306,2,8,5
2.63,1754181984,1688,56055.37,-47638.61,8416.76,1,1306,2,8,5
1.68,1754182007,1844,68642.54,-15117.23,53525.31,0,1306,2,8,5
2.44,1754182022,1607,54732.79,-34362.79,20370.0,1,1307,2,8,5
8.1,1754182043,1731,56165.58,-113540.16,-57374.58,1,1307,2,8,5
6.65,1754182081,1854,51217.65,-96405.31,-45187.66,1,1308,2,8,5
2.5,1754182114,2099,26697.23,-19239.29,7457.94,1,1308,2,8,5
11.58,1754182132,2108,29791.51,-63555.17,-33763.66,1,1308,2,8,5
4.95,1754182174,2213,29157.67,-48031.66,-18873.99,1,1309,2,8,5
1.51,1754182202,2340,33194.0,-2502.83,30691.17,0,1310,2,8,5
2.12,1754182219,2069,28723.08,-11699.27,17023.81,1,1310,2,8,5
47.54,1754182238,2282,31822.58,-115907.74,-84085.16,1,1310,2,8,5
7.02,1754182297,2434,31438.47,-65801.6,-34363.13,1,1311,2,8,5
17.27,1754182333,2540,34026.62,-102246.21,-68219.59,1,1312,2,8,5
1.43,1754182379,2688,34608.12,-997.79,33610.33,0,1312,2,8,5
2.69,1754182398,2325,28937.93,-17300.24,11637.69,1,1313,2,8,5
4.0,1754182419,2632,41785.29,-48610.82,-6825.53,1,1313,2,8,5
1.02,1754182445,2800,40686.96,-2162.8,38524.16,0,1314,2,8,5
2.34,1754182459,2467,34658.33,-19495.6,15162.73,1,1314,2,8,5
1.23,1754182478,2732,40190.29,-741.83,39448.46,0,1314,2,8,5
1.11,1754182495,2582,44652.38,-117.61,44534.77,0,1314,2,8,5
7.43,1754182502,2143,27064.98,-55304.72,-28239.74,1,1315,2,8,5
1.04,1754182540,2604,32236.72,-62.98,32173.74,0,1315,2,8,5
1.34,1754182555,2287,30786.46,-2623.6,28162.86,0,1315,2,8,5
1.12,1754182565,2374,34108.82,-130.0,33978.82,0,1316,2,8,5
1.22,1754182580,2043,27317.03,-1233.49,26083.54,0,1316,2,8,5
4.82,1754182590,1842,46996.51,-63566.1,-16569.59,1,1316,2,8,5
1.21,1754182625,2358,30450.82,-863.61,29587.21,0,1317,2,8,5
2.71,1754182637,2057,27548.49,-20371.33,7177.16,1,1317,2,8,5
1.24,1754182663,2076,26877.08,-1429.41,25447.67,0,1317,2,8,5
7.3,1754182675,2194,31670.32,-70444.03,-38773.71,1,1317,2,8,5
36.0,1754182709,2040,22698.38,-102265.02,-79566.64,1,1318,2,8,5
31.03,1754182763,2408,31224.86,-115126.99,-83902.13,1,1319,2,8,5
2.05,1754182817,2594,33324.88,-9761.43,23563.45,1,1320,2,8,5
4.9,1754182833,2352,32770.93,-52825.9,-20054.97,1,1320,2,8,5
7.44,1754182862,2602,37352.79,-76506.95,-39154.16,1,1321,2,8,5
3.97,1754182900,2746,39011.64,-44215.44,-5203.8,1,1321,2,8,5
1.0,1754182931,2741,38697.56,-0.0,38697.56,0,1322,2,8,5
1.45,1754182944,2297,29810.71,-1960.67,27850.04,0,1322,2,8,5
5.02,1754182958,2208,30672.1,-48469.25,-17797.15,1,1322,2,8,5
2.13,1754182986,2851,41096.77,-15458.0,25638.77,1,1323,2,8,5
1.28,1754183008,2733,39852.65,-1050.52,38802.13,0,1323,2,8,5
4.63,1754183021,2257,26501.72,-39402.55,-12900.83,1,1323,2,8,5
1.27,1754183048,2764,37808.5,-1122.61,36685.89,0,1324,2,8,5
1.7,1754183066,2649,41941.15,-4746.63,37194.52,0,1324,2,8,5
38.26,1754183079,2510,31546.3,-130041.67,-98495.37,1,1324,2,8,5
1.36,1754183134,2866,37163.97,-2533.56,34630.41,0,1325,2,8,5
1.25,1754183155,2493,31388.38,-2232.43,29155.95,0,1325,2,8,5
1.75,1754183168,2590,35106.03,-6074.97,29031.06,0,1326,2,8,5
1.3,1754183182,2556,33198.86,-1692.48,31506.38,0,1326,2,8,5
1.31,1754183201,2294,26832.34,-1303.25,25529.09,0,1326,2,8,5
3.64,1754183212,2130,24503.61,-23732.34,771.27,1,1326,2,8,5
1.12,1754183239,2607,34222.01,-372.51,33849.5,0,1327,2,8,5
2.21,1754183249,2222,26607.88,-14169.31,12438.57,1,1327,2,8,5
3.56,1754183269,2243,25724.93,-28439.61,-2714.68,1,1327,2,8,5
1.1,1754183294,2543,32493.82,-230.41,32263.41,0,1328,2,8,5
14.85,1754183309,2293,29962.98,-82530.12,-52567.14,1,1328,2,8,5
25.43,1754183350,2512,31359.82,-114398.87,-83039.05,1,1329,2,8,5
2.15,1754183400,2553,30754.57,-13392.17,17362.4,1,1330,2,8,5
1.23,1754183421,2531,32331.92,-1421.72,30910.2,0,1330,2,8,5
2.59,1754183434,2294,30914.26,-21093.92,9820.34,1,1330,2,8,5
1.86,1754183457,2625,37128.74,-8344.36,28784.38,0,1330,2,8,5
1.72,1754183478,2688,39814.63,-8593.9,31220.73,0,1331,2,8,5
1.02,1754183495,2423,34089.6,-2.28,34087.32,0,1331,2,8,5
1.22,1754183508,2208,27749.88,-391.76,27358.12,0,1331,2,8,5
4.05,1754183521,2034,27912.52,-33960.87,-6048.35,1,1332,2,8,5
1.49,1754183548,2500,37356.2,-3690.42,33665.78,0,1332,2,8,5
1.71,1754183561,2271,33058.3,-7035.11,26023.19,0,1332,2,8,5
1.31,1754183580,2142,30981.27,-1974.24,29007.03,0,1333,2,8,5
1.63,1754183597,1939,63202.01,-9425.35,53776.66,0,1333,2,8,5
3.28,1754183614,2075,30063.8,-27874.21,2189.59,1,1333,2,8,5
1.48,1754183636,2151,30147.44,-3091.79,27055.65,0,1333,2,8,5
5.63,1754183651,1963,63552.79,-97478.08,-33925.29,1,1334,2,8,5
1.21,1754183683,2162,27540.18,-1500.71,26039.47,0,1334,2,8,5
2.11,1754183695,2226,32402.51,-13589.47,18813.04,1,1334,2,8,5
1.31,1754183714,1918,56365.69,-3977.62,52388.07,0,1335,2,8,5
3.0,1754183727,2080,28942.24,-27816.59,1125.65,1,1335,2,8,5
9.72,1754183751,1826,54112.64,-119506.27,-65393.63,1,1335,2,8,5
1.19,1754183788,2299,34916.02,-680.72,34235.3,0,1336,2,8,5
28.49,1754183800,2117,32596.38,-119022.51,-86426.13,1,1336,2,8,5
1.04,1754183849,2374,34923.89,-10.56,34913.33,0,1337,2,8,5
8.75,1754183864,2252,36094.64,-79605.99,-43511.35,1,1337,2,8,5
22.19,1754183901,2151,28606.21,-103191.2,-74584.99,1,1338,2,8,5
3.64,1754183949,2403,34065.42,-37971.6,-3906.18,1,1339,2,8,5
1.48,1754183975,2529,38300.97,-3477.06,34823.91,0,1339,2,8,5
1.01,1754183995,629,352836.91,-0.0,352836.91,0,1339,2,8,5
1.94,1754184009,2135,30167.77,-5754.63,24413.14,0,1340,2,8,5
1.48,1754184031,2343,32957.98,-3636.12,29321.86,0,1340,2,8,5
1.05,1754184047,2109,29626.52,-7.92,29618.6,0,1340,2,8,5
7.45,1754184059,1944,62353.91,-122318.32,-59964.41,1,1340,2,8,5
43.92,1754184091,2480,39436.03,-152560.59,-113124.56,1,1341,2,8,5
1.5,1754184147,2606,35507.86,-2532.1,32975.76,0,1342,2,8,5
1.79,1754184167,2286,33749.6,-5781.41,27968.19,0,1342,2,8,5
7.62,1754184183,2321,31884.76,-76469.6,-44584.84,1,1343,2,8,5
1.43,1754184219,2816,41187.11,-2772.8,38414.31,0,1343,2,8,5
1.56,1754184234,2488,33527.13,-4903.44,28623.69,0,1343,2,8,5
1.41,1754184250,2648,41384.36,-4466.11,36918.25,0,1344,2,8,5
2.34,1754184268,2380,35441.71,-19836.87,15604.84,1,1344,2,8,5
1.39,1754184286,2583,35917.6,-3324.37,32593.23,0,1344,2,8,5
3.32,1754184303,2291,30525.88,-30796.78,-270.9,1,1345,2,8,5
882.43,1754184329,2330,33437.75,-175319.63,-141881.88,1,1345,2,8,5
28.53,1754184422,2632,33756.15,-137621.09,-103864.94,1,1347,2,8,5
8.8,1754184471,2725,36196.11,-80683.2,-44487.09,1,1347,2,8,5
1.89,1754184505,2785,41288.39,-6191.56,35096.83,0,1348,2,8,5
6.49,1754184530,2417,36526.38,-73751.23,-37224.85,1,1348,2,8,5
2.14,1754184563,2899,45024.65,-15618.28,29406.37,1,1349,2,8,5
2.22,1754184581,2837,43065.36,-24625.17,18440.19,1,1349,2,8,5
1.07,1754184604,994,316740.94,-2474.54,314266.4,0,1350,2,8,5
1.3,1754184626,2235,43586.1,-1334.63,42251.47,0,1350,2,8,5
1.87,1754184634,3652,45630.12,-12467.68,33162.44,0,1350,2,8,5
1.54,1754184650,1334,179353.22,-23309.43,156043.79,0,1350,2,8,5
14.1,1754184667,2279,34185.38,-95990.51,-61805.13,1,1351,2,8,5
1.09,1754184704,2931,39873.82,-254.37,39619.45,0,1351,2,8,5
1.0,1754184720,2225,40800.9,-0.0,40800.9,0,1352,2,8,5
1.77,1754184735,1552,126207.44,-27865.21,98342.23,0,1352,2,8,5
7.7,1754184749,2401,35161.51,-75187.79,-40026.28,1,1352,2,8,5
2.3,1754184781,2799,37011.34,-21003.15,16008.19,1,1353,2,8,5
1058.11,1754184801,2837,37767.92,-195277.53,-157509.61,1,1353,2,8,5
2.09,1754184899,2906,42566.89,-13672.45,28894.44,1,1354,2,8,5
1.97,1754184922,2731,45407.33,-14342.44,31064.89,0,1355,2,8,5
2.58,1754184939,2527,42615.78,-30988.4,11627.38,1,1355,2,8,5
3.42,1754184962,2831,46326.25,-51747.23,-5420.98,1,1356,2,8,5
2.34,1754184989,3031,30960.32,-22617.74,8342.58,1,1356,2,8,5
3.72,1754185009,2995,49596.36,-62050.97,-12454.61,1,1356,2,8,5
1.0,1754185033,3117,30216.38,-0.0,30216.38,0,1357,2,8,5
1.35,1754185047,2749,39868.07,-1390.11,38477.96,0,1357,2,8,5
4.09,1754185061,2450,35825.1,-47382.65,-11557.55,1,1357,2,8,5
18.14,1754185088,3132,30282.37,-76402.38,-46120.01,1,1358,2,8,5
1.47,1754185134,3150,28899.6,-1833.96,27065.64,0,1358,2,8,5
2.47,1754185149,2703,34921.97,-22401.47,12520.5,1,1359,2,8,5
3.65,1754185172,3084,30258.21,-39238.36,-8980.15,1,1359,2,8,5
1.46,1754185196,3050,25894.24,-3675.59,22218.65,0,1359,2,8,5
1.47,1754185209,3059,27089.02,-3090.95,23998.07,0,1360,2,8,5
1.52,1754185224,2957,47580.82,-6570.77,41010.05,0,1360,2,8,5
1.93,1754185245,2706,44500.98,-15481.37,29019.61,0,1360,2,8,5
1.12,1754185265,2822,43737.92,-1038.53,42699.39,0,1361,2,8,5
4.5,1754185281,2449,38307.06,-52680.36,-14373.3,1,1361,2,8,5
4.44,1754185312,2981,46481.52,-70806.13,-24324.61,1,1361,2,8,5
1.17,1754185343,3099,31790.91,-1295.41,30495.5,0,1362,2,8,5
1.23,1754185351,2608,35804.47,-1237.9,34566.57,0,1362,2,8,5
3.34,1754185369,2479,34182.36,-43600.7,-9418.34,1,1362,2,8,5
1.18,1754185407,978,329158.57,-4902.82,324255.75,0,1363,2,8,5
1.29,1754185435,2636,38421.03,-1830.54,36590.49,0,1363,2,8,5
2.14,1754185449,2601,44173.0,-20668.34,23504.66,1,1364,2,8,5
2.3,1754185467,1966,127463.16,-83935.5,43527.66,1,1364,2,8,5
1.65,1754185490,2266,47898.29,-9628.16,38270.13,0,1364,2,8,5
1.06,1754185507,2373,33006.15,-149.08,32857.07,0,1365,2,8,5
1.51,1754185524,2249,46291.89,-4589.02,41702.87,0,1365,2,8,5
12.38,1754185544,3799,49013.25,-125368.15,-76354.9,1,1365,2,8,5
4.73,1754185586,51,4768360.0,-7644688.59,-2876328.59,1,1366,2,8,5
1.57,1754185615,2343,223528.08,-54575.27,168952.81,0,1366,2,8,5
1.04,1754185621,746,234550.14,-55.94,234494.2,0,1367,2,8,5
5.21,1754185647,2187,29893.31,-52461.05,-22567.74,1,1367,2,8,5
2.98,1754185666,2811,44193.4,-42273.96,1919.44,1,1367,2,8,5
2.6,1754185701,740,296809.67,-240013.28,56796.39,1,1368,2,8,5
2.35,1754185727,2560,38028.05,-30775.48,7252.57,1,1368,2,8,5
1.62,1754185747,2390,55686.17,-8273.39,47412.78,0,1369,2,8,5
2.97,1754185772,2799,36928.05,-32330.0,4598.05,1,1369,2,8,5
2.11,1754185791,2345,63942.44,-35585.29,28357.15,1,1369,2,8,5
1.99,1754185810,1526,203572.51,-92954.17,110618.34,0,1370,2,8,5
1.47,1754185840,2388,37797.82,-2987.83,34809.99,0,1370,2,8,5
2.81,1754185858,2545,36775.68,-37443.27,-667.59,1,1370,2,8,5
5.75,1754185877,2681,40468.26,-73485.98,-33017.72,1,1371,2,8,5
1.3,1754185906,1403,161385.84,-6054.63,155331.21,0,1371,2,8,5
1.85,1754185934,2496,42083.75,-8540.92,33542.83,0,1372,2,8,5
1.0,1754185955,2232,57236.77,-0.0,57236.77,0,1372,2,8,5
3.94,1754185968,2232,41077.87,-53639.04,-12561.17,1,1372,2,8,5
1.99,1754185988,2653,43339.06,-12055.21,31283.85,0,1373,2,8,5
1.68,1754186013,2249,33949.95,-6865.39,27084.56,0,1373,2,8,5
1.0,1754186025,3643,45137.75,-0.0,45137.75,0,1373,2,8,5
2.15,1754186043,2016,31738.58,-15989.95,15748.63,1,1374,2,8,5
1.05,1754186055,2155,36290.85,-8.82,36282.03,0,1374,2,8,5
4.43,1754186072,1745,73695.75,-111608.7,-37912.95,1,1374,2,8,5
1.91,1754186100,1962,86321.16,-28434.54,57886.62,0,1375,2,8,5
5.89,1754186118,2200,39307.05,-71473.19,-32166.14,1,1375,2,8,5
8.56,1754186149,3233,41330.32,-89109.95,-47779.63,1,1375,2,8,5
1.88,1754186188,2524,40183.05,-9543.59,30639.46,0,1376,2,8,5
2.81,1754186209,2391,41959.28,-33070.66,8888.62,1,1376,2,8,5
8.46,1754186234,2523,44134.79,-93542.24,-49407.45,1,1377,2,8,5
1.59,1754186272,2390,34267.7,-4034.99,30232.71,0,1377,2,8,5
1.0,1754186291,1966,137985.96,-0.0,137985.96,0,1378,2,8,5
1.04,1754186311,2103,54493.22,-12.89,54480.33,0,1378,2,8,5
1.02,1754186327,1994,81248.64,-2162.8,79085.84,0,1378,2,8,5
7.01,1754186346,1997,78476.95,-168925.62,-90448.67,1,1379,2,8,5
1.36,1754186365,699,409585.77,-19420.12,390165.65,0,1379,2,8,5
1.53,1754186386,1800,119997.04,-12013.94,107983.1,0,1379,2,8,5
1.61,1754186396,2081,35379.17,-6371.11,29008.06,0,1379,2,8,5
1.37,1754186407,2073,38425.1,-2932.39,35492.71,0,1380,2,8,5
1.18,1754186420,2041,35682.12,-601.73,35080.39,0,1380,2,8,5
4.93,1754186437,1825,81482.77,-114110.59,-32627.82,1,1380,2,8,5
1.1,1754186469,3600,52626.25,-567.75,52058.5,0,1381,2,8,5
1.0,1754186484,1569,80344.16,-0.0,80344.16,0,1381,2,8,5
3.85,1754186492,1599,66032.5,-95726.39,-29693.89,1,1381,2,8,5
4.5,1754186516,1864,70261.4,-105533.29,-35271.89,1,1381,2,8,5
1.22,1754186543,2030,31877.61,-567.91,31309.7,0,1382,2,8,5
1.47,1754186557,1699,61536.44,-6261.22,55275.22,0,1382,2,8,5
2.9,1754186572,1933,89922.09,-90864.65,-942.56,1,1382,2,8,5
3.6,1754186598,2112,45632.73,-58300.13,-12667.4,1,1383,2,8,5
1.86,1754186625,1816,59988.36,-14071.74,45916.62,0,1383,2,8,5
1.16,1754186643,1740,58318.05,-833.11,57484.94,0,1384,2,8,5
1.76,1754186659,1908,71445.32,-12159.5,59285.82,0,1384,2,8,5
1.7,1754186677,1889,79817.02,-16701.47,63115.55,0,1384,2,8,5
1.09,1754186694,1759,64741.93,-253.37,64488.56,0,1384,2,8,5
1.52,1754186711,1599,62683.66,-5905.13,56778.53,0,1385,2,8,5
3.31,1754186721,1552,59330.29,-63726.89,-4396.6,1,1385,2,8,5
1.52,1754186748,1823,69026.8,-6924.0,62102.8,0,1385,2,8,5
15.32,1754186771,2541,38915.87,-106521.15,-67605.28,1,1386,2,8,5
1.7,1754186812,1802,73083.38,-15411.25,57672.13,0,1386,2,8,5
3.79,1754186832,1923,92384.42,-114646.26,-22261.84,1,1387,2,8,5
3.19,1754186860,1755,63304.03,-69573.7,-6269.67,1,1387,2,8,5
1.02,1754186884,1969,69543.06,-10.61,69532.45,0,1388,2,8,5
5.83,1754186897,1820,70814.36,-137816.26,-67001.9,1,1388,2,8,5
1.65,1754186933,2235,40765.91,-6954.53,33811.38,0,1388,2,8,5
1.66,1754186950,2128,40665.04,-8857.71,31807.33,0,1389,2,8,5
1.75,1754186968,3418,59065.87,-15392.83,43673.04,0,1389,2,8,5
1.27,1754186986,1841,80489.27,-4041.98,76447.29,0,1389,2,8,5
17.12,1754187007,1611,69024.93,-209125.16,-140100.23,1,1390,2,8,5
2.5,1754187051,1932,77275.06,-56882.12,20392.94,1,1390,2,8,5
2.18,1754187074,1823,73392.89,-48786.43,24606.46,1,1391,2,8,5
2.41,1754187092,1923,82443.84,-75913.39,6530.45,1,1391,2,8,5
3.89,1754187119,1986,83876.99,-119718.7,-35841.71,1,1391,2,8,5
2.36,1754187143,2072,36513.78,-28747.88,7765.9,1,1392,2,8,5
5.96,1754187160,2044,34827.28,-66779.64,-31952.36,1,1392,2,8,5
1.07,1754187196,1162,173084.53,-519.66,172564.87,0,1393,2,8,5
1.24,1754187226,1644,75004.68,-2514.62,72490.06,0,1393,2,8,5
1.15,1754187252,1297,162674.77,-1771.43,160903.34,0,1394,2,8,5
3.06,1754187282,1913,62527.42,-58398.94,4128.48,1,1394,2,8,5
3.66,1754187308,2160,29786.97,-45761.44,-15974.47,1,1395,2,8,5
1.09,1754187328,2029,35516.69,-478.28,35038.41,0,1395,2,8,5
12.01,1754187348,2037,33478.7,-90191.16,-56712.46,1,1395,2,8,5
6.43,1754187369,2209,36263.77,-76172.76,-39908.99,1,1396,2,8,5
1.08,1754187406,2166,33426.61,-296.04,33130.57,0,1396,2,8,5
3.21,1754187425,2332,36247.27,-43577.66,-7330.39,1,1397,2,8,5
3.8,1754187450,1379,171223.91,-281931.24,-110707.33,1,1397,2,8,5
1.0,1754187481,1925,115810.46,-0.0,115810.46,0,1398,2,8,5
1.25,1754187517,432,613202.39,-17416.43,595785.96,0,1398,2,8,5
1.35,1754187548,2022,31213.97,-1510.88,29703.09,0,1399,2,8,5
8.13,1754187568,1611,115040.56,-257002.47,-141961.91,1,1399,2,8,5
1.58,1754187598,1963,41125.56,-7453.4,33672.16,0,1399,2,8,5
2.47,1754187626,1684,103337.03,-83895.87,19441.16,1,1400,2,8,5
1.33,1754187656,1641,340089.93,-34552.5,305537.43,0,1400,2,8,5
3.05,1754187662,1183,79525.38,-84278.34,-4752.96,1,1401,2,8,5
1.69,1754187684,2116,29445.85,-6491.49,22954.36,0,1401,2,8,5
1.42,1754187704,1807,121298.45,-8364.86,112933.59,0,1401,2,8,5
1.66,1754187735,1773,71573.9,-14187.96,57385.94,0,1402,2,8,5
13.78,1754187763,1670,63402.47,-164682.3,-101279.83,1,1402,2,8,5
7.21,1754187802,1880,76706.1,-163527.73,-86821.63,1,1403,2,8,5
1.18,1754187842,1941,90996.64,-2165.3,88831.34,0,1404,2,8,5
2.12,1754187872,2253,35783.87,-19543.47,16240.4,1,1404,2,8,5
2.03,1754187900,2091,31257.5,-17733.87,13523.63,1,1405,2,8,5
3.01,1754187921,2204,33768.62,-37880.24,-4111.62,1,1405,2,8,5
1.46,1754187942,1960,74498.74,-9471.54,65027.2,0,1405,2,8,5
1.33,1754187968,977,108898.85,-5265.83,103633.02,0,1406,2,8,5
5.61,1754187989,1651,65118.54,-123991.48,-58872.94,1,1406,2,8,5
117.41,1754188019,2070,30822.49,-114480.11,-83657.62,1,1406,2,8,5
1.14,1754188088,1862,87511.57,-2020.55,85491.02,0,1408,2,8,5
1.13,1754188115,1774,64439.54,-815.99,63623.55,0,1408,2,8,5
4.81,1754188144,2364,21764.58,-37162.65,-15398.07,1,1409,2,8,5
2.4,1754188160,1964,90715.18,-62708.26,28006.92,1,1409,2,8,5
3.36,1754188187,1707,77461.83,-96429.1,-18967.27,1,1409,2,8,5
2.12,1754188206,1525,95043.09,-55589.09,39454.0,1,1410,2,8,5
2.67,1754188217,2136,27312.72,-28127.39,-814.67,1,1410,2,8,5
1.22,1754188233,2213,27804.66,-793.92,27010.74,0,1410,2,8,5
2.53,1754188250,1803,53471.98,-42149.35,11322.63,1,1410,2,8,5
1.09,1754188269,2207,32255.14,-92.44,32162.7,0,1411,2,8,5
1.18,1754188284,1259,124052.06,-3079.51,120972.55,0,1411,2,8,5
39.89,1754188301,1716,56050.15,-207431.84,-151381.69,1,1411,2,8,5
1.91,1754188347,1021,144559.97,-44129.29,100430.68,0,1412,2,8,5
2.97,1754188374,1959,65292.74,-70719.65,-5426.91,1,1412,2,8,5
1.56,1754188398,1770,67796.32,-12086.39,55709.93,0,1413,2,8,5
4.12,1754188419,2276,35510.74,-58668.18,-23157.44,1,1413,2,8,5
2.31,1754188442,1920,53076.45,-40755.13,12321.32,1,1414,2,8,5
5.35,1754188458,2245,31464.92,-57192.49,-25727.57,1,1414,2,8,5
2.26,1754188490,2360,31493.57,-23599.36,7894.21,1,1414,2,8,5
2.52,1754188512,3837,47833.43,-47738.51,94.92,1,1415,2,8,5
1.64,1754188544,2157,38196.37,-7189.97,31006.4,0,1415,2,8,5
3.31,1754188561,2334,27746.19,-37472.68,-9726.49,1,1416,2,8,5
1.03,1754188578,2240,39580.7,-110.71,39469.99,0,1416,2,8,5
1.85,1754188593,2231,30438.49,-7711.31,22727.18,0,1416,2,8,5
1.62,1754188613,2097,39377.08,-10317.93,29059.15,0,1416,2,8,5
1.6,1754188624,1919,83708.44,-19244.81,64463.63,0,1417,2,8,5
1.57,1754188651,1862,73501.62,-21698.43,51803.19,0,1417,2,8,5
1.78,1754188669,1900,68618.93,-23610.91,45008.02,0,1417,2,8,5
1.74,1754188694,1283,127806.54,-43182.81,84623.73,0,1418,2,8,5
7.05,1754188723,1878,71320.65,-138099.86,-66779.21,1,1418,2,8,5
1.35,1754188748,2061,27254.44,-2793.15,24461.29,0,1419,2,8,5
1.28,1754188763,1759,99323.33,-5536.89,93786.44,0,1419,2,8,5
2.33,1754188782,1893,246349.88,-200147.99,46201.89,1,1419,2,8,5
1.05,1754188789,1220,109243.14,-171.55,109071.59,0,1419,2,8,5
1.37,1754188812,1454,84212.01,-4551.1,79660.91,0,1420,2,8,5
1.43,1754188835,1345,69419.18,-9831.1,59588.08,0,1420,2,8,5
4.13,1754188855,1394,53805.23,-70573.09,-16767.86,1,1420,2,8,5
1.12,1754188872,1346,68716.98,-543.66,68173.32,0,1421,2,8,5
2.23,1754188893,1379,43495.08,-26148.68,17346.4,1,1421,2,8,5
1.72,1754188912,1540,38907.25,-9435.34,29471.91,0,1421,2,8,5
2.83,1754188928,1335,70624.11,-72503.92,-1879.81,1,1422,2,8,5
1.89,1754188945,1642,31859.21,-10513.89,21345.32,0,1422,2,8,5
62.69,1754188962,1106,110672.81,-349479.05,-238806.24,1,1422,2,8,5
1.01,1754189019,1728,67863.9,-0.0,67863.9,0,1423,2,8,5
2.19,1754189047,1610,50509.7,-29092.07,21417.63,1,1424,2,8,5
3.49,1754189068,1429,70660.1,-102551.72,-31891.62,1,1424,2,8,5
1.96,1754189087,1440,62754.34,-25465.13,37289.21,0,1424,2,8,5
1.68,1754189110,1772,202178.2,-45050.48,157127.72,0,1425,2,8,5
1.65,1754189117,1024,136190.79,-37543.37,98647.42,0,1425,2,8,5
1.55,1754189139,1470,67934.08,-9214.41,58719.67,0,1425,2,8,5
1.28,1754189154,1436,57139.62,-2047.42,55092.2,0,1425,2,8,5
7.91,1754189174,1436,58475.38,-120258.56,-61783.18,1,1426,2,8,5
5.44,1754189194,3093,43041.08,-86348.47,-43307.39,1,1426,2,8,5
1.0,1754189239,1559,81119.55,-0.0,81119.55,0,1427,2,8,5
1.03,1754189269,1849,79771.6,-1289.69,78481.91,0,1427,2,8,5
1.33,1754189296,3034,43896.62,-3155.35,40741.27,0,1428,2,8,5
5.77,1754189320,1284,77145.72,-160142.49,-82996.77,1,1428,2,8,5
1.0,1754189353,1651,72571.02,-0.0,72571.02,0,1429,2,8,5
1.68,1754189372,1618,68833.78,-20335.0,48498.78,0,1429,2,8,5
1.15,1754189380,1782,86901.49,-832.44,86069.05,0,1429,2,8,5
1.42,1754189390,1601,75110.51,-5612.07,69498.44,0,1429,2,8,5
1.71,1754189404,1483,60287.37,-12945.76,47341.61,0,1430,2,8,5
4.31,1754189422,1416,57801.06,-87889.94,-30088.88,1,1430,2,8,5
1.0,1754189449,1598,60136.84,-0.0,60136.84,0,1430,2,8,5
1.01,1754189461,1390,49381.81,-0.0,49381.81,0,1431,2,8,5
1.5,1754189470,1151,43520.02,-3914.85,39605.17,0,1431,2,8,5
1.29,1754189484,1124,50357.87,-495.83,49862.04,0,1431,2,8,5
1.91,1754189498,1075,43738.28,-11367.37,32370.91,0,1431,2,8,5
17.71,1754189518,1200,47892.03,-131114.28,-83222.25,1,1431,2,8,5
1.0,1754189564,1443,41804.4,-0.0,41804.4,0,1432,2,8,5
4.23,1754189577,1307,43785.37,-65919.25,-22133.88,1,1432,2,8,5
1.29,1754189604,1436,40015.56,-2038.67,37976.89,0,1433,2,8,5
1.23,1754189617,1524,69882.63,-977.95,68904.68,0,1433,2,8,5
1.32,1754189630,1290,62182.66,-2407.47,59775.19,0,1433,2,8,5
2.07,1754189640,1222,54641.17,-27740.9,26900.27,1,1434,2,8,5
1.09,1754189660,1384,58835.32,-79.0,58756.32,0,1434,2,8,5
1.5,1754189672,1144,45091.6,-5077.1,40014.5,0,1434,2,8,5
1.94,1754189687,1075,39197.89,-15922.96,23274.93,0,1434,2,8,5
4.54,1754189707,1278,49477.9,-76725.98,-27248.08,1,1435,2,8,5
6.14,1754189737,1226,38692.28,-74222.46,-35530.18,1,1435,2,8,5
1.73,1754189771,1503,49342.39,-11436.36,37906.03,0,1436,2,8,5
1.87,1754189791,1297,39378.53,-15202.62,24175.91,0,1436,2,8,5
2.73,1754189807,1359,51080.78,-50206.36,874.42,1,1436,2,8,5
6.19,1754189832,1563,59990.26,-109637.77,-49647.51,1,1437,2,8,5
2.09,1754189865,1484,47035.1,-21723.42,25311.68,1,1437,2,8,5
1.99,1754189881,1578,56345.57,-25864.65,30480.92,0,1438,2,8,5
2.46,1754189903,1527,48251.69,-40037.88,8213.81,1,1438,2,8,5
10.27,1754189924,1742,67678.43,-147871.6,-80193.17,1,1438,2,8,5
3.1,1754189961,1804,57485.22,-60551.29,-3066.07,1,1439,2,8,5
1.69,1754189988,1754,54393.35,-13385.44,41007.91,0,1439,2,8,5
1.51,1754190004,1771,61252.61,-8361.39,52891.22,0,0,3,8,6
1.17,1754190023,1674,58348.37,-1222.41,57125.96,0,0,3,8,6
2.55,1754190033,1601,55930.44,-56607.31,-676.87,1,0,3,8,6
3.35,1754190056,1900,74822.9,-98679.64,-23856.74,1,0,3,8,6
1.13,1754190084,1939,59836.79,-918.79,58918.0,0,1,3,8,6
1.7,1754190099,1519,36817.9,-8882.64,27935.26,0,1,3,8,6
5.13,1754190119,1654,55099.61,-93156.18,-38056.57,1,1,3,8,6
1.45,1754190147,1947,72013.08,-6115.75,65897.33,0,2,3,8,6
2.9,1754190163,1684,46638.64,-46317.78,320.86,1,2,3,8,6
20.88,1754190190,1711,48559.87,-148862.7,-100302.83,1,3,3,8,6
2.21,1754190239,1941,51784.26,-29515.73,22268.53,1,3,3,8,6
1.71,1754190261,1865,54746.17,-13046.95,41699.22,0,4,3,8,6
2.65,1754190276,1790,53558.58,-49777.83,3780.75,1,4,3,8,6
1.43,1754190299,1883,50349.7,-4154.43,46195.27,0,4,3,8,6
1.58,1754190319,1878,54726.06,-8238.39,46487.67,0,5,3,8,6
1.8,1754190335,1701,50144.65,-13099.76,37044.89,0,5,3,8,6
1.41,1754190355,1756,56814.21,-5564.57,51249.64,0,5,3,8,6
1.0,1754190370,1497,53696.77,-0.0,53696.77,0,6,3,8,6
3.09,1754190378,1457,46073.42,-46267.62,-194.2,1,6,3,8,6
1.13,1754190407,1697,52148.42,-1116.21,51032.21,0,6,3,8,6
1.37,1754190421,1375,39026.23,-2582.43,36443.8,0,7,3,8,6
5.34,1754190435,1259,30816.71,-51825.54,-21008.83,1,7,3,8,6
1.15,1754190466,1538,39476.3,-1062.93,38413.37,0,7,3,8,6
2.62,1754190476,1324,37498.85,-30973.2,6525.65,1,7,3,8,6
3.63,1754190497,1386,36412.22,-51706.03,-15293.81,1,8,3,8,6
2.92,1754190526,1553,35851.66,-40361.79,-4510.13,1,8,3,8,6
2.23,1754190550,1695,45314.22,-36034.57,9279.65,1,9,3,8,6
1.58,1754190572,1695,47659.93,-9650.15,38009.78,0,9,3,8,6
1.34,1754190587,1552,49079.37,-3712.54,45366.83,0,9,3,8,6
6.95,1754190602,1358,44516.67,-96157.86,-51641.19,1,10,3,8,6
1.41,1754190638,1786,53957.4,-5108.42,48848.98,0,10,3,8,6
26.32,1754190653,1532,48649.49,-146256.26,-97606.77,1,10,3,8,6
1.7,1754190702,1664,50663.75,-9776.67,40887.08,0,11,3,8,6
1.38,1754190717,1764,56804.04,-2232.77,54571.27,0,11,3,8,6
1.24,1754190738,1633,53967.88,-1149.15,52818.73,0,12,3,8,6
42.04,1754190749,1459,44454.25,-179906.35,-135452.1,1,12,3,8,6
1.07,1754190803,1832,50035.98,-317.4,49718.58,0,13,3,8,6
1.78,1754190819,1547,42896.91,-9797.98,33098.93,0,13,3,8,6
1.09,1754190837,1716,46123.02,-192.35,45930.67,0,13,3,8,6
5.86,1754190850,1814,56446.08,-102670.78,-46224.7,1,14,3,8,6
8.73,1754190881,1810,52580.3,-122745.19,-70164.89,1,14,3,8,6
1.54,1754190920,2069,30893.27,-4697.51,26195.76,0,15,3,8,6
1.87,1754190938,1780,49657.83,-14925.93,34731.9,0,15,3,8,6
4.36,1754190958,1954,55460.6,-92016.24,-36555.64,1,15,3,8,6
1.55,1754190990,2290,37238.5,-2514.72,34723.78,0,16,3,8,6
1.21,1754191006,2024,28768.13,-1420.57,27347.56,0,16,3,8,6
4.21,1754191019,2027,33546.73,-55838.74,-22292.01,1,16,3,8,6
4.77,1754191044,2023,23153.05,-39096.52,-15943.47,1,17,3,8,6
4.52,1754191076,2154,26514.81,-45112.33,-18597.52,1,17,3,8,6
6.77,1754191106,2320,33323.6,-68492.66,-35169.06,1,18,3,8,6
1.74,1754191139,2308,28043.94,-6103.12,21940.82,0,18,3,8,6
1.65,1754191161,2014,24703.78,-5783.46,18920.32,0,19,3,8,6
3.8,1754191180,2154,28909.69,-40239.4,-11329.71,1,19,3,8,6
3.47,1754191205,2498,34687.59,-47330.73,-12643.14,1,20,3,8,6
1.0,1754191230,2606,30809.37,-0.0,30809.37,0,20,3,8,6
16.75,1754191246,2176,29995.33,-86696.22,-56700.89,1,20,3,8,6
6.21,1754191292,2533,32783.5,-64138.79,-31355.29,1,21,3,8,6
24.28,1754191326,2488,29940.07,-96334.69,-66394.62,1,22,3,8,6
3.26,1754191374,2726,31609.92,-34522.43,-2912.51,1,22,3,8,6
1.26,1754191400,2737,35844.08,-1323.89,34520.19,0,23,3,8,6
2.01,1754191414,2388,33889.24,-13183.82,20705.42,1,23,3,8,6
9.32,1754191430,2645,34781.8,-80226.33,-45444.53,1,23,3,8,6
1.0,1754191470,2946,37162.08,-0.0,37162.08,0,24,3,8,6
1.23,1754191480,2763,38459.38,-882.79,37576.59,0,24,3,8,6
23.87,1754191493,2562,37082.32,-114808.8,-77726.48,1,24,3,8,6
1.13,1754191537,2986,38010.54,-226.81,37783.73,0,25,3,8,6
1.1,1754191554,2461,33184.47,-164.18,33020.29,0,25,3,8,6
14.17,1754191564,2691,37215.1,-117420.4,-80205.3,1,26,3,8,6
1.06,1754191609,2692,31067.03,-5.34,31061.69,0,26,3,8,6
3.29,1754191620,2289,27689.96,-27757.67,-67.71,1,27,3,8,6
4.03,1754191643,2825,33849.99,-47352.92,-13502.93,1,27,3,8,6
1.64,1754191669,3044,27015.97,-3340.36,23675.61,0,27,3,8,6
34.66,1754191686,2990,38682.11,-141400.48,-102718.37,1,28,3,8,6
1.0,1754191743,2971,37001.03,-0.0,37001.03,0,29,3,8,6
3.37,1754191757,2861,35773.37,-41313.01,-5539.64,1,29,3,8,6
1.7,1754191788,3011,22648.02,-3929.92,18718.1,0,29,3,8,6
3.37,1754191797,3211,26071.21,-35969.76,-9898.55,1,29,3,8,6
2.72,1754191829,2759,26150.27,-18082.4,8067.87,1,30,3,8,6
1.86,1754191854,3198,25454.12,-7424.51,18029.61,0,30,3,8,6
2.27,1754191870,3190,31231.22,-23274.56,7956.66,1,31,3,8,6
1.33,1754191888,3219,27055.56,-1209.91,25845.65,0,31,3,8,6
1.18,1754191904,3149,28192.71,-438.94,27753.77,0,31,3,8,6
5.88,1754191916,2713,38728.03,-73450.56,-34722.53,1,31,3,8,6
1.62,1754191949,3000,37724.21,-6516.22,31207.99,0,32,3,8,6
1.17,1754191964,2752,30804.02,-874.73,29929.29,0,32,3,8,6
5.08,1754191978,2896,41308.99,-79221.78,-37912.79,1,32,3,8,6
4.49,1754192008,2604,29394.08,-54039.02,-24644.94,1,33,3,8,6
1.11,1754192033,2865,28652.08,-134.85,28517.23,0,33,3,8,6
2.23,1754192051,2535,27229.83,-15330.73,11899.1,1,34,3,8,6
1.69,1754192065,2980,33810.56,-4918.27,28892.29,0,34,3,8,6
23.15,1754192085,2900,35132.33,-112187.49,-77055.16,1,34,3,8,6
1.09,1754192136,2695,28364.1,-107.98,28256.12,0,35,3,8,6
2.15,1754192147,2829,33630.72,-16721.74,16908.98,1,35,3,8,6
1.66,1754192170,2631,28668.45,-6519.88,22148.57,0,36,3,8,6
35.37,1754192186,3049,23897.15,-85042.55,-61145.4,1,36,3,8,6
3.11,1754192242,2458,25430.33,-20624.88,4805.45,1,37,3,8,6
1.08,1754192276,2704,34864.67,-582.0,34282.67,0,37,3,8,6
1.47,1754192294,2865,34674.42,-3874.8,30799.62,0,38,3,8,6
8.03,1754192311,3049,25329.54,-59554.79,-34225.25,1,38,3,8,6
1.13,1754192345,3423,31908.21,-291.22,31616.99,0,39,3,8,6
2.3,1754192356,3022,23400.12,-17823.91,5576.21,1,39,3,8,6
1.0,1754192378,4670,53625.79,-0.0,53625.79,0,39,3,8,6
4.23,1754192396,3321,27701.96,-42794.48,-15092.52,1,39,3,8,6
1.48,1754192421,2820,29598.29,-4247.24,25351.05,0,40,3,8,6
7.12,1754192438,3352,27506.31,-62355.5,-34849.19,1,40,3,8,6
5.95,1754192474,2718,26697.26,-52264.02,-25566.76,1,41,3,8,6
1.06,1754192507,4858,56269.23,-22.32,56246.91,0,41,3,8,6
3.18,1754192525,3214,30510.55,-39407.48,-8896.93,1,42,3,8,6
2.32,1754192543,3439,27073.69,-21049.0,6024.69,1,42,3,8,6
2.7,1754192564,3144,21631.31,-21419.62,211.69,1,42,3,8,6
1.13,1754192586,3338,27700.01,-1012.78,26687.23,0,43,3,8,6
2.4,1754192603,3195,23061.04,-19280.14,3780.9,1,43,3,8,6
1.26,1754192623,3273,24531.8,-919.2,23612.6,0,43,3,8,6
1.24,1754192641,4372,51121.71,-1823.56,49298.15,0,44,3,8,6
1.5,1754192665,2671,33213.26,-3930.82,29282.44,0,44,3,8,6
2.24,1754192681,2439,32839.32,-27602.03,5237.29,1,44,3,8,6
7.21,1754192702,2766,31455.96,-65609.08,-34153.12,1,45,3,8,6
1.4,1754192742,3239,27745.47,-2189.51,25555.96,0,45,3,8,6
5.65,1754192753,2785,32723.0,-63130.16,-30407.16,1,45,3,8,6
2.8,1754192787,3233,25870.51,-28549.57,-2679.06,1,46,3,8,6
8.35,1754192807,2847,30147.96,-62786.82,-32638.86,1,46,3,8,6
9.85,1754192848,3336,29842.66,-59552.5,-29709.84,1,47,3,8,6
1.13,1754192883,3503,28156.18,-43.5,28112.68,0,48,3,8,6
13.89,1754192895,3084,24019.19,-65101.57,-41082.38,1,48,3,8,6
1.71,1754192938,3633,25848.8,-6229.19,19619.61,0,48,3,8,6
2.87,1754192955,3595,25561.99,-25443.97,118.02,1,49,3,8,6
1.83,1754192980,3390,22963.18,-7939.15,15024.03,0,49,3,8,6
4.12,1754192997,3843,35039.03,-50345.41,-15306.38,1,49,3,8,6
1.06,1754193029,3263,24352.46,-65.07,24287.39,0,50,3,8,6
1.5,1754193038,5933,76505.17,-5000.97,71504.2,0,50,3,8,6
3.12,1754193059,3482,30481.18,-37005.8,-6524.62,1,50,3,8,6
3.02,1754193080,3540,26279.89,-33088.32,-6808.43,1,51,3,8,6
1.23,1754193100,5242,59677.43,-1904.85,57772.58,0,51,3,8,6
1.38,1754193119,3171,21569.12,-1915.73,19653.39,0,51,3,8,6
1.54,1754193127,3549,37335.39,-5032.33,32303.06,0,52,3,8,6
13.61,1754193144,3196,28622.18,-75015.21,-46393.03,1,52,3,8,6
1.0,1754193184,3450,30040.54,-0.0,30040.54,0,53,3,8,6
2.2,1754193193,3046,23467.89,-16391.45,7076.44,1,53,3,8,6
5.44,1754193216,3027,23090.21,-44963.55,-21873.34,1,53,3,8,6
2.76,1754193244,3464,27724.66,-28528.52,-803.86,1,54,3,8,6
11.99,1754193265,3446,23817.93,-68720.89,-44902.96,1,54,3,8,6
2.49,1754193308,3432,28708.34,-24339.17,4369.17,1,55,3,8,6
1.17,1754193327,3564,25123.44,-588.92,24534.52,0,55,3,8,6
1.06,1754193343,3258,25320.35,-38.05,25282.3,0,55,3,8,6
1.1,1754193353,2977,32455.13,-86.81,32368.32,0,55,3,8,6
1.9,1754193364,2923,32354.21,-10052.47,22301.74,0,56,3,8,6
3.68,1754193386,3264,27710.25,-39338.26,-11628.01,1,56,3,8,6
2.13,1754193408,3652,28569.78,-17822.63,10747.15,1,56,3,8,6
1.47,1754193427,3518,27192.45,-2889.16,24303.29,0,57,3,8,6
198.72,1754193443,3001,20860.67,-80856.45,-59995.78,1,57,3,8,6
3.34,1754193521,3579,25043.07,-29516.86,-4473.79,1,58,3,8,6
2.66,1754193544,3346,22675.11,-19587.8,3087.31,1,59,3,8,6
1.52,1754193571,26,11895020.6,-2252963.69,9642056.91,0,59,3,8,6
2.9,1754193599,3219,29309.62,-31143.24,-1833.62,1,59,3,8,6
5.1,1754193617,3710,32196.39,-55820.94,-23624.55,1,60,3,8,6
2.25,1754193652,3833,29624.64,-23450.72,6173.92,1,60,3,8,6
1.77,1754193670,3571,27077.08,-4631.14,22445.94,0,61,3,8,6
1.6,1754193684,5518,63583.17,-14367.52,49215.65,0,61,3,8,6
1.04,1754193711,2170,60099.29,-76.0,60023.29,0,61,3,8,6
3.36,1754193720,3176,29318.19,-39708.55,-10390.36,1,62,3,8,6
2.45,1754193738,3934,32488.55,-37285.65,-4797.1,1,62,3,8,6
1.45,1754193764,3657,31595.1,-2664.26,28930.84,0,62,3,8,6
6.3,1754193782,3131,20596.66,-44627.32,-24030.66,1,63,3,8,6
11.51,1754193813,3497,24247.85,-62818.09,-38570.24,1,63,3,8,6
1.05,1754193858,3384,18530.24,-67.36,18462.88,0,64,3,8,6
1.33,1754193871,3267,25711.04,-1269.62,24441.42,0,64,3,8,6
2.49,1754193888,4816,54220.81,-44421.41,9799.4,1,64,3,8,6
1.35,1754193920,3847,28874.85,-2114.98,26759.87,0,65,3,8,6
1.9,1754193930,3371,27476.27,-10679.57,16796.7,0,65,3,8,6
1.55,1754193949,3607,30715.76,-5442.54,25273.22,0,65,3,8,6
3.34,1754193968,3283,28402.8,-32575.26,-4172.46,1,66,3,8,6
1.05,1754194000,3381,24500.79,-56.16,24444.63,0,66,3,8,6
4.6,1754194010,2933,33366.31,-58147.44,-24781.13,1,66,3,8,6
1.61,1754194045,100,1535327.41,-336771.49,1198555.92,0,67,3,8,6
1.0,1754194064,3217,24550.43,-0.0,24550.43,0,67,3,8,6
6.67,1754194074,2767,32655.11,-74706.38,-42051.27,1,67,3,8,6
4.33,1754194111,2936,31737.1,-57522.91,-25785.81,1,68,3,8,6
1.36,1754194141,2958,25653.94,-2148.69,23505.25,0,69,3,8,6
1.65,1754194160,2912,31318.76,-7921.0,23397.76,0,69,3,8,6
5.17,1754194176,3211,29090.95,-54649.74,-25558.79,1,69,3,8,6
3.41,1754194208,3657,28047.28,-40217.31,-12170.03,1,70,3,8,6
8.35,1754194240,3083,21071.49,-45202.47,-24130.98,1,70,3,8,6
1.68,1754194269,3611,27615.28,-7345.21,20270.07,0,71,3,8,6
1.07,1754194287,3179,20663.66,-25.6,20638.06,0,71,3,8,6
1.95,1754194298,3181,23681.54,-7500.85,16180.69,0,71,3,8,6
4.39,1754194317,3456,27434.41,-46746.51,-19312.1,1,71,3,8,6
1.06,1754194345,3763,29527.78,-304.63,29223.15,0,72,3,8,6
1.65,1754194357,3159,20783.8,-4354.04,16429.76,0,72,3,8,6
1.33,1754194374,34,7148156.44,-746687.38,6401469.06,0,72,3,8,6
3.96,1754194394,3129,28465.53,-47171.05,-18705.52,1,73,3,8,6
3.67,1754194415,3172,26585.88,-45128.72,-18542.84,1,73,3,8,6
1.72,1754194448,3430,24577.09,-6383.77,18193.32,0,74,3,8,6
2.22,1754194460,2952,35604.15,-25916.38,9687.77,1,74,3,8,6
2.0,1754194480,3296,25062.12,-12061.18,13000.94,1,74,3,8,6
1.22,1754194503,3017,22987.16,-707.88,22279.28,0,75,3,8,6
2.4,1754194513,2912,38212.89,-34952.87,3260.02,1,75,3,8,6
1.89,1754194534,3028,26924.35,-12938.5,13985.85,0,75,3,8,6
7.26,1754194552,3085,28845.05,-58096.67,-29251.62,1,75,3,8,6
2.82,1754194583,2919,31447.28,-33970.79,-2523.51,1,76,3,8,6
15.99,1754194609,3120,22184.59,-58198.71,-36014.12,1,76,3,8,6
1.67,1754194651,3340,24708.12,-6040.37,18667.75,0,77,3,8,6
2.2,1754194670,3230,22280.1,-17013.73,5266.37,1,77,3,8,6
1.58,1754194689,3402,27726.26,-5877.32,21848.94,0,78,3,8,6
1.41,1754194703,3446,29619.47,-3356.61,26262.86,0,78,3,8,6
1.16,1754194720,2842,31483.66,-884.08,30599.58,0,78,3,8,6
3.32,1754194745,2541,24816.82,-31946.82,-7130.0,1,79,3,8,6
1.0,1754194767,2932,33502.97,-0.0,33502.97,0,79,3,8,6
8.5,1754194784,2599,23627.91,-54336.55,-30708.64,1,79,3,8,6
1.05,1754194819,2998,30483.71,-3.27,30480.44,0,80,3,8,6
1.59,1754194835,3133,26673.99,-6144.53,20529.46,0,80,3,8,6
2.72,1754194846,2898,35534.92,-37976.42,-2441.5,1,80,3,8,6
2.06,1754194873,2977,38582.59,-27503.65,11078.94,1,81,3,8,6
1.65,1754194893,2891,32434.87,-8538.75,23896.12,0,81,3,8,6
1.18,1754194906,2635,27525.43,-570.23,26955.2,0,81,3,8,6
1.47,1754194916,2668,37862.44,-4878.6,32983.84,0,81,3,8,6
187.75,1754194940,2468,30139.69,-118076.55,-87936.86,1,82,3,8,6
6.45,1754195010,2994,37421.63,-74631.04,-37209.41,1,83,3,8,6
1.09,1754195042,4253,52171.56,-287.03,51884.53,0,84,3,8,6
1.28,1754195059,2521,27452.17,-2515.37,24936.8,0,84,3,8,6
1.2,1754195069,2493,31439.4,-2170.56,29268.84,0,84,3,8,6
6.68,1754195081,2668,34983.57,-74823.44,-39839.87,1,84,3,8,6
1.1,1754195114,3305,25317.94,-1018.34,24299.6,0,85,3,8,6
3.01,1754195114,3122,22804.17,-30820.27,-8016.1,1,85,3,8,6
6.48,1754195197,3130,20926.77,-41054.23,-20127.46,1,86,3,8,6
35.36,1754195229,3390,29581.62,-87781.33,-58199.71,1,87,3,8,6
1.13,1754195282,3531,32008.88,-1027.63,30981.25,0,88,3,8,6
1.25,1754195293,2918,36057.85,-1640.93,34416.92,0,88,3,8,6
1.04,1754195307,2974,37128.52,-3.3,37125.22,0,88,3,8,6
2.2,1754195318,2996,34740.06,-23534.34,11205.72,1,88,3,8,6
1.7,1754195338,3678,35402.59,-10273.99,25128.6,0,88,3,8,6
2.0,1754195354,3348,24180.24,-12031.96,12148.28,1,89,3,8,6
1.16,1754195373,3220,27344.65,-1001.65,26343.0,0,89,3,8,6
1.71,1754195385,3300,29125.18,-7889.8,21235.38,0,89,3,8,6
1.15,1754195402,3091,30558.01,-1040.01,29518.0,0,90,3,8,6
36.0,1754195414,2852,38918.78,-134439.31,-95520.53,1,90,3,8,6
1.18,1754195467,3367,27423.57,-1166.66,26256.91,0,91,3,8,6
2.71,1754195479,2865,35346.31,-39995.6,-4649.29,1,91,3,8,6
4.38,1754195501,3046,25680.24,-42200.29,-16520.05,1,91,3,8,6
1.68,1754195530,3579,32559.94,-7701.16,24858.78,0,92,3,8,6
28.33,1754195546,3410,30062.4,-83407.34,-53344.94,1,92,3,8,6
3.29,1754195596,3535,24955.63,-32854.36,-7898.73,1,93,3,8,6
1.02,1754195620,3492,30576.97,-1.09,30575.88,0,93,3,8,6
15.11,1754195631,3448,27324.91,-70662.15,-43337.24,1,93,3,8,6
4.83,1754195674,3977,31861.27,-55176.63,-23315.36,1,94,3,8,6
3.01,1754195702,3640,30494.9,-32157.69,-1662.79,1,95,3,8,6
1.55,1754195726,3991,30213.19,-4634.01,25579.18,0,95,3,8,6
8.65,1754195741,3923,28424.99,-67210.27,-38785.28,1,95,3,8,6
1.48,1754195779,4508,32574.91,-3673.52,28901.39,0,96,3,8,6
3.65,1754195794,4396,36818.02,-53218.4,-16400.38,1,96,3,8,6
17.2,1754195822,4050,25198.92,-73164.81,-47965.89,1,97,3,8,6
1.64,1754195866,4547,29513.15,-6158.28,23354.87,0,97,3,8,6
1.92,1754195883,4521,38625.33,-16399.51,22225.82,0,98,3,8,6
10.93,1754195901,4631,35393.54,-86837.3,-51443.76,1,98,3,8,6
4.56,1754195941,4949,39454.8,-60466.15,-21011.35,1,99,3,8,6
1.2,1754195970,4572,35695.7,-1354.01,34341.69,0,99,3,8,6
2.15,1754195982,4185,29855.62,-20746.55,9109.07,1,99,3,8,6
1.76,1754196003,5027,37981.4,-10705.97,27275.43,0,100,3,8,6
3.53,1754196021,5064,39396.9,-55391.39,-15994.49,1,100,3,8,6
1.02,1754196048,4558,32457.49,-14.06,32443.43,0,100,3,8,6
1.12,1754196058,4920,40159.86,-195.78,39964.08,0,100,3,8,6
4.86,1754196071,4352,31965.41,-60513.77,-28548.36,1,101,3,8,6
1.66,1754196100,4753,34078.26,-8933.7,25144.56,0,101,3,8,6
32.41,1754196117,4541,30305.75,-101280.34,-70974.59,1,101,3,8,6
1.51,1754196172,4734,31355.09,-3395.21,27959.88,0,102,3,8,6
1.49,1754196185,4951,34009.75,-3069.47,30940.28,0,103,3,8,6
1.37,1754196201,4774,39076.76,-2540.81,36535.95,0,103,3,8,6
1.49,1754196216,4458,32077.11,-4336.45,27740.66,0,103,3,8,6
1.08,1754196232,4388,30944.96,-243.83,30701.13,0,103,3,8,6
1.96,1754196245,3921,26298.22,-8857.72,17440.5,0,104,3,8,6
1.38,1754196266,4337,35041.63,-2240.69,32800.94,0,104,3,8,6
3.26,1754196281,3780,23276.37,-25762.38,-2486.01,1,104,3,8,6
1.43,1754196307,4349,33305.96,-4457.64,28848.32,0,105,3,8,6
1.16,1754196322,3902,27325.42,-217.42,27108.0,0,105,3,8,6
1.33,1754196335,3278,25988.54,-2630.45,23358.09,0,105,3,8,6
14.41,1754196350,3131,23866.83,-66490.95,-42624.12,1,105,3,8,6
3.2,1754196393,3885,27063.52,-31278.64,-4215.12,1,106,3,8,6
48.12,1754196418,4081,29202.49,-98112.8,-68910.31,1,106,3,8,6
1.11,1754196476,3950,27968.82,-325.23,27643.59,0,107,3,8,6
1.47,1754196498,3738,25344.3,-4458.08,20886.22,0,108,3,8,6
5.4,1754196514,3698,28405.73,-48040.93,-19635.2,1,108,3,8,6
1.26,1754196547,4602,31315.86,-1455.77,29860.09,0,109,3,8,6
2.56,1754196565,4080,30040.08,-27105.36,2934.72,1,109,3,8,6
3.35,1754196591,4356,24260.85,-29558.68,-5297.83,1,109,3,8,6
1.07,1754196621,4768,34609.81,-26.23,34583.58,0,110,3,8,6
1.21,1754196635,4368,30205.64,-1092.02,29113.62,0,110,3,8,6
13.04,1754196650,4352,27943.92,-72845.7,-44901.78,1,110,3,8,6
10.59,1754196696,4727,25992.32,-73392.19,-47399.87,1,111,3,8,6
1.2,1754196738,4682,24183.56,-573.14,23610.42,0,112,3,8,6
8.54,1754196756,3981,25683.62,-55645.14,-29961.52,1,112,3,8,6
4.12,1754196795,5261,29340.27,-42422.66,-13082.39,1,113,3,8,6
1.09,1754196827,5000,31299.98,-188.45,31111.53,0,113,3,8,6
8.83,1754196840,4976,27501.28,-70527.18,-43025.9,1,114,3,8,6
19.15,1754196877,5757,38890.08,-118429.03,-79538.95,1,114,3,8,6
2.7,1754196924,5265,31099.87,-20193.6,10906.27,1,115,3,8,6
1.25,1754196947,5459,32940.56,-992.38,31948.18,0,115,3,8,6
3.28,1754196962,5120,31751.28,-43257.04,-11505.76,1,116,3,8,6
1.31,1754196989,5926,34381.26,-2636.54,31744.72,0,116,3,8,6
1.14,1754197003,5690,40187.23,-1117.79,39069.44,0,116,3,8,6
1.0,1754197016,5058,33268.75,-0.0,33268.75,0,116,3,8,6
1.41,1754197026,4839,27164.17,-2415.3,24748.87,0,117,3,8,6
1.46,1754197040,4601,30982.41,-5523.36,25459.05,0,117,3,8,6
4.16,1754197057,4427,22772.29,-33445.61,-10673.32,1,117,3,8,6
1.04,1754197085,5316,33282.9,-29.56,33253.34,0,118,3,8,6
9.0,1754197095,4640,28567.68,-69524.02,-40956.34,1,118,3,8,6
1.39,1754197132,5115,26455.71,-2142.93,24312.78,0,118,3,8,6
2.57,1754197148,5318,39322.0,-37254.21,2067.79,1,119,3,8,6
1.62,1754197170,4637,28988.05,-7174.21,21813.84,0,119,3,8,6
1.6,1754197186,5436,34749.55,-5607.04,29142.51,0,119,3,8,6
1.3,1754197206,4809,31092.99,-1472.34,29620.65,0,120,3,8,6
1.6,1754197220,4216,25386.02,-5110.16,20275.86,0,120,3,8,6
4.43,1754197236,4040,28453.91,-48110.16,-19656.25,1,120,3,8,6
1.42,1754197265,4582,29121.34,-3649.4,25471.94,0,121,3,8,6
1.89,1754197280,4212,25167.56,-9948.44,15219.12,0,121,3,8,6
1.75,1754197297,4020,24094.59,-9263.01,14831.58,0,121,3,8,6
1.52,1754197319,3876,24817.49,-4621.37,20196.12,0,121,3,8,6
1.3,1754197333,3757,26173.91,-1634.93,24538.98,0,122,3,8,6
1.91,1754197347,3368,21994.6,-8886.55,13108.05,0,122,3,8,6
8.18,1754197365,3503,26403.69,-62921.98,-36518.29,1,122,3,8,6
2.56,1754197400,3963,25688.52,-22165.56,3522.96,1,123,3,8,6
3.5,1754197422,4129,30904.98,-41769.15,-10864.17,1,123,3,8,6
6.87,1754197449,4281,34825.79,-66887.91,-32062.12,1,124,3,8,6
6.0,1754197481,4414,28293.59,-63409.13,-35115.54,1,124,3,8,6
2.0,1754197518,4465,31141.89,-11431.22,19710.67,1,125,3,8,6
13.55,1754197540,4486,26148.28,-74817.08,-48668.8,1,125,3,8,6
1.32,1754197584,5011,30942.71,-3598.4,27344.31,0,126,3,8,6
4.59,1754197601,4331,24471.56,-40485.67,-16014.11,1,126,3,8,6
2.14,1754197629,5179,36872.97,-22710.19,14162.78,1,127,3,8,6
1.51,1754197649,5277,37891.35,-5704.83,32186.52,0,127,3,8,6
1.0,1754197666,4833,32276.93,-0.0,32276.93,0,127,3,8,6
2.22,1754197676,4445,38810.83,-29297.91,9512.92,1,127,3,8,6
3.38,1754197695,5014,32352.49,-45458.16,-13105.67,1,128,3,8,6
1.57,1754197723,4750,29556.52,-7181.35,22375.17,0,128,3,8,6
1.61,1754197739,4263,25573.71,-6243.68,19330.03,0,128,3,8,6
1.59,1754197755,4726,37334.59,-8640.48,28694.11,0,129,3,8,6
2.82,1754197772,4178,32397.55,-33464.0,-1066.45,1,129,3,8,6
1.29,1754197795,4707,38228.78,-3407.5,34821.28,0,129,3,8,6
4.58,1754197811,3907,31678.83,-51421.55,-19742.72,1,130,3,8,6
3.58,1754197840,4015,26599.88,-38034.62,-11434.74,1,130,3,8,6
1.35,1754197866,4482,32449.73,-4043.22,28406.51,0,131,3,8,6
2.71,1754197882,4202,32636.19,-35197.1,-2560.91,1,131,3,8,6
1.1,1754197903,4551,36095.31,-196.21,35899.1,0,131,3,8,6
1.08,1754197916,4160,29074.52,-126.43,28948.09,0,131,3,8,6
1.26,1754197926,3514,27326.99,-1409.93,25917.06,0,132,3,8,6
1.03,1754197938,3164,23756.09,-28.91,23727.18,0,132,3,8,6
1.05,1754197950,2696,35548.22,-63.46,35484.76,0,132,3,8,6
1.4,1754197964,2406,29868.0,-2866.66,27001.34,0,132,3,8,6
2.35,1754197977,2406,28696.94,-23884.27,4812.67,1,132,3,8,6
1.92,1754197998,2948,33899.44,-16144.38,17755.06,0,133,3,8,6
6.57,1754198017,2915,34763.08,-70290.66,-35527.58,1,133,3,8,6
2.03,1754198050,3119,22359.13,-9765.4,12593.73,1,134,3,8,6
3.17,1754198066,3341,23696.49,-27569.09,-3872.6,1,134,3,8,6
1.78,1754198090,3559,28527.5,-9589.55,18937.95,0,134,3,8,6
1.1,1754198110,3326,22849.6,-76.48,22773.12,0,135,3,8,6
1.73,1754198120,2751,33049.55,-10646.55,22403.0,0,135,3,8,6
1.81,1754198138,2948,35257.62,-13555.09,21702.53,0,135,3,8,6
2.36,1754198157,2831,37151.27,-36268.29,882.98,1,135,3,8,6
108.43,1754198177,3176,26071.85,-78939.22,-52867.37,1,136,3,8,6
84.42,1754198246,3557,25376.16,-91106.96,-65730.8,1,137,3,8,6
1.0,1754198314,3972,26002.55,-0.0,26002.55,0,138,3,8,6
229.68,1754198328,3297,21889.26,-107243.95,-85354.69,1,138,3,8,6
72.94,1754198408,4777,29762.3,-158509.81,-128747.51,1,140,3,8,6
1.12,1754198476,4951,31834.11,-3209.4,28624.71,0,141,3,8,6
1.38,1754198495,4490,35258.09,-2562.02,32696.07,0,141,3,8,6
9.1,1754198510,4078,29328.06,-65483.71,-36155.65,1,141,3,8,6
4.01,1754198548,5284,31036.31,-40048.46,-9012.15,1,142,3,8,6
1.05,1754198580,5085,33411.93,-62.88,33349.05,0,143,3,8,6
1.23,1754198596,4317,24671.64,-1512.09,23159.55,0,143,3,8,6
1.99,1754198612,4761,30008.76,-11282.15,18726.61,0,143,3,8,6
3.3,1754198633,4855,32013.95,-38197.29,-6183.34,1,143,3,8,6
1.72,1754198662,5503,38068.96,-11475.25,26593.71,0,144,3,8,6
3.06,1754198680,4757,33940.08,-36568.01,-2627.93,1,144,3,8,6
2.74,1754198705,4740,24471.33,-24874.36,-403.03,1,145,3,8,6
2.8,1754198728,5166,32551.13,-36478.57,-3927.44,1,145,3,8,6
3.61,1754198752,5205,36905.25,-54802.81,-17897.56,1,145,3,8,6
1.1,1754198777,5463,32683.77,-163.21,32520.56,0,146,3,8,6
1.15,1754198791,4687,28298.61,-833.89,27464.72,0,146,3,8,6
1.21,1754198802,4203,28030.5,-1409.52,26620.98,0,146,3,8,6
3.16,1754198816,3984,29054.96,-33992.4,-4937.44,1,146,3,8,6
1.18,1754198841,5148,31384.56,-1839.4,29545.16,0,147,3,8,6
1.12,1754198856,4290,32441.21,-1503.24,30937.97,0,147,3,8,6
1.0,1754198866,3655,28437.15,-0.0,28437.15,0,147,3,8,6
1.15,1754198875,3766,34051.53,-1416.91,32634.62,0,147,3,8,6
1.0,1754198887,3284,26400.46,-0.0,26400.46,0,148,3,8,6
1.24,1754198896,3002,21228.07,-1004.42,20223.65,0,148,3,8,6
1.11,1754198909,2838,34647.45,-1448.12,33199.33,0,148,3,8,6
4.95,1754198920,2642,29438.12,-45347.08,-15908.96,1,148,3,8,6
1.21,1754198950,3979,27744.75,-1753.99,25990.76,0,149,3,8,6
13.95,1754198964,3391,21575.07,-59455.43,-37880.36,1,149,3,8,6
6.98,1754199007,4175,20340.42,-46678.69,-26338.27,1,150,3,8,6
1.74,1754199041,4628,24145.85,-4350.85,19795.0,0,150,3,8,6
1.57,1754199060,4336,26353.07,-4841.77,21511.3,0,151,3,8,6
1.7,1754199075,4173,24723.91,-6364.99,18358.92,0,151,3,8,6
6.45,1754199094,4103,30233.3,-67199.59,-36966.29,1,151,3,8,6
1.01,1754199126,4995,31105.05,-0.0,31105.05,0,152,3,8,6
4.14,1754199140,4229,24483.36,-38449.39,-13966.03,1,152,3,8,6
3.67,1754199168,4382,21381.96,-33086.85,-11704.89,1,152,3,8,6
1.07,1754199193,4840,25302.34,-21.51,25280.83,0,153,3,8,6
1.08,1754199204,4342,27146.74,-241.69,26905.05,0,153,3,8,6
1.36,1754199217,3975,29490.24,-2342.38,27147.86,0,153,3,8,6
2.48,1754199230,3814,25257.89,-19633.7,5624.19,1,153,3,8,6
49.16,1754199251,4362,32968.91,-105046.23,-72077.32,1,154,3,8,6
1.1,1754199312,4885,26072.94,-139.02,25933.92,0,155,3,8,6
1.0,1754199326,4063,23698.23,-0.0,23698.23,0,155,3,8,6
1.14,1754199336,3948,27466.95,-512.83,26954.12,0,155,3,8,6
1.54,1754199347,3910,30044.33,-3776.37,26267.96,0,155,3,8,6
1.0,1754199362,3952,28890.53,-0.0,28890.53,0,156,3,8,6
1.71,1754199372,3621,26033.45,-4305.36,21728.09,0,156,3,8,6
3.88,1754199389,3826,26881.94,-33706.54,-6824.6,1,156,3,8,6
1.67,1754199418,4511,27764.37,-4550.76,23213.61,0,156,3,8,6
1.06,1754199434,4100,28910.81,-205.16,28705.65,0,157,3,8,6
1.44,1754199445,3338,19194.19,-1198.5,17995.69,0,157,3,8,6
1.78,1754199459,3296,24349.9,-5887.15,18462.75,0,157,3,8,6
1.84,1754199476,3390,21060.34,-7416.51,13643.83,0,157,3,8,6
7.87,1754199495,3422,24189.51,-54785.83,-30596.32,1,158,3,8,6
9.48,1754199530,4101,26491.69,-64306.03,-37814.34,1,158,3,8,6
1.42,1754199568,4480,27024.43,-1892.41,25132.02,0,159,3,8,6
5.27,1754199583,3804,22567.08,-39135.36,-16568.28,1,159,3,8,6
17.76,1754199614,4620,30359.36,-87487.4,-57128.04,1,160,3,8,6
1.65,1754199662,4558,22126.62,-4133.54,17993.08,0,161,3,8,6
1.83,1754199678,4615,25477.5,-7965.75,17511.75,0,161,3,8,6
2.0,1754199699,4636,31128.4,-14376.31,16752.09,1,161,3,8,6
7.84,1754199718,4966,32696.45,-62568.73,-29872.28,1,161,3,8,6
3.18,1754199755,4963,29300.47,-31355.08,-2054.61,1,162,3,8,6
4.74,1754199776,5138,30006.19,-46937.35,-16931.16,1,162,3,8,6
3.09,1754199811,5484,35815.18,-39275.42,-3460.24,1,163,3,8,6
1.19,1754199833,5451,29495.1,-492.35,29002.75,0,163,3,8,6
8.9,1754199852,4468,24711.75,-58115.89,-33404.14,1,164,3,8,6
1.08,1754199885,5714,29822.32,-308.24,29514.08,0,164,3,8,6
1.51,1754199898,5132,34680.54,-4133.97,30546.57,0,164,3,8,6
1.86,1754199914,4829,26896.05,-9289.49,17606.56,0,165,3,8,6
2.29,1754199934,4766,30625.39,-24832.16,5793.23,1,165,3,8,6
1.43,1754199954,5211,29723.49,-3252.09,26471.4,0,165,3,8,6
1.92,1754199969,4577,27677.51,-10155.57,17521.94,0,166,3,8,6
1.15,1754199985,4459,29493.61,-428.18,29065.43,0,166,3,8,6
1.02,1754199998,4049,32185.15,-7.54,32177.61,0,166,3,8,6
7.06,1754200008,3487,31841.97,-61519.98,-29678.01,1,166,3,8,6
4.35,1754200041,4467,34254.47,-55263.31,-21008.84,1,167,3,8,6
1.12,1754200072,4740,33221.37,-299.35,32922.02,0,167,3,8,6
1.83,1754200084,3936,28158.49,-14207.46,13951.03,0,168,3,8,6
1.24,1754200099,4153,25568.19,-672.92,24895.27,0,168,3,8,6
2.31,1754200114,3714,25027.63,-17952.34,7075.29,1,168,3,8,6
1.43,1754200135,4340,29215.11,-1540.41,27674.7,0,168,3,8,6
1.71,1754200152,3650,25503.28,-7284.89,18218.39,0,169,3,8,6
1.0,1754200168,3461,25891.04,-0.0,25891.04,0,169,3,8,6
2.96,1754200179,3297,26120.67,-30599.14,-4478.47,1,169,3,8,6
2.59,1754200202,3455,27314.2,-29805.44,-2491.24,1,170,3,8,6
1.56,1754200225,3579,24615.88,-4814.56,19801.32,0,170,3,8,6
1.95,1754200241,3166,19450.05,-8219.23,11230.82,0,170,3,8,6
1.31,1754200262,3299,26622.16,-969.85,25652.31,0,171,3,8,6
5.02,1754200274,3094,21891.14,-40041.52,-18150.38,1,171,3,8,6
1.91,1754200303,3759,22522.76,-7911.65,14611.11,0,171,3,8,6
7.33,1754200324,3399,25223.26,-48351.87,-23128.61,1,172,3,8,6
14.62,1754200357,3676,19088.84,-55858.1,-36769.26,1,172,3,8,6
1.14,1754200401,4062,20947.14,-235.51,20711.63,0,173,3,8,6
3.26,1754200423,3826,22193.26,-27761.5,-5568.24,1,173,3,8,6
2.42,1754200451,4362,26925.67,-22375.14,4550.53,1,174,3,8,6
1.35,1754200474,4164,19444.77,-1633.46,17811.31,0,174,3,8,6
1.85,1754200493,4153,27676.42,-11112.65,16563.77,0,174,3,8,6
1.23,1754200508,4187,25257.22,-554.21,24703.01,0,175,3,8,6
5.31,1754200523,3752,27730.08,-52664.61,-24934.53,1,175,3,8,6
12.17,1754200553,4456,32064.36,-74445.89,-42381.53,1,175,3,8,6
1.66,1754200595,4418,25074.43,-6342.54,18731.89,0,176,3,8,6
1.51,1754200611,4107,25506.18,-7160.17,18346.01,0,176,3,8,6
2.09,1754200627,3980,23409.4,-15207.42,8201.98,1,177,3,8,6
1.2,1754200647,4796,31957.71,-775.48,31182.23,0,177,3,8,6
1.63,1754200659,4030,25674.81,-4850.46,20824.35,0,177,3,8,6
4.11,1754200676,4141,32232.09,-50050.56,-17818.47,1,177,3,8,6
3.18,1754200701,4310,23786.01,-31832.58,-8046.57,1,178,3,8,6
2.4,1754200728,4361,27672.14,-24852.71,2819.43,1,178,3,8,6
2.11,1754200749,4396,28957.67,-25904.58,3053.09,1,179,3,8,6
1.1,1754200769,4394,24772.48,-94.51,24677.97,0,179,3,8,6
1.8,1754200781,3643,26612.05,-8735.46,17876.59,0,179,3,8,6
17.68,1754200798,3915,28234.32,-76324.86,-48090.54,1,179,3,8,6
1.81,1754200847,4731,28497.36,-8398.15,20099.21,0,180,3,8,6
3.61,1754200863,4213,26303.7,-36447.6,-10143.9,1,181,3,8,6
1.38,1754200891,4418,27985.96,-2697.87,25288.09,0,181,3,8,6
2.0,1754200904,4582,29181.37,-16428.13,12753.24,1,181,3,8,6
1103.4,1754200923,4055,25431.53,-100350.71,-74919.18,1,182,3,8,6
4.72,1754201018,4967,25893.26,-45571.66,-19678.4,1,183,3,8,6
1.0,1754201047,5086,24390.85,-0.0,24390.85,0,184,3,8,6
2.19,1754201059,3818,27020.61,-17822.07,9198.54,1,184,3,8,6
3.24,1754201096,4815,28903.76,-39092.82,-10189.06,1,184,3,8,6
1.43,1754201123,5075,27416.61,-2698.09,24718.52,0,185,3,8,6
1.69,1754201139,4305,25304.99,-5310.04,19994.95,0,185,3,8,6
1.9,1754201153,4349,29621.6,-16768.49,12853.11,0,185,3,8,6
3.67,1754201172,4596,28245.57,-43090.12,-14844.55,1,186,3,8,6
1.7,1754201199,4992,30741.08,-10857.14,19883.94,0,186,3,8,6
1.0,1754201217,4346,30673.28,-0.0,30673.28,0,186,3,8,6
3.56,1754201225,3700,26656.66,-41513.57,-14856.91,1,187,3,8,6
2.19,1754201251,4400,28315.55,-23787.63,4527.92,1,187,3,8,6
1.51,1754201272,4295,23475.94,-3710.87,19765.07,0,187,3,8,6
2.2,1754201288,3767,26336.64,-21784.51,4552.13,1,188,3,8,6
2.69,1754201307,4385,30394.55,-37370.64,-6976.09,1,188,3,8,6
1.05,1754201328,4154,25229.46,-35.25,25194.21,0,188,3,8,6
3.79,1754201340,3993,30958.95,-47577.83,-16618.88,1,189,3,8,6
1.89,1754201366,4637,33140.45,-16452.04,16688.41,0,189,3,8,6
4.58,1754201384,4498,28156.77,-51898.26,-23741.49,1,189,3,8,6
8.42,1754201415,4169,26833.34,-57356.38,-30523.04,1,190,3,8,6
2.53,1754201449,4801,30391.1,-26574.76,3816.34,1,190,3,8,6
1.17,1754201472,4864,27934.23,-513.07,27421.16,0,191,3,8,6
2.47,1754201485,4391,29017.36,-23430.45,5586.91,1,191,3,8,6
2.04,1754201505,4943,28987.6,-16769.72,12217.88,1,191,3,8,6
1.83,1754201532,4812,29400.21,-11795.48,17604.73,0,192,3,8,6
29.69,1754201545,4609,28473.1,-92895.2,-64422.1,1,192,3,8,6
1.2,1754201596,5190,26269.79,-282.03,25987.76,0,193,3,8,6
2.71,1754201609,4819,31767.96,-35575.79,-3807.83,1,193,3,8,6
1.16,1754201633,4729,21165.88,-781.6,20384.28,0,193,3,8,6
1.45,1754201647,5019,29164.61,-2716.92,26447.69,0,194,3,8,6
1.56,1754201660,4598,31964.2,-6021.05,25943.15,0,194,3,8,6
1.0,1754201674,4381,26732.61,-0.0,26732.61,0,194,3,8,6
14.62,1754201686,3938,26108.8,-73980.06,-47871.26,1,194,3,8,6
1.72,1754201730,4772,27022.11,-7695.18,19326.93,0,195,3,8,6
1.28,1754201749,4437,24479.97,-1097.68,23382.29,0,195,3,8,6
1.78,1754201762,3919,18514.9,-6161.75,12353.15,0,196,3,8,6
4.54,1754201780,4183,26663.4,-47191.49,-20528.09,1,196,3,8,6
14.41,1754201807,4685,25521.43,-70539.98,-45018.55,1,196,3,8,6
1.23,1754201853,4824,25106.63,-1093.16,24013.47,0,197,3,8,6
2.42,1754201866,4135,22061.67,-18503.83,3557.84,1,197,3,8,6
15.09,1754201886,4963,31377.43,-87358.4,-55980.97,1,198,3,8,6
4.18,1754201932,4714,21129.48,-32021.14,-10891.66,1,198,3,8,6
1.13,1754201958,5241,26628.16,-286.87,26341.29,0,199,3,8,6
2.23,1754201977,4878,32169.89,-22288.61,9881.28,1,199,3,8,6
1.4,1754201995,5574,31264.11,-1670.99,29593.12,0,199,3,8,6
1.8,1754202013,5365,32838.45,-9215.81,23622.64,0,200,3,8,6
1.55,1754202027,5074,33921.35,-4101.97,29819.38,0,200,3,8,6
1.16,1754202041,4722,31233.99,-779.3,30454.69,0,200,3,8,6
1.07,1754202054,4244,24924.42,-35.7,24888.72,0,200,3,8,6
1.19,1754202069,3803,23080.25,-799.91,22280.34,0,201,3,8,6
16.35,1754202077,3510,16606.6,-57281.3,-40674.7,1,201,3,8,6
1.25,1754202121,4797,27430.46,-1205.8,26224.66,0,202,3,8,6
7.08,1754202135,4141,24654.86,-56407.55,-31752.69,1,202,3,8,6
57.84,1754202169,4653,26170.6,-97483.45,-71312.85,1,202,3,8,6
1.64,1754202230,5133,24541.82,-4384.32,20157.5,0,203,3,8,6
4.55,1754202248,4936,32902.39,-55358.71,-22456.32,1,204,3,8,6
3.21,1754202279,5552,30654.57,-39535.42,-8880.85,1,204,3,8,6
9.86,1754202302,5254,28773.95,-65366.64,-36592.69,1,205,3,8,6
5.72,1754202337,5875,29848.18,-60829.45,-30981.27,1,205,3,8,6
1.79,1754202375,6079,28744.9,-6546.87,22198.03,0,206,3,8,6
2.14,1754202389,5677,26718.46,-12376.53,14341.93,1,206,3,8,6
1.28,1754202414,6120,27730.12,-1142.15,26587.97,0,206,3,8,6
1.75,1754202426,5776,33968.63,-9193.52,24775.11,0,207,3,8,6
1.83,1754202444,5555,28298.51,-10756.45,17542.06,0,207,3,8,6
4.46,1754202459,5510,34572.58,-53912.13,-19339.55,1,207,3,8,6
1.41,1754202492,7731,68122.27,-6030.34,62091.93,0,208,3,8,6
1.18,1754202517,5054,27295.08,-544.77,26750.31,0,208,3,8,6
6.32,1754202525,5051,28366.49,-58274.99,-29908.5,1,208,3,8,6
8.56,1754202551,6035,28654.36,-66583.99,-37929.63,1,209,3,8,6
1.63,1754202587,6353,24237.02,-5481.8,18755.22,0,209,3,8,6
2.21,1754202609,5626,25884.95,-16876.69,9008.26,1,210,3,8,6
1.09,1754202624,6094,27172.92,-217.87,26955.05,0,210,3,8,6
1.08,1754202638,7164,81882.23,-188.74,81693.49,0,210,3,8,6
1.69,1754202662,833,515248.82,-104839.89,410408.93,0,211,3,8,6
1.28,1754202674,562,859038.27,-28838.8,830199.47,0,211,3,8,6
1.03,1754202688,1345,256361.83,-9.07,256352.76,0,211,3,8,6
3.37,1754202700,4154,24582.67,-28933.99,-4351.32,1,211,3,8,6
8.31,1754202716,5008,26329.07,-59032.12,-32703.05,1,211,3,8,6
3.34,1754202757,5470,33538.94,-42883.15,-9344.21,1,212,3,8,6
10.11,1754202779,5456,34007.74,-74824.13,-40816.39,1,212,3,8,6
1.17,1754202814,5585,27451.69,-227.25,27224.44,0,213,3,8,6
3.06,1754202831,4697,25297.68,-22450.08,2847.6,1,213,3,8,6
1.57,1754202856,5434,29365.81,-4581.47,24784.34,0,214,3,8,6
14.34,1754202871,5380,35704.6,-88715.34,-53010.74,1,214,3,8,6
3.95,1754202913,5429,25479.55,-35743.33,-10263.78,1,215,3,8,6
5.15,1754202941,5989,33382.32,-53377.05,-19994.73,1,215,3,8,6
1.09,1754202976,6280,27859.1,-384.49,27474.61,0,216,3,8,6
4.07,1754202988,5406,30451.42,-45879.75,-15428.33,1,216,3,8,6
3.57,1754203015,6352,35183.8,-47237.6,-12053.8,1,216,3,8,6
2.28,1754203037,6513,27813.58,-18652.8,9160.78,1,217,3,8,6
1.7,1754203061,5960,28297.97,-5645.19,22652.78,0,217,3,8,6
1.35,1754203077,6005,29986.65,-2126.3,27860.35,0,217,3,8,6
1.1,1754203090,5274,30222.21,-173.51,30048.7,0,218,3,8,6
1.93,1754203105,4821,29982.97,-12519.11,17463.86,0,218,3,8,6
1.89,1754203125,5173,33177.04,-15272.07,17904.97,0,218,3,8,6
1.28,1754203155,5172,35360.14,-1506.0,33854.14,0,219,3,8,6
2.41,1754203169,4665,33713.98,-25642.09,8071.89,1,219,3,8,6
1.38,1754203190,5429,35185.73,-4077.92,31107.81,0,219,3,8,6
1.23,1754203205,4612,28747.44,-1432.8,27314.64,0,220,3,8,6
48.81,1754203215,3806,27011.65,-83929.82,-56918.17,1,220,3,8,6
1.41,1754203273,5181,29310.27,-2998.95,26311.32,0,221,3,8,6
2.45,1754203293,4622,30112.12,-26762.17,3349.95,1,221,3,8,6
1.85,1754203309,4837,29176.32,-14288.87,14887.45,0,221,3,8,6
4.14,1754203329,5225,40510.99,-65115.91,-24604.92,1,222,3,8,6
4.17,1754203354,4824,23871.14,-38028.16,-14157.02,1,222,3,8,6
2.65,1754203388,5494,31440.97,-30586.01,854.96,1,223,3,8,6
7.4,1754203414,5332,35938.79,-68774.62,-32835.83,1,223,3,8,6
6.12,1754203440,5800,36190.03,-79747.09,-43557.06,1,224,3,8,6
3.78,1754203475,5947,35461.39,-51590.79,-16129.4,1,224,3,8,6
3.99,1754203505,6061,28425.95,-47898.18,-19472.23,1,225,3,8,6
1.46,1754203530,6336,26188.96,-2690.96,23498.0,0,225,3,8,6
2.72,1754203545,5336,24590.69,-21703.14,2887.55,1,225,3,8,6
2.71,1754203567,6193,25914.04,-28157.98,-2243.94,1,226,3,8,6
1.24,1754203594,6377,34469.86,-496.35,33973.51,0,226,3,8,6
63.91,1754203604,5695,35281.04,-126797.42,-91516.38,1,226,3,8,6
15.02,1754203666,6545,29283.57,-83325.92,-54042.35,1,227,3,8,6
4.63,1754203710,6457,30303.94,-40417.44,-10113.5,1,228,3,8,6
3.53,1754203741,6575,32098.24,-47139.72,-15041.48,1,229,3,8,6
43.2,1754203767,6772,29918.32,-106269.74,-76351.42,1,229,3,8,6
2.21,1754203824,7173,33977.39,-16148.6,17828.79,1,230,3,8,6
1.69,1754203852,5155,23778.74,-4719.16,19059.58,0,230,3,8,6
2.95,1754203861,6222,30636.0,-29616.59,1019.41,1,231,3,8,6
35.34,1754203884,7108,38287.44,-117417.79,-79130.35,1,231,3,8,6
1.0,1754203939,7675,33022.55,-0.0,33022.55,0,232,3,8,6
2.9,1754203956,4372,21375.84,-18129.4,3246.44,1,232,3,8,6
1.28,1754203978,7869,38708.3,-1610.08,37098.22,0,232,3,8,6
19.35,1754203996,5718,31276.56,-100458.93,-69182.37,1,233,3,8,6
1.96,1754204036,7358,28797.06,-8825.98,19971.08,0,233,3,8,6
2.31,1754204059,5940,34721.1,-26289.35,8431.75,1,234,3,8,6
14.92,1754204081,7201,27818.46,-80048.44,-52229.98,1,234,3,8,6
1.06,1754204126,7933,34969.96,-62.65,34907.31,0,235,3,8,6
3.16,1754204136,6487,29195.07,-33363.84,-4168.77,1,235,3,8,6
3.37,1754204166,8240,36659.48,-46600.35,-9940.87,1,236,3,8,6
2.66,1754204195,7708,36442.68,-29484.79,6957.89,1,236,3,8,6
2.29,1754204211,5156,21987.14,-16480.32,5506.82,1,236,3,8,6
1.17,1754204235,8051,38460.35,-956.21,37504.14,0,237,3,8,6
4.81,1754204252,5224,23282.74,-38764.66,-15481.92,1,237,3,8,6
1.0,1754204281,8734,41232.54,-0.0,41232.54,0,238,3,8,6
1.18,1754204293,6335,32201.0,-303.05,31897.95,0,238,3,8,6
27.93,1754204319,6011,30090.9,-100387.62,-70296.72,1,238,3,8,6
1.6,1754204371,7953,39579.05,-5000.27,34578.78,0,239,3,8,6
5.63,1754204393,6451,25124.12,-47540.78,-22416.66,1,239,3,8,6
2.1,1754204423,7656,32815.05,-18227.05,14588.0,1,240,3,8,6
2.18,1754204441,4249,21519.31,-15104.19,6415.12,1,240,3,8,6
172.64,1754204463,8114,38188.42,-150675.97,-112487.55,1,241,3,8,6
2.23,1754204536,7573,29263.46,-17004.95,12258.51,1,242,3,8,6
1.97,1754204565,4941,22738.88,-9859.42,12879.46,0,242,3,8,6
1.19,1754204574,6680,31664.29,-655.34,31008.95,0,242,3,8,6
5.67,1754204594,5847,27954.62,-53344.56,-25389.94,1,243,3,8,6
6.32,1754204636,8230,40303.53,-88820.96,-48517.43,1,243,3,8,6
1.5,1754204668,8755,43549.55,-3773.29,39776.26,0,244,3,8,6
10.25,1754204691,5237,24314.6,-64284.91,-39970.31,1,244,3,8,6
13.68,1754204729,8970,38773.22,-114890.96,-76117.74,1,245,3,8,6
1.14,1754204770,10116,91747.74,-1713.57,90034.17,0,246,3,8,6
114.64,1754204802,4818,22594.08,-122238.91,-99644.83,1,246,3,8,6
1.14,1754204854,335,2113802.23,-10106.52,2103695.71,0,247,3,8,6
28.91,1754204885,5981,30971.57,-124835.99,-93864.42,1,248,3,8,6
16.63,1754204934,6432,27831.22,-96896.55,-69065.33,1,248,3,8,6
3.26,1754204987,7858,29839.06,-27430.28,2408.78,1,249,3,8,6
1.22,1754205007,5338,23394.26,-399.47,22994.79,0,250,3,8,6
3.34,1754205026,5831,24439.75,-26156.4,-1716.65,1,250,3,8,6
2.92,1754205042,7652,35427.42,-39759.9,-4332.48,1,250,3,8,6
1.0,1754205068,5822,32843.95,-0.0,32843.95,0,251,3,8,6
1.13,1754205080,5670,28182.2,-212.41,27969.79,0,251,3,8,6
5.25,1754205093,6497,26627.19,-46743.37,-20116.18,1,251,3,8,6
1.11,1754205127,7916,31564.79,-118.63,31446.16,0,252,3,8,6
5.24,1754205147,5265,27010.75,-51769.53,-24758.78,1,252,3,8,6
1.18,1754205168,7532,23697.93,-763.89,22934.04,0,252,3,8,6
14.8,1754205191,5706,35597.11,-108461.36,-72864.25,1,253,3,8,6
1.0,1754205231,7676,31232.24,-0.0,31232.24,0,253,3,8,6
12.91,1754205248,5960,29086.56,-97661.87,-68575.31,1,254,3,8,6
1.4,1754205295,8601,80963.12,-3710.58,77252.54,0,254,3,8,6
1.27,1754205320,5942,36749.7,-804.5,35945.2,0,255,3,8,6
1.3,1754205330,2207,93465.99,-2536.63,90929.36,0,255,3,8,6
1.21,1754205341,417,1307852.87,-43337.18,1264515.69,0,255,3,8,6
2.65,1754205358,6586,26605.74,-20643.93,5961.81,1,255,3,8,6
4.13,1754205379,6991,28634.44,-42460.31,-13825.87,1,256,3,8,6
1.38,1754205409,8051,35347.06,-1469.59,33877.47,0,256,3,8,6
3.77,1754205420,4906,23250.56,-31161.55,-7910.99,1,257,3,8,6
4.31,1754205449,8209,34851.81,-58200.26,-23348.45,1,257,3,8,6
1.12,1754205475,7998,27745.08,-286.93,27458.15,0,257,3,8,6
1.35,1754205497,7157,73123.37,-2719.76,70403.61,0,258,3,8,6
2.91,1754205520,6027,26927.12,-22737.38,4189.74,1,258,3,8,6
30.73,1754205530,7676,35223.76,-121963.22,-86739.46,1,258,3,8,6
2.28,1754205584,8474,29855.78,-17278.8,12576.98,1,259,3,8,6
1.59,1754205607,5937,27975.64,-2986.01,24989.63,0,260,3,8,6
2.55,1754205625,6172,23990.09,-18289.6,5700.49,1,260,3,8,6
1.06,1754205641,7730,76648.35,-60.75,76587.6,0,260,3,8,6
1.34,1754205672,5950,28065.7,-1198.72,26866.98,0,261,3,8,6
7.69,1754205681,5963,27881.48,-64027.92,-36146.44,1,261,3,8,6
55.5,1754205711,8441,42642.07,-157304.64,-114662.57,1,261,3,8,6
2.51,1754205771,7267,34647.19,-25921.53,8725.66,1,262,3,8,6
1.15,1754205796,5165,31529.92,-411.52,31118.4,0,263,3,8,6
1.23,1754205819,5486,33736.96,-862.56,32874.4,0,263,3,8,6
7.8,1754205831,5247,26128.24,-69030.11,-42901.87,1,263,3,8,6
2.13,1754205863,513,1799616.4,-790924.23,1008692.17,1,264,3,8,6
1.94,1754205907,4273,32182.47,-10278.96,21903.51,0,265,3,8,6
2.68,1754205919,4625,21692.8,-16587.5,5105.3,1,265,3,8,6
2.53,1754205928,8044,38364.69,-36316.92,2047.77,1,265,3,8,6
1.71,1754205955,6243,26085.36,-6774.17,19311.19,0,265,3,8,6
1.0,1754205972,6503,76888.6,-0.0,76888.6,0,266,3,8,6
20.81,1754205997,5808,28627.27,-103683.89,-75056.62,1,266,3,8,6
7.82,1754206049,8181,44386.03,-90112.43,-45726.4,1,267,3,8,6
3.98,1754206085,7967,37333.13,-55827.45,-18494.32,1,268,3,8,6
2.95,1754206110,6355,23446.16,-20895.9,2550.26,1,268,3,8,6
1.19,1754206135,44,11819020.76,-159535.99,11659484.77,0,268,3,8,6
1.35,1754206167,6559,23403.49,-1307.11,22096.38,0,269,3,8,6
1.0,1754206175,3168,27231.64,-0.0,27231.64,0,269,3,8,6
5.05,1754206185,6202,29979.37,-50021.82,-20042.45,1,269,3,8,6
1.95,1754206210,8476,35012.62,-7527.77,27484.85,0,270,3,8,6
1.87,1754206238,5035,28828.18,-7354.19,21473.99,0,270,3,8,6
2.68,1754206255,6580,64107.6,-54194.1,9913.5,1,270,3,8,6
1.34,1754206290,852,627385.65,-23900.63,603485.02,0,271,3,8,6
2.11,1754206310,5322,25462.88,-12914.57,12548.31,1,271,3,8,6
2.49,1754206319,6509,23511.38,-19305.48,4205.9,1,271,3,8,6
1.1,1754206348,6822,28141.51,-346.08,27795.43,0,272,3,8,6
1.09,1754206360,6241,26213.47,-101.01,26112.46,0,272,3,8,6
2.21,1754206377,6452,31796.54,-21977.54,9819.0,1,272,3,8,6
1.0,1754206407,5607,64971.84,-0.0,64971.84,0,273,3,8,6
2.06,1754206425,6957,31419.71,-16475.71,14944.0,1,273,3,8,6
6.34,1754206442,6654,27596.21,-53840.24,-26244.03,1,274,3,8,6
2.01,1754206475,7862,32376.19,-11724.74,20651.45,1,274,3,8,6
2.78,1754206499,5559,22655.12,-21664.01,991.11,1,274,3,8,6
6.78,1754206517,7907,29853.12,-65580.92,-35727.8,1,275,3,8,6
1.26,1754206558,8190,33132.69,-745.13,32387.56,0,275,3,8,6
5.66,1754206570,5868,24420.15,-49255.35,-24835.2,1,276,3,8,6
2.65,1754206605,7367,29025.94,-26480.5,2545.44,1,276,3,8,6
2.76,1754206631,6375,26958.52,-26006.78,951.74,1,277,3,8,6
1.35,1754206654,6536,27448.66,-1786.68,25661.98,0,277,3,8,6
2.31,1754206666,5525,30250.39,-19251.48,10998.91,1,277,3,8,6
3.77,1754206692,6831,32059.78,-47897.32,-15837.54,1,278,3,8,6
2.19,1754206717,8365,34762.19,-22765.96,11996.23,1,278,3,8,6
5.31,1754206746,5419,25658.55,-47086.35,-21427.8,1,279,3,8,6
2.2,1754206772,972,688025.89,-434016.03,254009.86,1,279,3,8,6
1.0,1754206813,2077,57570.32,-0.0,57570.32,0,280,3,8,6
9.36,1754206824,6086,23296.55,-59027.3,-35730.75,1,280,3,8,6
14.82,1754206858,7755,30591.69,-91791.4,-61199.71,1,280,3,8,6
161.14,1754206908,8022,27632.2,-135851.92,-108219.72,1,281,3,8,6
1.66,1754206977,7723,72818.09,-8958.38,63859.71,0,282,3,8,6
3.23,1754207011,4747,22039.69,-24272.45,-2232.76,1,283,3,8,6
1.27,1754207022,33,21332636.95,-482224.8,20850412.15,0,283,3,8,6
4.12,1754207055,5772,29989.36,-47672.21,-17682.85,1,284,3,8,6
1.0,1754207066,8868,28194.04,-0.0,28194.04,0,284,3,8,6
6.66,1754207083,6422,30235.35,-75680.2,-45444.85,1,284,3,8,6
5.03,1754207116,8919,32641.12,-57824.19,-25183.07,1,285,3,8,6
1.48,1754207145,7527,27171.05,-1694.89,25476.16,0,285,3,8,6
1.75,1754207164,6771,25510.94,-3379.08,22131.86,0,286,3,8,6
12.98,1754207183,6721,27416.92,-83223.03,-55806.11,1,286,3,8,6
2.79,1754207228,8371,36890.52,-34786.75,2103.77,1,287,3,8,6
1.19,1754207255,19,17795516.41,-180765.64,17614750.77,0,287,3,8,6
2.76,1754207273,5518,24583.43,-22682.05,1901.38,1,287,3,8,6
5.31,1754207283,7191,31497.62,-64775.97,-33278.35,1,288,3,8,6
5.42,1754207324,7591,27428.4,-59049.37,-31620.97,1,288,3,8,6
2.76,1754207358,8112,90752.74,-78945.42,11807.32,1,289,3,8,6
5.16,1754207393,5774,30875.36,-61133.8,-30258.44,1,289,3,8,6
1.93,1754207415,7256,28723.76,-6289.05,22434.71,0,290,3,8,6
1.22,1754207430,5712,27438.64,-691.36,26747.28,0,290,3,8,6
1.0,1754207440,5254,22742.78,-0.0,22742.78,0,290,3,8,6
1.26,1754207451,5985,30586.64,-730.12,29856.52,0,290,3,8,6
1.0,1754207470,4962,27653.45,-0.0,27653.45,0,291,3,8,6
1.21,1754207478,5155,34150.07,-826.55,33323.52,0,291,3,8,6
1.0,1754207496,4820,22924.73,-0.0,22924.73,0,291,3,8,6
8.82,1754207506,5470,32661.08,-82511.94,-49850.86,1,291,3,8,6
1.72,1754207543,7601,32438.13,-4648.75,27789.38,0,292,3,8,6
1.1,1754207570,7093,81642.93,-171.71,81471.22,0,292,3,8,6
26.67,1754207590,5800,32784.43,-103197.33,-70412.9,1,293,3,8,6
1.26,1754207627,8386,39237.01,-394.9,38842.11,0,293,3,8,6
7.57,1754207646,5916,29119.8,-66864.71,-37744.91,1,294,3,8,6
1.08,1754207687,8171,31516.06,-330.31,31185.75,0,294,3,8,6
1.09,1754207699,13,43742625.05,-166514.68,43576110.37,0,294,3,8,6
113.55,1754207725,5769,28587.66,-144276.68,-115689.02,1,295,3,8,6
2.13,1754207783,7092,26766.66,-11995.49,14771.17,1,296,3,8,6
1.59,1754207801,5444,23656.65,-2614.85,21041.8,0,296,3,8,6
6.82,1754207819,5786,28780.07,-53899.15,-25119.08,1,296,3,8,6
1.54,1754207856,8180,83748.57,-8074.0,75674.57,0,297,3,8,6
1.13,1754207891,6598,67297.75,-797.61,66500.14,0,298,3,8,6
1.08,1754207911,4659,26281.53,-11.99,26269.54,0,298,3,8,6
8.28,1754207920,6631,24521.33,-70216.0,-45694.67,1,298,3,8,6
1.74,1754207949,8957,33938.45,-5796.85,28141.6,0,299,3,8,6
2.48,1754207975,6799,24172.88,-17656.38,6516.5,1,299,3,8,6
5.28,1754207993,6672,26496.84,-48733.14,-22236.3,1,299,3,8,6
1.0,1754208027,543,1208993.88,-0.0,1208993.88,0,300,3,8,6
1.17,1754208059,1130,285117.95,-10251.84,274866.11,0,300,3,8,6
5.15,1754208078,5837,29808.93,-52604.18,-22795.25,1,301,3,8,6
1.53,1754208098,7870,32423.29,-2222.8,30200.49,0,301,3,8,6
4.14,1754208115,4741,25736.31,-35706.9,-9970.59,1,301,3,8,6
1.95,1754208149,8116,33370.92,-15287.55,18083.37,0,302,3,8,6
1.0,1754208167,6268,30888.94,-0.0,30888.94,0,302,3,8,6
4.67,1754208181,6309,26713.44,-47743.72,-21030.28,1,303,3,8,6
2.71,1754208212,8285,33672.23,-27921.67,5750.56,1,303,3,8,6
1.11,1754208240,5310,54538.91,-195.98,54342.93,0,304,3,8,6
3.29,1754208259,5716,27354.35,-31136.76,-3782.41,1,304,3,8,6
1.79,1754208277,8691,36732.5,-8824.92,27907.58,0,304,3,8,6
2.77,1754208296,6064,31624.05,-28443.94,3180.11,1,304,3,8,6
1.13,1754208323,7998,31124.45,-446.46,30677.99,0,305,3,8,6
2.7,1754208335,6768,30105.11,-32206.32,-2101.21,1,305,3,8,6
1.43,1754208367,7811,72828.02,-5393.78,67434.24,0,306,3,8,6
1.04,1754208394,21,33358519.88,-5209.85,33353310.03,0,306,3,8,6
21.29,1754208419,5780,33652.25,-118498.22,-84845.97,1,306,3,8,6
1.68,1754208456,509,1378983.69,-270203.73,1108779.96,0,307,3,8,6
3.1,1754208492,5471,25723.86,-25529.14,194.72,1,308,3,8,6
1.4,1754208502,7004,35652.65,-2930.22,32722.43,0,308,3,8,6
1.12,1754208513,6114,34581.2,-919.99,33661.21,0,308,3,8,6
1.6,1754208529,6030,29036.96,-3401.96,25635.0,0,308,3,8,6
1.66,1754208547,6344,31998.1,-4185.45,27812.65,0,309,3,8,6
2.8,1754208566,5948,37097.54,-36561.71,535.83,1,309,3,8,6
8.47,1754208586,6299,31108.44,-68074.64,-36966.2,1,309,3,8,6
1.02,1754208628,7921,82453.97,-33.23,82420.74,0,310,3,8,6
1.74,1754208650,2147,99102.22,-19060.63,80041.59,0,310,3,8,6
1.75,1754208663,575,1019213.37,-345667.53,673545.84,0,311,3,8,6
1.0,1754208688,5513,35601.8,-0.0,35601.8,0,311,3,8,6
53.18,1754208699,5514,34635.41,-137845.1,-103209.69,1,311,3,8,6
1.21,1754208746,6599,28354.06,-971.78,27382.28,0,312,3,8,6
1.69,1754208760,5619,28942.38,-6575.68,22366.7,0,312,3,8,6
14.1,1754208784,5861,31644.01,-94344.55,-62700.54,1,313,3,8,6
7.61,1754208823,7219,62933.1,-156474.34,-93541.24,1,313,3,8,6
5.03,1754208878,7174,26862.98,-49205.38,-22342.4,1,314,3,8,6
6.58,1754208897,7432,28131.65,-61571.63,-33439.98,1,314,3,8,6
1.28,1754208926,7798,32655.7,-1153.43,31502.27,0,315,3,8,6
3.34,1754208939,5769,24528.31,-28390.52,-3862.21,1,315,3,8,6
1.47,1754208966,7911,36573.55,-1191.46,35382.09,0,316,3,8,6
6.3,1754208986,6156,25746.65,-50143.11,-24396.46,1,316,3,8,6
1.05,1754209021,7516,30276.13,-91.68,30184.45,0,317,3,8,6
2.01,1754209033,6156,30949.2,-8634.57,22314.63,1,317,3,8,6
20.05,1754209057,7117,28902.34,-91135.06,-62232.72,1,317,3,8,6
1.8,1754209105,7103,28217.03,-5784.15,22432.88,0,318,3,8,6
6.47,1754209125,5153,26715.22,-58561.6,-31846.38,1,318,3,8,6
32.62,1754209156,8426,33023.39,-119310.6,-86287.21,1,319,3,8,6
1.37,1754209215,7891,28223.12,-1205.08,27018.04,0,320,3,8,6
1.32,1754209232,5696,28407.69,-710.43,27697.26,0,320,3,8,6
11.97,1754209244,5884,27626.62,-84570.9,-56944.28,1,320,3,8,6
1.07,1754209289,8666,39493.77,-90.86,39402.91,0,321,3,8,6
2.58,1754209302,6223,26961.16,-15336.87,11624.29,1,321,3,8,6
1.5,1754209329,7980,33761.07,-3039.67,30721.4,0,322,3,8,6
2.25,1754209344,1079,480935.48,-329120.26,151815.22,1,322,3,8,6
1.08,1754209379,6232,25313.84,-207.1,25106.74,0,322,3,8,6
2.25,1754209394,6232,29171.54,-24108.75,5062.79,1,323,3,8,6
2.11,1754209412,5252,22182.82,-9853.89,12328.93,1,323,3,8,6
2.72,1754209423,7163,29241.47,-30997.7,-1756.23,1,323,3,8,6
6.22,1754209450,6609,27358.73,-55897.19,-28538.46,1,324,3,8,6
46.5,1754209480,8532,34397.24,-139870.51,-105473.27,1,324,3,8,6
2.12,1754209549,7791,34022.67,-17732.21,16290.46,1,325,3,8,6
7.95,1754209549,7553,31905.45,-73266.77,-41361.32,1,325,3,8,6
1.0,1754209651,8206,36704.98,-0.0,36704.98,0,327,3,8,6
12.72,1754209670,5742,30546.12,-80423.4,-49877.28,1,327,3,8,6
1.58,1754209708,8330,36246.25,-3587.24,32659.01,0,328,3,8,6
7.37,1754209732,6398,31522.07,-68034.84,-36512.77,1,328,3,8,6
2.11,1754209765,8318,32204.25,-14714.31,17489.94,1,329,3,8,6
2.73,1754209790,5336,32304.08,-24937.35,7366.73,1,329,3,8,6
1.0,1754209810,7997,34616.69,-0.0,34616.69,0,330,3,8,6
1.54,1754209826,5739,30997.79,-2570.49,28427.3,0,330,3,8,6
1.51,1754209846,5748,25195.7,-2270.01,22925.69,0,330,3,8,6
66.55,1754209863,5757,29562.48,-135915.92,-106353.44,1,331,3,8,6
2.01,1754209924,7583,33737.13,-13237.44,20499.69,1,332,3,8,6
49.17,1754209954,5425,34082.24,-139707.09,-105624.85,1,332,3,8,6
1.04,1754210012,7571,33323.6,-86.79,33236.81,0,333,3,8,6
1.73,1754210027,5070,26064.54,-4237.48,21827.06,0,333,3,8,6
15.97,1754210041,6413,26071.03,-72540.68,-46469.65,1,334,3,8,6
1.45,1754210085,8095,36957.76,-1924.85,35032.91,0,334,3,8,6
2.46,1754210105,5658,33353.04,-20048.4,13304.64,1,335,3,8,6
23.38,1754210126,7205,30960.15,-98849.19,-67889.04,1,335,3,8,6
2.0,1754210181,8113,35422.8,-9123.17,26299.63,1,336,3,8,6
15.51,1754210200,5985,28520.12,-101466.2,-72946.08,1,336,3,8,6
2.36,1754210242,8250,29939.14,-19459.75,10479.39,1,337,3,8,6
1.03,1754210267,6458,31904.29,-360.41,31543.88,0,337,3,8,6
1.06,1754210283,6183,30561.12,-66.05,30495.07,0,338,3,8,6
2.02,1754210295,5643,26160.66,-5672.31,20488.35,1,338,3,8,6
1.18,1754210317,5287,36841.72,-401.77,36439.95,0,338,3,8,6
2.37,1754210327,5664,30133.74,-18163.15,11970.59,1,338,3,8,6
2.23,1754210347,6759,26986.69,-19269.54,7717.15,1,339,3,8,6
1.88,1754210369,5957,40701.8,-15305.99,25395.81,0,339,3,8,6
1.17,1754210388,5679,29617.4,-770.05,28847.35,0,339,3,8,6
1.22,1754210408,4917,28971.43,-447.62,28523.81,0,340,3,8,6
5.26,1754210419,6358,27733.84,-46736.42,-19002.58,1,340,3,8,6
6.4,1754210455,7800,34619.84,-74891.55,-40271.71,1,340,3,8,6
1.0,1754210489,8167,35552.59,-0.0,35552.59,0,341,3,8,6
12.82,1754210503,5705,32346.4,-87800.76,-55454.36,1,341,3,8,6
1.01,1754210542,7056,32855.52,-0.0,32855.52,0,342,3,8,6
9.77,1754210559,5473,36953.45,-102318.09,-65364.64,1,342,3,8,6
12.68,1754210595,7321,30204.43,-78148.27,-47943.84,1,343,3,8,6
1.5,1754210637,7601,32038.71,-2158.79,29879.92,0,343,3,8,6
1.08,1754210660,5599,32358.8,-372.23,31986.57,0,344,3,8,6
1.56,1754210673,5347,29902.92,-1848.31,28054.61,0,344,3,8,6
3.51,1754210685,5860,32376.23,-33614.61,-1238.38,1,344,3,8,6
1.0,1754210711,7794,42857.24,-0.0,42857.24,0,345,3,8,6
1.97,1754210729,7259,35770.06,-12969.44,22800.62,0,345,3,8,6
1.08,1754210745,5872,36222.92,-17.16,36205.76,0,345,3,8,6
1.13,1754210763,5421,38085.93,-73.0,38012.93,0,346,3,8,6
1.51,1754210773,5599,28414.36,-1669.09,26745.27,0,346,3,8,6
8.83,1754210789,5538,33689.92,-71470.33,-37780.41,1,346,3,8,6
5.45,1754210826,7418,38305.05,-69118.02,-30812.97,1,347,3,8,6
6.76,1754210862,8219,32775.56,-67551.21,-34775.65,1,347,3,8,6
1.12,1754210897,7951,37761.05,-184.57,37576.48,0,348,3,8,6
1.38,1754210911,5637,26312.18,-1106.7,25205.48,0,348,3,8,6
1.69,1754210923,5677,28942.66,-3520.35,25422.31,0,348,3,8,6
1.11,1754210942,6009,32217.29,-124.02,32093.27,0,349,3,8,6
5.91,1754210958,6390,23308.05,-49917.37,-26609.32,1,349,3,8,6
2.82,1754210991,8185,35555.65,-27545.75,8009.9,1,349,3,8,6
7.41,1754211019,4993,34611.16,-66768.06,-32156.9,1,350,3,8,6
1.18,1754211049,6615,30423.17,-692.24,29730.93,0,350,3,8,6
18.78,1754211068,4999,24207.57,-82246.52,-58038.95,1,351,3,8,6
6.27,1754211110,7774,34518.21,-69996.96,-35478.75,1,351,3,8,6
1.75,1754211145,7643,37084.66,-5899.65,31185.01,0,352,3,8,6
1.32,1754211168,5815,34195.88,-645.34,33550.54,0,352,3,8,6
61.82,1754211181,5319,31857.27,-126402.31,-94545.04,1,353,3,8,6
1.82,1754211243,7459,31052.22,-4476.45,26575.77,0,354,3,8,6
4.62,1754211272,5401,35382.52,-51270.16,-15887.64,1,354,3,8,6
1.18,1754211300,6772,29185.32,-222.9,28962.42,0,355,3,8,6
1.48,1754211315,5717,36031.91,-772.92,35258.99,0,355,3,8,6
8.14,1754211328,5697,31160.96,-76340.92,-45179.96,1,355,3,8,6
2.16,1754211363,8035,33316.93,-15165.99,18150.94,1,356,3,8,6
3.86,1754211387,6176,27196.44,-33352.27,-6155.83,1,356,3,8,6
6.6,1754211412,7463,32002.77,-64026.9,-32024.13,1,356,3,8,6
3.36,1754211453,8132,33003.94,-36696.64,-3692.7,1,357,3,8,6
5.95,1754211475,5161,30690.14,-61730.83,-31040.69,1,357,3,8,6
1.25,1754211506,8068,31622.59,-641.39,30981.2,0,358,3,8,6
1.39,1754211522,5508,25247.36,-927.67,24319.69,0,358,3,8,6
1.28,1754211540,5584,27919.6,-511.47,27408.13,0,359,3,8,6
4.03,1754211555,5538,27685.86,-36893.14,-9207.28,1,359,3,8,6
1.23,1754211583,7376,40956.25,-500.66,40455.59,0,359,3,8,6
1.55,1754211601,6649,25909.35,-1664.77,24244.58,0,360,3,8,6
1.85,1754211616,5708,30852.91,-6587.11,24265.8,0,360,3,8,6
207.35,1754211633,6449,32671.79,-135400.01,-102728.22,1,360,3,8,6
1.76,1754211713,7346,33419.4,-5901.8,27517.6,0,361,3,8,6
10.24,1754211731,5218,28699.4,-79190.23,-50490.83,1,362,3,8,6
2.46,1754211767,7792,27103.96,-18729.59,8374.37,1,362,3,8,6
3.08,1754211790,4923,31078.22,-31560.26,-482.04,1,363,3,8,6
6.03,1754211818,8331,28899.17,-58298.19,-29399.02,1,363,3,8,6
1.03,1754211853,8410,32923.26,-21.87,32901.39,0,364,3,8,6
1.02,1754211869,5997,32563.51,-9.85,32553.66,0,364,3,8,6
11.28,1754211883,6134,23595.54,-72710.19,-49114.65,1,364,3,8,6
1.93,1754211920,8127,36162.91,-9446.63,26716.28,0,365,3,8,6
1.87,1754211949,6108,28418.49,-7923.34,20495.15,0,365,3,8,6
1.44,1754211964,6750,32019.89,-1451.67,30568.22,0,366,3,8,6
1.11,1754211986,5232,34883.71,-645.09,34238.62,0,366,3,8,6
1.66,1754211997,5421,30674.7,-2832.12,27842.58,0,366,3,8,6
1.72,1754212009,5650,33040.96,-6519.66,26521.3,0,366,3,8,6
1.63,1754212032,5570,34837.45,-5842.44,28995.01,0,367,3,8,6
1.48,1754212044,6223,26319.05,-2406.69,23912.36,0,367,3,8,6
3.33,1754212062,6047,27697.06,-28313.28,-616.22,1,367,3,8,6
2.01,1754212085,7532,32112.21,-12080.67,20031.54,1,368,3,8,6
1.15,1754212108,6769,33857.16,-168.14,33689.02,0,368,3,8,6
1.99,1754212125,6276,25785.31,-7995.7,17789.61,0,368,3,8,6
4.11,1754212142,6827,29396.65,-42776.79,-13380.14,1,369,3,8,6
8.71,1754212176,8571,38665.34,-97237.19,-58571.85,1,369,3,8,6
1.02,1754212214,7733,28977.58,-27.91,28949.67,0,370,3,8,6
4.84,1754212230,5300,27507.74,-44058.19,-16550.45,1,370,3,8,6
1.58,1754212259,8200,32135.65,-3321.95,28813.7,0,370,3,8,6
111.06,1754212280,5718,37638.6,-157488.85,-119850.25,1,371,3,8,6
3.84,1754212344,7281,25619.83,-32273.17,-6653.34,1,372,3,8,6
1.81,1754212371,6435,29554.75,-6677.2,22877.55,0,372,3,8,6
2.09,1754212396,5399,31765.21,-13938.15,17827.06,1,373,3,8,6
3.08,1754212411,6927,32187.79,-33040.26,-852.47,1,373,3,8,6
1.42,1754212436,7168,25918.79,-1535.06,24383.73,0,373,3,8,6
1.01,1754212458,6065,29427.18,-0.0,29427.18,0,374,3,8,6
1.08,1754212469,5990,34513.81,-131.1,34382.71,0,374,3,8,6
1.0,1754212482,6203,29048.05,-0.0,29048.05,0,374,3,8,6
2.88,1754212494,6642,36009.45,-33891.73,2117.72,1,374,3,8,6
10.18,1754212516,7190,32511.44,-82943.16,-50431.72,1,375,3,8,6
1.89,1754212558,7575,38726.0,-13676.45,25049.55,0,375,3,8,6
15.23,1754212581,5589,27871.94,-88148.39,-60276.45,1,376,3,8,6
4.83,1754212621,7769,36613.52,-57122.23,-20508.71,1,377,3,8,6
2.58,1754212652,7490,32434.41,-27136.72,5297.69,1,377,3,8,6
1.19,1754212677,5429,28148.44,-393.27,27755.17,0,377,3,8,6
11.82,1754212688,5910,26077.96,-78075.76,-51997.8,1,378,3,8,6
1.66,1754212729,8326,34983.3,-4279.96,30703.34,0,378,3,8,6
1.24,1754212753,6666,39005.61,-409.47,38596.14,0,379,3,8,6
1.9,1754212770,5517,27593.53,-7425.53,20168.0,0,379,3,8,6
9.34,1754212785,6375,34215.99,-87221.28,-53005.29,1,379,3,8,6
1.25,1754212824,7916,39912.13,-1806.04,38106.09,0,380,3,8,6
4.88,1754212845,5459,28442.86,-47431.08,-18988.22,1,380,3,8,6
70.93,1754212875,7450,29626.88,-109678.47,-80051.59,1,381,3,8,6
1.07,1754212938,8082,34788.67,-42.55,34746.12,0,382,3,8,6
1.18,1754212952,5306,35326.58,-481.69,34844.89,0,382,3,8,6
2.1,1754212959,6140,29259.18,-14408.67,14850.51,1,382,3,8,6
1.17,1754212981,5960,42602.73,-903.41,41699.32,0,383,3,8,6
1.2,1754212998,6040,23975.71,-301.2,23674.51,0,383,3,8,6
238.39,1754213012,6184,30629.42,-138202.98,-107573.56,1,383,3,8,6
2.36,1754213089,7190,29283.05,-14694.67,14588.38,1,384,3,8,6
1.89,1754213111,5284,28019.31,-7036.99,20982.32,0,385,3,8,6
2.26,1754213126,6450,31659.33,-21850.81,9808.52,1,385,3,8,6
1.81,1754213147,6261,26539.05,-7405.15,19133.9,0,385,3,8,6
3.32,1754213171,6432,33535.6,-39743.63,-6208.03,1,386,3,8,6
1.18,1754213194,6458,29423.25,-1023.61,28399.64,0,386,3,8,6
1.15,1754213211,6228,37322.77,-191.81,37130.96,0,386,3,8,6
3.4,1754213225,5847,34438.64,-43020.45,-8581.81,1,387,3,8,6
1.32,1754213246,8681,39052.24,-2160.27,36891.97,0,387,3,8,6
1.67,1754213265,6872,33301.51,-4829.47,28472.04,0,387,3,8,6
1.82,1754213285,6662,38127.93,-8062.45,30065.48,0,388,3,8,6
1.44,1754213304,6654,31849.27,-3303.04,28546.23,0,388,3,8,6
1.08,1754213322,5443,32165.27,-20.08,32145.19,0,388,3,8,6
1.75,1754213333,5872,30909.92,-6175.02,24734.9,0,388,3,8,6
1.42,1754213352,6003,32984.93,-3433.65,29551.28,0,389,3,8,6
1.13,1754213370,6059,31539.1,-219.04,31320.06,0,389,3,8,6
1.45,1754213383,6358,29847.31,-2226.5,27620.81,0,389,3,8,6
1.26,1754213399,6304,39237.54,-1137.08,38100.46,0,389,3,8,6
7.47,1754213413,5841,32231.59,-65562.34,-33330.75,1,390,3,8,6
12.28,1754213447,7680,32855.34,-92656.89,-59801.55,1,390,3,8,6
23.41,1754213491,8321,32086.42,-117156.65,-85070.23,1,391,3,8,6
1.31,1754213543,8671,37777.06,-1013.06,36764.0,0,392,3,8,6
1.15,1754213564,5132,23944.04,-285.76,23658.28,0,392,3,8,6
1.31,1754213572,5230,27429.77,-471.57,26958.2,0,392,3,8,6
3.87,1754213587,5153,26540.75,-30192.38,-3651.63,1,393,3,8,6
3.25,1754213619,8321,39619.29,-49235.09,-9615.8,1,393,3,8,6
2.3,1754213648,6006,26001.52,-16291.75,9709.77,1,394,3,8,6
1.93,1754213665,7247,32977.41,-13179.6,19797.81,0,394,3,8,6
2.52,1754213690,6266,26420.82,-20823.62,5597.2,1,394,3,8,6
2.84,1754213708,7739,34096.07,-37458.36,-3362.29,1,395,3,8,6
1.21,1754213739,7293,37493.82,-580.3,36913.52,0,395,3,8,6
13.17,1754213755,6499,35910.42,-88997.28,-53086.86,1,395,3,8,6
1.12,1754213796,8321,40376.11,-282.36,40093.75,0,396,3,8,6
2.61,1754213817,5465,38817.69,-28590.53,10227.16,1,396,3,8,6
1.26,1754213834,7337,31775.21,-634.16,31141.05,0,397,3,8,6
1.13,1754213853,6173,33309.31,-213.56,33095.75,0,397,3,8,6
5.6,1754213867,5381,27385.05,-48427.41,-21042.36,1,397,3,8,6
1.81,1754213898,8131,39985.21,-8859.18,31126.03,0,398,3,8,6
1.02,1754213924,5925,36098.15,-11.98,36086.17,0,398,3,8,6
32.7,1754213935,6674,36039.77,-122206.64,-86166.87,1,398,3,8,6
1.78,1754213988,7982,35480.87,-8833.25,26647.62,0,399,3,8,6
9.29,1754214008,6185,29107.84,-64245.3,-35137.46,1,400,3,8,6
3.62,1754214046,7425,34398.73,-39566.38,-5167.65,1,400,3,8,6
7.55,1754214073,5938,29699.6,-71601.29,-41901.69,1,401,3,8,6
9.68,1754214107,7669,31519.61,-82762.02,-51242.41,1,401,3,8,6
2.67,1754214149,8164,38111.46,-27814.91,10296.55,1,402,3,8,6
1.05,1754214175,5621,28110.01,-138.62,27971.39,0,402,3,8,6
2.32,1754214185,5775,30721.8,-14630.02,16091.78,1,403,3,8,6
3.04,1754214208,7057,29821.64,-30505.71,-684.07,1,403,3,8,6
1.41,1754214234,7240,32678.73,-1197.44,31481.29,0,403,3,8,6
1.1,1754214253,6727,32606.54,-130.04,32476.5,0,404,3,8,6
18.07,1754214266,6395,26738.8,-87854.26,-61115.46,1,404,3,8,6
1.15,1754214310,7684,34152.32,-340.66,33811.66,0,405,3,8,6
5.58,1754214330,5316,26617.73,-52054.23,-25436.5,1,405,3,8,6
2.75,1754214358,7925,33382.62,-27831.31,5551.31,1,405,3,8,6
1.28,1754214386,5698,29323.22,-1452.2,27871.02,0,406,3,8,6
1.87,1754214399,5946,32803.47,-8656.39,24147.08,0,406,3,8,6
1.11,1754214416,6207,29262.25,-151.49,29110.76,0,406,3,8,6
1.84,1754214432,1813,88086.23,-19246.87,68839.36,0,407,3,8,6
2.74,1754214450,2894,92735.06,-89986.18,2748.88,1,407,3,8,6
4.49,1754214472,2990,102738.62,-167961.05,-65222.43,1,407,3,8,6
1.32,1754214502,2851,91052.14,-5140.84,85911.3,0,408,3,8,6
2.91,1754214515,2361,81756.73,-86599.08,-4842.35,1,408,3,8,6
1.15,1754214537,2684,98175.51,-2307.7,95867.81,0,408,3,8,6
6.13,1754214552,2648,107530.78,-211698.74,-104167.96,1,409,3,8,6
2.28,1754214583,2377,63573.58,-38575.56,24998.02,1,409,3,8,6
1.19,1754214605,2491,86106.11,-1722.32,84383.79,0,410,3,8,6
1.23,1754214620,2476,89061.08,-2886.7,86174.38,0,410,3,8,6
1.0,1754214633,2393,89435.5,-0.0,89435.5,0,410,3,8,6
4.24,1754214644,2283,79616.79,-124537.82,-44921.03,1,410,3,8,6
1.44,1754214673,2675,98022.7,-6583.76,91438.94,0,411,3,8,6
2.38,1754214691,2917,65775.38,-50670.43,15104.95,1,411,3,8,6
1.95,1754214713,4236,35772.92,-15341.02,20431.9,0,411,3,8,6
10.55,1754214730,5618,48540.01,-112968.43,-64428.42,1,412,3,8,6
11.21,1754214774,6424,34722.98,-77921.83,-43198.85,1,412,3,8,6
1.13,1754214814,7695,31741.46,-558.95,31182.51,0,413,3,8,6
4.78,1754214835,5215,26729.86,-45955.49,-19225.63,1,413,3,8,6
2.05,1754214864,8320,37665.24,-15174.17,22491.07,1,414,3,8,6
3.32,1754214890,5787,35130.0,-45953.64,-10823.64,1,414,3,8,6
1.0,1754214914,8555,41844.53,-0.0,41844.53,0,415,3,8,6
1.49,1754214931,6502,34462.9,-2355.6,32107.3,0,415,3,8,6
1.82,1754214947,6731,30943.94,-8720.44,22223.5,0,415,3,8,6
3.24,1754214970,6970,36682.9,-43121.07,-6438.17,1,416,3,8,6
1.21,1754214995,8305,48425.64,-684.46,47741.18,0,416,3,8,6
7.42,1754215015,6808,38983.0,-78724.05,-39741.05,1,416,3,8,6
1.64,1754215051,7837,31026.18,-6414.15,24612.03,0,417,3,8,6
1.06,1754215069,5589,35392.23,-109.56,35282.67,0,417,3,8,6
3.64,1754215083,6257,29303.92,-35601.17,-6297.25,1,418,3,8,6
5.83,1754215108,7824,35191.32,-65102.61,-29911.29,1,418,3,8,6
1.68,1754215145,7952,36096.36,-5327.68,30768.68,0,419,3,8,6
2.99,1754215169,5936,28389.59,-23887.64,4501.95,1,419,3,8,6
17.91,1754215189,8080,36882.85,-101691.3,-64808.45,1,419,3,8,6
1.63,1754215238,7599,34753.37,-6115.89,28637.48,0,420,3,8,6
10.15,1754215257,6383,26994.35,-67166.93,-40172.58,1,420,3,8,6
1.01,1754215294,8880,43517.23,-0.0,43517.23,0,421,3,8,6
6.2,1754215314,5285,33401.01,-73641.87,-40240.86,1,421,3,8,6
1.72,1754215345,8300,32072.05,-6874.59,25197.46,0,422,3,8,6
1.43,1754215368,6033,33839.59,-1152.63,32686.96,0,422,3,8,6
1.07,1754215383,6106,26911.68,-7.76,26903.92,0,423,3,8,6
3.05,1754215394,7232,37951.83,-37052.14,899.69,1,423,3,8,6
37.37,1754215421,7130,30208.27,-106391.19,-76182.92,1,423,3,8,6
1.19,1754215478,7651,31724.04,-480.06,31243.98,0,424,3,8,6
1.02,1754215495,5355,28774.14,-9.72,28764.42,0,424,3,8,6
1.85,1754215506,5751,30525.33,-5901.88,24623.45,0,425,3,8,6
1.84,1754215524,6184,27805.31,-7338.32,20466.99,0,425,3,8,6
57.33,1754215541,5850,37729.84,-135291.41,-97561.57,1,425,3,8,6
1.08,1754215602,7833,35056.98,-225.58,34831.4,0,426,3,8,6
3.08,1754215620,5148,32772.52,-30531.26,2241.26,1,427,3,8,6
8.2,1754215644,6789,24925.52,-54959.69,-30034.17,1,427,3,8,6
2.25,1754215679,8246,41005.34,-24072.71,16932.63,1,427,3,8,6
1.14,1754215702,5820,32698.69,-330.68,32368.01,0,428,3,8,6
11.07,1754215717,5948,29040.82,-78530.01,-49489.19,1,428,3,8,6
1.0,1754215753,8298,32736.56,-0.0,32736.56,0,429,3,8,6
1.34,1754215772,6246,29319.29,-1518.0,27801.29,0,429,3,8,6
1.65,1754215790,5922,24177.17,-3280.76,20896.41,0,429,3,8,6
21.31,1754215807,5748,28467.71,-107156.42,-78688.71,1,430,3,8,6
2.35,1754215851,7223,28856.47,-20230.0,8626.47,1,430,3,8,6
4.04,1754215879,4872,28609.21,-40593.4,-11984.19,1,431,3,8,6
2.34,1754215907,6374,30680.4,-24270.6,6409.8,1,431,3,8,6
6.46,1754215923,6105,23881.73,-53581.08,-29699.35,1,432,3,8,6
1.12,1754215962,7535,30124.89,-371.9,29752.99,0,432,3,8,6
1.09,1754215977,5658,26889.45,-90.61,26798.84,0,432,3,8,6
1.85,1754215984,5625,26598.95,-6686.6,19912.35,0,433,3,8,6
1.28,1754216007,6401,30279.97,-1302.96,28977.01,0,433,3,8,6
2.27,1754216023,6332,25676.99,-14104.47,11572.52,1,433,3,8,6
1.1,1754216042,6780,32023.36,-461.05,31562.31,0,434,3,8,6
1.05,1754216054,6815,25514.86,-10.75,25504.11,0,434,3,8,6
10.22,1754216071,6388,24256.79,-61959.37,-37702.58,1,434,3,8,6
1.18,1754216109,8201,35418.72,-271.07,35147.65,0,435,3,8,6
2.73,1754216128,5508,28783.9,-20080.82,8703.08,1,435,3,8,6
2.13,1754216150,7302,32869.12,-20632.57,12236.55,1,435,3,8,6
1.14,1754216176,5725,32571.69,-138.67,32433.02,0,436,3,8,6
2.39,1754216189,6080,26200.87,-20111.53,6089.34,1,436,3,8,6
1.3,1754216209,5944,32010.78,-947.29,31063.49,0,436,3,8,6
1.5,1754216227,6412,27921.58,-1513.53,26408.05,0,437,3,8,6
1.29,1754216244,6886,37841.79,-2087.04,35754.75,0,437,3,8,6
1.06,1754216265,6946,37758.15,-149.7,37608.45,0,437,3,8,6
1.21,1754216273,5844,38413.93,-947.87,37466.06,0,437,3,8,6
1.37,1754216286,5385,33488.75,-2470.28,31018.47,0,438,3,8,6
6.36,1754216302,5095,25927.46,-50453.96,-24526.5,1,438,3,8,6
21.1,1754216338,6585,34115.8,-101500.78,-67384.98,1,438,3,8,6
1.01,1754216381,7074,35262.48,-0.0,35262.48,0,439,3,8,6
1.06,1754216402,5392,25696.39,-48.94,25647.45,0,440,3,8,6
4.02,1754216415,5851,36102.53,-48816.0,-12713.47,1,440,3,8,6
1.17,1754216441,7398,32512.44,-556.38,31956.06,0,440,3,8,6
17.41,1754216460,5326,29479.3,-91384.1,-61904.8,1,441,3,8,6
1.0,1754216499,6887,25694.51,-0.0,25694.51,0,441,3,8,6
11.09,1754216519,6003,29638.25,-79894.3,-50256.05,1,441,3,8,6
7.36,1754216564,6779,22883.33,-48387.03,-25503.7,1,442,3,8,6
12.58,1754216599,7544,33937.86,-96140.34,-62202.48,1,443,3,8,6
6.08,1754216648,8043,41012.73,-71536.14,-30523.41,1,444,3,8,6
22.84,1754216679,8325,37081.57,-129732.53,-92650.96,1,444,3,8,6
7.81,1754216734,8242,39479.0,-80032.76,-40553.76,1,445,3,8,6
1.73,1754216773,8773,38052.83,-2888.35,35164.48,0,446,3,8,6
1.3,1754216798,5433,34138.08,-2019.8,32118.28,0,446,3,8,6
5.2,1754216811,5572,27898.56,-47862.06,-19963.5,1,446,3,8,6
227.82,1754216842,7720,35601.5,-159959.08,-124357.58,1,447,3,8,6
1.43,1754216926,7523,33728.33,-1146.08,32582.25,0,448,3,8,6
1.39,1754216942,5137,26893.88,-2053.14,24840.74,0,449,3,8,6
3.58,1754216950,5004,31069.18,-35922.6,-4853.42,1,449,3,8,6
1.07,1754216975,8652,43138.78,-172.72,42966.06,0,449,3,8,6
1.0,1754216997,6182,33240.89,-0.0,33240.89,0,449,3,8,6
2.38,1754217010,5830,35659.2,-23341.73,12317.47,1,450,3,8,6
2.58,1754217028,6240,30636.79,-27912.69,2724.1,1,450,3,8,6
146.6,1754217053,6042,35509.42,-125165.24,-89655.82,1,450,3,8,6
4.28,1754217126,7079,33707.38,-39331.59,-5624.21,1,452,3,8,6
1.32,1754217152,6975,33889.91,-761.83,33128.08,0,452,3,8,6
5.46,1754217172,5204,23624.43,-42265.78,-18641.35,1,452,3,8,6
1.98,1754217202,8434,40290.08,-9908.07,30382.01,0,453,3,8,6
1.3,1754217228,6191,36936.83,-560.11,36376.72,0,453,3,8,6
1.15,1754217245,5982,31509.76,-841.57,30668.19,0,454,3,8,6
1.83,1754217253,6205,24672.06,-5042.63,19629.43,0,454,3,8,6
66.84,1754217274,6646,28615.97,-129305.5,-100689.53,1,454,3,8,6
1.02,1754217339,8027,41066.5,-9.13,41057.37,0,455,3,8,6
5.68,1754217356,7099,33057.54,-57998.21,-24940.67,1,455,3,8,6
1.34,1754217381,8175,34163.11,-1978.49,32184.62,0,456,3,8,6
1.06,1754217402,6157,42038.06,-97.54,41940.52,0,456,3,8,6
1.15,1754217415,5865,28115.94,-153.01,27962.93,0,456,3,8,6
1.29,1754217427,5912,32321.76,-2546.0,29775.76,0,457,3,8,6
1.27,1754217441,5724,33954.92,-780.66,33174.26,0,457,3,8,6
225.69,1754217454,6303,33252.43,-147974.26,-114721.83,1,457,3,8,6
1.69,1754217528,7465,35641.11,-4603.1,31038.01,0,458,3,8,6
34.19,1754217553,5423,33547.85,-124098.1,-90550.25,1,459,3,8,6
2.36,1754217605,7509,29953.13,-14777.51,15175.62,1,460,3,8,6
1.67,1754217626,5431,35040.17,-5131.57,29908.6,0,460,3,8,6
1.0,1754217646,6348,28688.53,-0.0,28688.53,0,460,3,8,6
3.95,1754217661,5512,36043.36,-41358.55,-5315.19,1,461,3,8,6
1.35,1754217681,7940,35847.71,-1337.34,34510.37,0,461,3,8,6
23.86,1754217705,6299,31366.75,-106947.51,-75580.76,1,461,3,8,6
6.63,1754217751,8150,35007.56,-70041.68,-35034.12,1,462,3,8,6
3.18,1754217784,7751,37102.76,-37615.82,-513.06,1,463,3,8,6
2.91,1754217811,5957,41237.72,-39683.55,1554.17,1,463,3,8,6
1.05,1754217834,7099,36216.1,-15.72,36200.38,0,463,3,8,6
1.88,1754217848,6149,34991.08,-6561.3,28429.78,0,464,3,8,6
1.07,1754217869,5344,32138.01,-212.28,31925.73,0,464,3,8,6
1.8,1754217882,6089,27935.3,-4755.88,23179.42,0,464,3,8,6
25.24,1754217897,6005,36346.69,-112301.4,-75954.71,1,464,3,8,6
8.24,1754217951,8286,43598.95,-94152.92,-50553.97,1,465,3,8,6
1.61,1754217985,8414,36695.99,-4032.54,32663.45,0,466,3,8,6
2.78,1754218013,6043,29312.02,-21239.82,8072.2,1,466,3,8,6
1.74,1754218035,6839,30257.17,-4441.24,25815.93,0,467,3,8,6
1.96,1754218055,7374,85601.55,-26577.38,59024.17,0,467,3,8,6
1.25,1754218084,661,930257.53,-15539.49,914718.04,0,468,3,8,6
1.99,1754218099,5415,31286.35,-9902.09,21384.26,0,468,3,8,6
1.0,1754218112,6656,39894.04,-0.0,39894.04,0,468,3,8,6
1.22,1754218127,5772,39314.97,-357.07,38957.9,0,468,3,8,6
10.47,1754218141,5754,32363.84,-82320.9,-49957.06,1,469,3,8,6
1.74,1754218181,7079,34719.82,-4949.96,29769.86,0,469,3,8,6
2.95,1754218201,6212,28394.25,-22686.46,5707.79,1,470,3,8,6
6.18,1754218221,7663,30039.75,-57289.93,-27250.18,1,470,3,8,6
1.56,1754218256,8180,39422.48,-3695.31,35727.17,0,470,3,8,6
1.84,1754218279,6636,35291.34,-9892.34,25399.0,0,471,3,8,6
1.31,1754218300,6947,37764.64,-1946.79,35817.85,0,471,3,8,6
1.17,1754218316,6718,32102.47,-159.36,31943.11,0,471,3,8,6
1.07,1754218328,6763,30099.8,-352.86,29746.94,0,472,3,8,6
1.96,1754218344,6733,35281.75,-7341.08,27940.67,0,472,3,8,6
1.29,1754218367,5597,37697.12,-1193.99,36503.13,0,472,3,8,6
1.0,1754218379,8067,38663.57,-0.0,38663.57,0,472,3,8,6
2.66,1754218399,6224,38279.08,-23149.09,15129.99,1,473,3,8,6
1.02,1754218420,7079,33975.88,-5.45,33970.43,0,473,3,8,6
17.14,1754218437,6419,31395.12,-98782.08,-67386.96,1,473,3,8,6
1.12,1754218480,8402,35147.3,-309.22,34838.08,0,474,3,8,6
3.32,1754218495,6645,31065.21,-33004.74,-1939.53,1,474,3,8,6
1.0,1754218525,8223,85510.07,-0.0,85510.07,0,475,3,8,6
1.54,1754218543,6900,40191.36,-3427.95,36763.41,0,475,3,8,6
13.65,1754218552,6872,32439.24,-92681.49,-60242.25,1,475,3,8,6
1.74,1754218602,7969,36004.4,-8869.77,27134.63,0,476,3,8,6
1.07,1754218618,5810,58253.06,-71.74,58181.32,0,476,3,8,6
1.63,1754218638,5827,35026.11,-4192.71,30833.4,0,477,3,8,6
1.07,1754218647,5780,32910.15,-287.86,32622.29,0,477,3,8,6
12.14,1754218661,6408,29582.8,-87801.39,-58218.59,1,477,3,8,6
1.44,1754218702,7997,36190.07,-2996.78,33193.29,0,478,3,8,6
1.87,1754218723,6414,31081.42,-8977.79,22103.63,0,478,3,8,6
2.12,1754218742,6496,29384.72,-14815.0,14569.72,1,479,3,8,6
1.95,1754218768,7454,78484.19,-23421.05,55063.14,0,479,3,8,6
1.19,1754218794,3275,37751.46,-1167.78,36583.68,0,479,3,8,6
6.39,1754218803,5222,32486.26,-62834.18,-30347.92,1,480,3,8,6
1.86,1754218832,7559,34773.97,-9063.3,25710.67,0,480,3,8,6
2.49,1754218857,5530,27978.54,-15839.24,12139.3,1,480,3,8,6
1.83,1754218873,7214,34719.19,-10191.53,24527.66,0,481,3,8,6
1.61,1754218894,6092,31939.51,-5757.53,26181.98,0,481,3,8,6
1.0,1754218915,6454,40699.84,-0.0,40699.84,0,481,3,8,6
6.95,1754218923,6052,41656.16,-77793.17,-36137.01,1,482,3,8,6
1.13,1754218953,6861,33107.26,-226.3,32880.96,0,482,3,8,6
2.11,1754218977,6023,30507.2,-12126.61,18380.59,1,482,3,8,6
31.63,1754218992,6022,28514.19,-110226.98,-81712.79,1,483,3,8,6
1.38,1754219049,7718,90265.45,-4055.61,86209.84,0,484,3,8,6
2.51,1754219076,5123,37083.48,-25185.7,11897.78,1,484,3,8,6
5.65,1754219085,7036,32131.03,-56295.43,-24164.4,1,484,3,8,6
2.71,1754219121,7238,34034.56,-28462.05,5572.51,1,485,3,8,6
4.54,1754219148,6945,29542.08,-44417.57,-14875.49,1,485,3,8,6
1.15,1754219176,8089,38439.67,-668.28,37771.39,0,486,3,8,6
1.96,1754219195,6380,31929.36,-10030.49,21898.87,0,486,3,8,6
3.28,1754219211,6556,29782.84,-36367.22,-6584.38,1,486,3,8,6
1.56,1754219243,8226,43864.99,-4593.43,39271.56,0,487,3,8,6
1.69,1754219261,6834,38052.4,-6151.98,31900.42,0,487,3,8,6
1.36,1754219276,6764,44928.25,-1888.88,43039.37,0,487,3,8,6
3.9,1754219292,5686,32450.59,-41805.19,-9354.6,1,488,3,8,6
5.14,1754219325,7578,38167.98,-69979.18,-31811.2,1,488,3,8,6
7.78,1754219356,7913,35517.3,-81704.56,-46187.26,1,489,3,8,6
1.97,1754219392,8056,33186.79,-11596.76,21590.03,0,489,3,8,6
1.54,1754219420,4760,24526.78,-3250.64,21276.14,0,490,3,8,6
3.13,1754219428,7016,30244.43,-30963.12,-718.69,1,490,3,8,6
2.99,1754219462,7249,34106.1,-36575.82,-2469.72,1,491,3,8,6
1.42,1754219483,7408,33069.27,-2772.33,30296.94,0,491,3,8,6
1.93,1754219504,6617,30110.97,-10053.59,20057.38,0,491,3,8,6
3.54,1754219524,6644,37971.61,-51494.5,-13522.89,1,492,3,8,6
1.12,1754219541,10383,121169.23,-1002.85,120166.38,0,492,3,8,6
2.89,1754219578,6689,36492.29,-36848.42,-356.13,1,492,3,8,6
1.4,1754219587,7047,30553.65,-3173.48,27380.17,0,493,3,8,6
3.91,1754219611,5311,37674.49,-61599.76,-23925.27,1,493,3,8,6
1.38,1754219633,6779,29766.74,-3830.28,25936.46,0,493,3,8,6
1.34,1754219649,5178,32771.73,-1568.49,31203.24,0,494,3,8,6
3.89,1754219664,5813,42471.44,-63796.17,-21324.73,1,494,3,8,6
8.91,1754219695,6765,29480.95,-65724.18,-36243.23,1,494,3,8,6
4.49,1754219741,7399,32920.97,-54102.12,-21181.15,1,495,3,8,6
24.56,1754219777,7695,35026.97,-116812.0,-81785.03,1,496,3,8,6
1.14,1754219829,8858,94118.71,-875.15,93243.56,0,497,3,8,6
32.74,1754219852,5153,24612.81,-108682.25,-84069.44,1,497,3,8,6
4.85,1754219894,8211,40343.24,-58535.2,-18191.96,1,498,3,8,6
1.61,1754219919,7787,39614.28,-6494.24,33120.04,0,498,3,8,6
1.44,1754219943,5778,30449.26,-1678.01,28771.25,0,499,3,8,6
1.6,1754219957,6142,26662.05,-3577.9,23084.15,0,499,3,8,6
1.87,1754219973,7100,85867.09,-21461.89,64405.2,0,499,3,8,6
2.75,1754220006,6750,33280.78,-27990.4,5290.38,1,500,3,8,6
1.84,1754220025,9967,117278.53,-36223.44,81055.09,0,500,3,8,6
2.42,1754220058,2215,153429.34,-130923.59,22505.75,1,500,3,8,6
2.75,1754220072,7654,40388.57,-42598.92,-2210.35,1,501,3,8,6
1.94,1754220090,7499,35585.75,-14207.65,21378.1,0,501,3,8,6
1.38,1754220109,5381,32146.83,-1570.35,30576.48,0,501,3,8,6
2.78,1754220122,6458,34987.04,-34524.91,462.13,1,502,3,8,6
4.96,1754220147,8465,48736.67,-78975.86,-30239.19,1,502,3,8,6
1.06,1754220185,8154,41582.3,-53.71,41528.59,0,503,3,8,6
1.44,1754220199,7392,80543.98,-9389.0,71154.98,0,503,3,8,6
1.4,1754220229,4364,43339.85,-3344.08,39995.77,0,503,3,8,6
1.16,1754220242,1523,525927.51,-14478.57,511448.94,0,504,3,8,6
2.94,1754220260,6398,36298.73,-38719.63,-2420.9,1,504,3,8,6
1.26,1754220269,7236,41160.21,-2310.53,38849.68,0,504,3,8,6
40.36,1754220289,6168,31999.56,-113601.42,-81601.86,1,504,3,8,6
1.75,1754220344,7124,31741.55,-8694.22,23047.33,0,505,3,8,6
1.49,1754220362,5174,31744.47,-2885.62,28858.85,0,506,3,8,6
3.1,1754220377,6764,33179.17,-33682.78,-503.61,1,506,3,8,6
8.04,1754220405,7390,42277.85,-76375.18,-34097.33,1,506,3,8,6
12.55,1754220438,7660,34190.11,-87741.42,-53551.31,1,507,3,8,6
3.41,1754220484,7893,35625.46,-38120.69,-2495.23,1,508,3,8,6
3.24,1754220512,7023,30227.56,-36757.46,-6529.9,1,508,3,8,6
1.69,1754220538,8057,36760.69,-6965.17,29795.52,0,508,3,8,6
1.55,1754220559,6413,31377.71,-6829.79,24547.92,0,509,3,8,6
15.85,1754220576,6665,29849.92,-88482.02,-58632.1,1,509,3,8,6
2.71,1754220617,34,34503953.52,-29498382.18,5005571.34,1,510,3,8,6
1.63,1754220667,6017,30477.53,-3926.79,26550.74,0,511,3,8,6
3.79,1754220675,6013,27942.5,-41512.1,-13569.6,1,511,3,8,6
1.95,1754220695,7718,41945.85,-14157.8,27788.05,0,511,3,8,6
1.37,1754220719,5462,35102.12,-1246.34,33855.78,0,511,3,8,6
1.01,1754220729,5365,27028.1,-0.0,27028.1,0,512,3,8,6
1.14,1754220745,5678,32218.64,-416.52,31802.12,0,512,3,8,6
2.03,1754220761,5853,35944.03,-18161.7,17782.33,1,512,3,8,6
1.58,1754220778,5615,35800.67,-4988.16,30812.51,0,512,3,8,6
2.41,1754220794,6660,34035.22,-28179.89,5855.33,1,513,3,8,6
2.43,1754220818,8678,89100.66,-75907.22,13193.44,1,513,3,8,6
185.27,1754220858,7389,36293.59,-146782.72,-110489.13,1,514,3,8,6
1.02,1754220921,7975,39010.5,-21.78,38988.72,0,515,3,8,6
2.16,1754220937,5411,31091.58,-18422.61,12668.97,1,515,3,8,6
1.13,1754220955,7291,32152.14,-417.26,31734.88,0,515,3,8,6
14.63,1754220972,5876,37798.23,-111593.44,-73795.21,1,516,3,8,6
1.26,1754221017,7578,32003.15,-1630.1,30373.05,0,516,3,8,6
2.79,1754221028,6386,31259.97,-28118.94,3141.03,1,517,3,8,6
4.4,1754221056,7599,29183.76,-44189.98,-15006.22,1,517,3,8,6
10.82,1754221087,8680,41436.1,-103454.58,-62018.48,1,518,3,8,6
1.61,1754221122,8499,37885.56,-6631.83,31253.73,0,518,3,8,6
2.74,1754221145,5127,26092.11,-23336.71,2755.4,1,519,3,8,6
1.4,1754221161,8388,35032.34,-3004.09,32028.25,0,519,3,8,6
2.73,1754221190,6780,79691.51,-83909.25,-4217.74,1,519,3,8,6
1.0,1754221217,3684,28459.24,-0.0,28459.24,0,520,3,8,6
2.1,1754221230,5943,36863.07,-20975.28,15887.79,1,520,3,8,6
112.09,1754221241,6262,26014.66,-111107.42,-85092.76,1,520,3,8,6
3.33,1754221317,7366,27691.27,-32732.26,-5040.99,1,521,3,8,6
1.16,1754221339,6563,28138.98,-686.87,27452.11,0,522,3,8,6
6.48,1754221350,5209,30734.87,-61650.87,-30916.0,1,522,3,8,6
1.67,1754221382,8401,35033.42,-6090.77,28942.65,0,523,3,8,6
1.3,1754221403,6257,33219.22,-1788.63,31430.59,0,523,3,8,6
2.89,1754221423,5969,27888.53,-25105.88,2782.65,1,523,3,8,6
1.0,1754221445,7522,32898.71,-0.0,32898.71,0,524,3,8,6
1.55,1754221457,6765,35464.36,-6128.07,29336.29,0,524,3,8,6
12.68,1754221474,6816,33658.15,-89359.2,-55701.05,1,524,3,8,6
2.4,1754221520,8616,36221.47,-25914.59,10306.88,1,525,3,8,6
1.78,1754221541,5011,25352.16,-5567.19,19784.97,0,525,3,8,6
3.78,1754221556,6446,24448.18,-33692.68,-9244.5,1,525,3,8,6
1.6,1754221582,8432,33904.5,-5900.96,28003.54,0,526,3,8,6
1.38,1754221608,5149,32453.95,-2844.74,29609.21,0,526,3,8,6
4.87,1754221625,5574,34598.3,-53055.86,-18457.56,1,527,3,8,6
1.45,1754221652,8227,37141.97,-5307.97,31834.0,0,527,3,8,6
8.0,1754221671,6027,28821.73,-60985.79,-32164.06,1,527,3,8,6
1.13,1754221715,1096,805535.43,-15149.92,790385.51,0,528,3,8,6
1.08,1754221741,6484,38906.62,-71.29,38835.33,0,529,3,8,6
4.64,1754221753,6490,30080.6,-48291.89,-18211.29,1,529,3,8,6
2.31,1754221769,8794,39471.79,-29113.0,10358.79,1,529,3,8,6
1.06,1754221789,862,395487.64,-809.91,394677.73,0,529,3,8,6
2.09,1754221812,6206,54582.32,-25478.98,29103.34,1,530,3,8,6
1.57,1754221831,1163,612448.53,-73393.11,539055.42,0,530,3,8,6
1.14,1754221855,5921,32364.7,-738.6,31626.1,0,530,3,8,6
2.94,1754221864,6059,32202.04,-33123.59,-921.55,1,531,3,8,6
1.75,1754221873,7592,41558.37,-15566.23,25992.14,0,531,3,8,6
1.99,1754221893,8092,86875.99,-37109.9,49766.09,0,531,3,8,6
6.12,1754221932,7046,36733.0,-70953.56,-34220.56,1,532,3,8,6
174.92,1754221949,7154,29951.73,-128554.85,-98603.12,1,532,3,8,6
2.27,1754222027,7492,31832.98,-17868.43,13964.55,1,533,3,8,6
8.82,1754222046,5547,29170.96,-62803.69,-33632.73,1,534,3,8,6
1.17,1754222084,8134,33752.79,-698.62,33054.17,0,534,3,8,6
10.26,1754222096,5686,30414.16,-75918.12,-45503.96,1,534,3,8,6
1.11,1754222132,7196,28684.05,-202.49,28481.56,0,535,3,8,6
2.83,1754222160,6995,76152.01,-63411.08,12740.93,1,536,3,8,6
1.7,1754222193,5487,42531.63,-11571.89,30959.74,0,536,3,8,6
3.92,1754222204,7012,35232.72,-52808.18,-17575.46,1,536,3,8,6
3.68,1754222228,7759,31958.86,-43803.05,-11844.19,1,537,3,8,6
1.5,1754222248,7177,29895.4,-2864.62,27030.78,0,537,3,8,6
2.49,1754222267,6246,65679.35,-48305.09,17374.26,1,537,3,8,6
1.31,1754222300,2051,238333.59,-10005.88,228327.71,0,538,3,8,6
5.18,1754222323,5900,40209.61,-73135.99,-32926.38,1,538,3,8,6
2.71,1754222342,8153,31789.61,-29812.4,1977.21,1,539,3,8,6
1.43,1754222364,6199,28822.67,-3823.05,24999.62,0,539,3,8,6
1.86,1754222377,6233,27010.01,-6759.98,20250.03,0,539,3,8,6
1285.09,1754222400,6644,35264.66,-125945.26,-90680.6,1,540,3,8,6
1.13,1754222496,7426,34549.79,-358.75,34191.04,0,541,3,8,6
1.02,1754222508,640,599859.09,-72.62,599786.47,0,541,3,8,6
1.06,1754222533,6122,29041.99,-53.69,28988.3,0,542,3,8,6
4.41,1754222542,6122,28021.34,-43342.08,-15320.74,1,542,3,8,6
1.37,1754222562,8506,40444.61,-3281.68,37162.93,0,542,3,8,6
1.09,1754222581,33,14871252.56,-58558.36,14812694.2,0,543,3,8,6
43.9,1754222611,5105,26797.52,-105968.49,-79170.97,1,543,3,8,6
58.13,1754222649,8055,31513.84,-133810.39,-102296.55,1,544,3,8,6
1.0,1754222711,7984,30228.01,-0.0,30228.01,0,545,3,8,6
1.33,1754222729,5223,26669.69,-1957.53,24712.16,0,545,3,8,6
1.93,1754222739,6335,34018.2,-8362.79,25655.41,0,545,3,8,6
1.0,1754222764,6584,67098.5,-0.0,67098.5,0,546,3,8,6
1.76,1754222784,7084,80481.45,-14529.56,65951.89,0,546,3,8,6
1.23,1754222804,1850,327667.83,-8689.3,318978.53,0,546,3,8,6
1.68,1754222828,6429,30080.73,-5561.93,24518.8,0,547,3,8,6
1.34,1754222837,6536,31504.2,-3067.5,28436.7,0,547,3,8,6
3.83,1754222849,6093,31404.52,-32751.65,-1347.13,1,547,3,8,6
1.01,1754222876,7967,39698.61,-0.0,39698.61,0,547,3,8,6
1.0,1754222895,5547,53332.31,-0.0,53332.31,0,548,3,8,6
1.67,1754222920,6263,27800.31,-4120.11,23680.2,0,548,3,8,6
3.93,1754222935,5478,30233.11,-39459.55,-9226.44,1,548,3,8,6
1.54,1754222956,773,965987.97,-142211.31,823776.66,0,549,3,8,6
1.0,1754222998,2642,87592.87,-0.0,87592.87,0,549,3,8,6
1.11,1754223014,5357,44246.18,-579.98,43666.2,0,550,3,8,6
2.11,1754223024,5362,31223.11,-10126.55,21096.56,1,550,3,8,6
1.76,1754223035,5599,30487.07,-7742.41,22744.66,0,550,3,8,6
1.57,1754223058,5333,30212.19,-5727.27,24484.92,0,550,3,8,6
4.32,1754223069,5037,28339.86,-38693.92,-10354.06,1,551,3,8,6
1.43,1754223098,5895,29382.26,-3674.89,25707.37,0,551,3,8,6
19.54,1754223121,5271,29718.9,-77696.56,-47977.66,1,552,3,8,6
11.22,1754223163,6496,27540.75,-69773.61,-42232.86,1,552,3,8,6
2.75,1754223211,58,10948528.69,-7213424.0,3735104.69,1,553,3,8,6
1.54,1754223247,5772,34117.78,-4999.96,29117.82,0,554,3,8,6
5.78,1754223257,5773,33795.1,-52009.62,-18214.52,1,554,3,8,6
1.06,1754223280,7562,33751.92,-19.14,33732.78,0,554,3,8,6
10.91,1754223301,6069,28098.84,-72199.84,-44101.0,1,555,3,8,6
1.99,1754223342,7448,32560.81,-10902.01,21658.8,0,555,3,8,6
2.77,1754223356,6061,27322.08,-23661.0,3661.08,1,555,3,8,6
1.55,1754223386,7290,31315.22,-4988.41,26326.81,0,556,3,8,6
5.4,1754223399,6726,34926.02,-64028.41,-29102.39,1,556,3,8,6
1.01,1754223435,7250,34282.28,-0.0,34282.28,0,557,3,8,6
7.92,1754223446,7779,37804.56,-83677.34,-45872.78,1,557,3,8,6
4.65,1754223484,7277,27339.56,-41172.62,-13833.06,1,558,3,8,6
7.15,1754223517,8225,34705.21,-75112.78,-40407.57,1,558,3,8,6
5.0,1754223556,8477,34845.4,-63204.4,-28359.0,1,559,3,8,6
1.28,1754223590,7957,34999.73,-885.84,34113.89,0,559,3,8,6
1.88,1754223603,5786,27973.2,-5919.04,22054.16,0,560,3,8,6
1.78,1754223620,6131,24191.89,-6962.22,17229.67,0,560,3,8,6
2.73,1754223643,6094,25193.07,-21951.04,3242.03,1,560,3,8,6
4.36,1754223663,7795,38483.35,-60242.66,-21759.31,1,561,3,8,6
1.39,1754223695,1059,877193.39,-59605.3,817588.09,0,561,3,8,6
1.29,1754223739,6494,23076.38,-1322.58,21753.8,0,562,3,8,6
20.48,1754223747,6494,28570.66,-91290.21,-62719.55,1,562,3,8,6
2.95,1754223791,7824,37470.24,-30182.85,7287.39,1,563,3,8,6
1.49,1754223814,4085,17823.94,-2472.34,15351.6,0,563,3,8,6
4.75,1754223830,7645,29304.47,-45924.81,-16620.34,1,563,3,8,6
1.97,1754223874,9594,96059.62,-29374.66,66684.96,0,564,3,8,6
1.34,1754223912,5946,33240.24,-1874.63,31365.61,0,565,3,8,6
6.15,1754223927,6088,34600.1,-61226.77,-26626.67,1,565,3,8,6
1.79,1754223943,10774,107335.9,-28784.01,78551.89,0,565,3,8,6
21.24,1754223986,6540,28033.45,-90359.9,-62326.45,1,566,3,8,6
3.42,1754223986,6569,40062.76,-45167.63,-5104.87,1,566,3,8,6
1.51,1754224082,7470,43798.03,-8549.68,35248.35,0,568,3,8,6
2.41,1754224105,5517,36004.04,-24989.47,11014.57,1,568,3,8,6
1.3,1754224121,7829,41712.03,-1560.56,40151.47,0,568,3,8,6
2.35,1754224142,6401,41682.25,-32324.4,9357.85,1,569,3,8,6
1.02,1754224160,7330,42943.47,-10.36,42933.11,0,569,3,8,6
1.39,1754224181,6650,44037.44,-3517.29,40520.15,0,569,3,8,6
4.32,1754224196,6883,43898.98,-66995.79,-23096.81,1,569,3,8,6
1.89,1754224223,7413,41691.81,-12662.0,29029.81,0,570,3,8,6
14.85,1754224246,6622,41733.91,-107795.29,-66061.38,1,570,3,8,6
1.8,1754224289,7253,35405.27,-8714.32,26690.95,0,571,3,8,6
1.16,1754224315,5252,36451.26,-221.97,36229.29,0,571,3,8,6
2.87,1754224324,6284,35285.77,-33332.65,1953.12,1,572,3,8,6
3.92,1754224348,7402,43407.58,-57372.59,-13965.01,1,572,3,8,6
575.42,1754224377,7494,42831.12,-158095.62,-115264.5,1,572,3,8,6
1.01,1754224472,6940,34371.01,-0.0,34371.01,0,574,3,8,6
1.05,1754224489,4664,28807.71,-12.71,28795.0,0,574,3,8,6
2.43,1754224500,6495,32157.91,-21217.53,10940.38,1,575,3,8,6
16.0,1754224525,6313,32298.68,-89998.16,-57699.48,1,575,3,8,6
3.13,1754224573,7671,39781.19,-40013.56,-232.37,1,576,3,8,6
7.87,1754224606,5592,34117.83,-71936.28,-37818.45,1,576,3,8,6
1.4,1754224640,8586,43438.37,-1999.81,41438.56,0,577,3,8,6
1.87,1754224662,6264,29287.36,-6990.39,22296.97,0,577,3,8,6
3.87,1754224684,5166,32135.1,-41736.13,-9601.03,1,578,3,8,6
4.35,1754224713,8555,44121.14,-74795.09,-30673.95,1,578,3,8,6
1.35,1754224744,6245,29459.38,-1553.15,27906.23,0,579,3,8,6
1.26,1754224764,5216,22640.66,-931.91,21708.75,0,579,3,8,6
1.74,1754224774,6490,34512.98,-6544.08,27968.9,0,579,3,8,6
1.62,1754224796,5626,30740.69,-5189.65,25551.04,0,579,3,8,6
1.16,1754224810,6387,29506.43,-645.32,28861.11,0,580,3,8,6
2.98,1754224826,6557,32404.92,-30453.49,1951.43,1,580,3,8,6
1.99,1754224848,6959,43379.07,-17053.44,26325.63,0,580,3,8,6
1.02,1754224871,6842,37277.39,-5.7,37271.69,0,581,3,8,6
1.24,1754224884,6673,37058.09,-1042.84,36015.25,0,581,3,8,6
1.23,1754224897,6162,36355.08,-498.08,35857.0,0,581,3,8,6
2.68,1754224910,5549,35545.09,-29117.21,6427.88,1,581,3,8,6
3.95,1754224932,6343,38791.08,-49657.68,-10866.6,1,582,3,8,6
43.39,1754224961,7011,44207.62,-141914.81,-97707.19,1,582,3,8,6
9.27,1754225019,7398,42365.9,-92302.1,-49936.2,1,583,3,8,6
1.19,1754225058,7527,42763.5,-488.41,42275.09,0,584,3,8,6
5.47,1754225074,5464,33090.14,-60383.24,-27293.1,1,584,3,8,6
1.78,1754225103,8059,44783.85,-8147.96,36635.89,0,585,3,8,6
1.13,1754225127,5926,39702.14,-182.62,39519.52,0,585,3,8,6
1.09,1754225139,6092,34911.3,-77.64,34833.66,0,585,3,8,6
6.83,1754225152,6530,34375.84,-75286.74,-40910.9,1,585,3,8,6
3.23,1754225184,8353,44838.13,-49046.08,-4207.95,1,586,3,8,6
2.02,1754225211,6981,38689.79,-14564.02,24125.77,1,586,3,8,6
1.76,1754225233,6274,35665.0,-8059.89,27605.11,0,587,3,8,6
17.38,1754225252,6926,37884.03,-96640.35,-58756.32,1,587,3,8,6
1.16,1754225296,8392,40101.17,-295.05,39806.12,0,588,3,8,6
1.0,1754225316,5438,35767.53,-0.0,35767.53,0,588,3,8,6
1.09,1754225323,6206,36153.68,-113.36,36040.32,0,588,3,8,6
1.56,1754225339,6107,32174.19,-2803.12,29371.07,0,588,3,8,6
1.06,1754225353,6095,33739.42,-48.19,33691.23,0,589,3,8,6
1.93,1754225367,6099,31828.45,-6905.03,24923.42,0,589,3,8,6
6.17,1754225385,6680,36447.22,-69971.15,-33523.93,1,589,3,8,6
1.23,1754225419,8075,44241.87,-817.37,43424.5,0,590,3,8,6
1.06,1754225436,6798,39100.01,-26.45,39073.56,0,590,3,8,6
2.39,1754225447,6065,35141.78,-20475.7,14666.08,1,590,3,8,6
4.71,1754225468,6962,33323.5,-54684.27,-21360.77,1,591,3,8,6
2.51,1754225500,7431,36022.82,-30394.04,5628.78,1,591,3,8,6
7.06,1754225522,5698,35574.13,-65583.21,-30009.08,1,592,3,8,6
1.13,1754225554,7673,39190.65,-549.24,38641.41,0,592,3,8,6
2.35,1754225570,5810,32817.49,-18988.11,13829.38,1,592,3,8,6
1.0,1754225593,6812,33228.7,-0.0,33228.7,0,593,3,8,6
3105.55,1754225606,6495,45499.77,-163392.13,-117892.36,1,593,3,8,6
1.51,1754225713,7477,36457.64,-2376.87,34080.77,0,595,3,8,6
1.0,1754225737,5413,39455.67,-0.0,39455.67,0,595,3,8,6
5.08,1754225744,6161,36294.96,-54662.4,-18367.44,1,595,3,8,6
4.88,1754225779,7890,44342.89,-72837.03,-28494.14,1,596,3,8,6
2.1,1754225806,7977,39754.11,-17679.44,22074.67,1,596,3,8,6
5.94,1754225831,6084,25346.35,-47843.53,-22497.18,1,597,3,8,6
4.55,1754225861,8134,41117.32,-64217.46,-23100.14,1,597,3,8,6
1.44,1754225893,8651,44242.14,-2588.17,41653.97,0,598,3,8,6
1.19,1754225915,6410,26146.84,-694.88,25451.96,0,598,3,8,6
5.17,1754225929,6190,30547.11,-44437.79,-13890.68,1,598,3,8,6
16.62,1754225959,7650,38264.18,-108224.29,-69960.11,1,599,3,8,6
2.5,1754226004,7025,35395.58,-20966.63,14428.95,1,600,3,8,6
1.57,1754226027,5564,30301.52,-2810.15,27491.37,0,600,3,8,6
1.44,1754226043,5554,26314.99,-2777.31,23537.68,0,600,3,8,6
1.05,1754226058,5716,32637.53,-46.99,32590.54,0,600,3,8,6
11.57,1754226073,6037,34354.75,-84444.77,-50090.02,1,601,3,8,6
2.06,1754226111,8908,40490.6,-17166.03,23324.57,1,601,3,8,6
1.12,1754226136,6525,35031.04,-939.7,34091.34,0,602,3,8,6
3.21,1754226148,6007,30341.56,-29864.96,476.6,1,602,3,8,6
1.23,1754226173,8539,38571.72,-1809.63,36762.09,0,602,3,8,6
1.71,1754226194,6137,36219.42,-5481.9,30737.52,0,603,3,8,6
6.82,1754226208,6676,36464.51,-70422.38,-33957.87,1,603,3,8,6
1.06,1754226244,8545,41639.16,-131.84,41507.32,0,604,3,8,6
6.88,1754226263,6234,36616.65,-73037.36,-36420.71,1,604,3,8,6
1.57,1754226306,8284,36522.94,-5063.4,31459.54,0,605,3,8,6
3.33,1754226327,6167,31026.54,-30268.34,758.2,1,605,3,8,6
14.55,1754226351,8140,36765.21,-101196.54,-64431.33,1,605,3,8,6
1.0,1754226398,7638,37084.75,-0.0,37084.75,0,606,3,8,6
2.03,1754226417,6545,37461.1,-10425.72,27035.38,1,606,3,8,6
5.96,1754226435,6417,32103.39,-58140.34,-26036.95,1,607,3,8,6
2.01,1754226469,5870,33789.55,-11324.83,22464.72,1,607,3,8,6
1.07,1754226494,5577,35254.57,-41.39,35213.18,0,608,3,8,6
8.98,1754226507,4679,25433.44,-62002.1,-36568.66,1,608,3,8,6
1.79,1754226542,7055,36863.44,-7440.99,29422.45,0,609,3,8,6
2.58,1754226565,5931,35875.03,-27069.16,8805.87,1,609,3,8,6
1.62,1754226585,6059,23135.78,-3546.89,19588.89,0,609,3,8,6
10.28,1754226605,6490,36209.96,-93074.03,-56864.07,1,610,3,8,6
1.29,1754226644,8137,31613.21,-1166.71,30446.5,0,610,3,8,6
1.47,1754226666,6774,39330.44,-2741.59,36588.85,0,611,3,8,6
1.26,1754226683,6532,31491.78,-1591.4,29900.38,0,611,3,8,6
1.27,1754226699,6035,32081.38,-1261.78,30819.6,0,611,3,8,6
7.13,1754226713,5991,40003.52,-80451.52,-40448.0,1,611,3,8,6
11.36,1754226752,6635,32925.57,-83853.21,-50927.64,1,612,3,8,6
6.86,1754226788,8548,33981.49,-74438.08,-40456.59,1,613,3,8,6
2.61,1754226826,8634,39983.24,-28856.32,11126.92,1,613,3,8,6
1.0,1754226851,5733,22613.54,-0.0,22613.54,0,614,3,8,6
35.18,1754226865,6331,27946.75,-120041.48,-92094.73,1,614,3,8,6
1.44,1754226917,8148,32162.29,-3321.45,28840.84,0,615,3,8,6
1.04,1754226940,5456,29649.32,-67.44,29581.88,0,615,3,8,6
1.21,1754226949,5836,33560.26,-1679.82,31880.44,0,615,3,8,6
9.95,1754226963,5900,28114.73,-76603.63,-48488.9,1,616,3,8,6
3.6,1754227000,8144,35667.5,-44649.6,-8982.1,1,616,3,8,6
1.37,1754227027,6778,34654.5,-2507.58,32146.92,0,617,3,8,6
6.92,1754227045,6401,24389.88,-49757.72,-25367.84,1,617,3,8,6
1.27,1754227077,8096,38018.79,-709.52,37309.27,0,617,3,8,6
1.8,1754227098,7105,35798.37,-8926.5,26871.87,0,618,3,8,6
1.26,1754227116,6926,31691.87,-951.08,30740.79,0,618,3,8,6
1.14,1754227131,6462,28188.34,-467.31,27721.03,0,618,3,8,6
2.45,1754227144,6528,34031.53,-23899.63,10131.9,1,619,3,8,6
1.41,1754227163,6130,25598.54,-2170.92,23427.62,0,619,3,8,6
1.0,1754227182,5439,30372.3,-0.0,30372.3,0,619,3,8,6
1.12,1754227190,6054,32135.67,-149.51,31986.16,0,619,3,8,6
1.83,1754227216,6107,28079.47,-5355.56,22723.91,0,620,3,8,6
2.98,1754227234,6391,37250.85,-35026.71,2224.14,1,620,3,8,6
2.46,1754227259,6746,36907.67,-28235.9,8671.77,1,620,3,8,6
3.65,1754227280,6859,35390.04,-45144.26,-9754.22,1,621,3,8,6
3.37,1754227311,7300,35445.0,-48682.36,-13237.36,1,621,3,8,6
1.09,1754227335,7405,38815.42,-61.31,38754.11,0,622,3,8,6
1.03,1754227351,6421,32358.01,-3.18,32354.83,0,622,3,8,6
4.48,1754227362,5822,36696.27,-57492.1,-20795.83,1,622,3,8,6
1.69,1754227390,7240,34910.73,-4784.57,30126.16,0,623,3,8,6
1.78,1754227410,6467,28782.52,-7392.7,21389.82,0,623,3,8,6
1.48,1754227431,5903,38260.65,-3251.8,35008.85,0,623,3,8,6
2.98,1754227446,5761,38703.34,-34669.46,4033.88,1,624,3,8,6
8.5,1754227469,6100,32531.02,-74282.98,-41751.96,1,624,3,8,6
1.8,1754227504,6654,31146.76,-9311.49,21835.27,0,625,3,8,6
2.19,1754227527,5569,32870.05,-19972.31,12897.74,1,625,3,8,6
1.36,1754227549,6262,32520.05,-1749.59,30770.46,0,625,3,8,6
1.01,1754227566,5981,42011.82,-0.0,42011.82,0,626,3,8,6
3.16,1754227576,5292,35486.35,-41178.78,-5692.43,1,626,3,8,6
12.44,1754227601,5763,33424.61,-86800.85,-53376.24,1,626,3,8,6
32.35,1754227641,6147,26061.91,-95412.2,-69350.29,1,627,3,8,6
1.97,1754227698,6585,26245.37,-7067.3,19178.07,0,628,3,8,6
2.26,1754227718,5301,27704.98,-15966.95,11738.03,1,628,3,8,6
15.05,1754227736,6715,29547.68,-83597.27,-54049.59,1,628,3,8,6
1.0,1754227781,7164,33354.38,-0.0,33354.38,0,629,3,8,6
4.04,1754227797,5873,37700.66,-49855.87,-12155.21,1,629,3,8,6
1.31,1754227821,7441,40396.48,-1411.86,38984.62,0,630,3,8,6
6.53,1754227838,6187,33628.66,-64852.92,-31224.26,1,630,3,8,6
6.49,1754227871,6929,27573.93,-59626.66,-32052.73,1,631,3,8,6
4.12,1754227906,7696,31706.82,-45341.37,-13634.55,1,631,3,8,6
2.31,1754227937,7778,36178.64,-24532.81,11645.83,1,632,3,8,6
1.82,1754227962,6676,30961.14,-8974.49,21986.65,0,632,3,8,6
1.28,1754227982,6598,31569.21,-2140.89,29428.32,0,633,3,8,6
1.12,1754227999,6420,27919.5,-783.31,27136.19,0,633,3,8,6
1.1,1754228010,6199,29657.62,-1204.13,28453.49,0,633,3,8,6
3.83,1754228025,4829,27141.61,-32715.31,-5573.7,1,633,3,8,6
1.6,1754228053,7660,39373.61,-3478.6,35895.01,0,634,3,8,6
1.92,1754228072,5463,34669.49,-10636.64,24032.85,0,634,3,8,6
1.2,1754228086,6512,38012.9,-864.4,37148.5,0,634,3,8,6
1.46,1754228105,5873,32315.04,-2257.48,30057.56,0,635,3,8,6
9.32,1754228122,5834,37391.66,-87627.49,-50235.83,1,635,3,8,6
1.29,1754228159,6929,33333.4,-1445.99,31887.41,0,635,3,8,6
7.36,1754228175,5893,30766.03,-68714.24,-37948.21,1,636,3,8,6
15.71,1754228208,6524,26253.81,-78412.24,-52158.43,1,636,3,8,6
1.38,1754228251,7241,35088.16,-2404.78,32683.38,0,637,3,8,6
3.73,1754228270,6182,32817.55,-44631.04,-11813.49,1,637,3,8,6
3.05,1754228293,7535,37369.03,-42735.91,-5366.88,1,638,3,8,6
1.68,1754228321,6954,29881.72,-8654.93,21226.79,0,638,3,8,6
3.99,1754228341,6719,34238.53,-51794.93,-17556.4,1,639,3,8,6
1.34,1754228370,7910,34539.59,-1579.64,32959.95,0,639,3,8,6
1.09,1754228389,5255,29018.32,-993.87,28024.45,0,639,3,8,6
1.21,1754228395,6232,38270.57,-982.48,37288.09,0,639,3,8,6
3.58,1754228411,5934,38727.2,-55794.37,-17067.17,1,640,3,8,6
5.44,1754228438,7055,36203.4,-73086.69,-36883.29,1,640,3,8,6
4.06,1754228470,7350,41039.87,-65528.52,-24488.65,1,641,3,8,6
1.88,1754228498,7186,34575.27,-12706.22,21869.05,0,641,3,8,6
3.28,1754228520,6397,31019.26,-40257.27,-9238.01,1,642,3,8,6
7.88,1754228541,7513,35440.42,-81539.65,-46099.23,1,642,3,8,6
1.05,1754228583,7568,29755.21,-207.7,29547.51,0,643,3,8,6
9.44,1754228603,5992,28865.78,-75387.59,-46521.81,1,643,3,8,6
1.52,1754228641,7670,31800.75,-1901.76,29898.99,0,644,3,8,6
1.23,1754228669,5244,30989.0,-762.17,30226.83,0,644,3,8,6
2.27,1754228679,5903,34569.34,-20328.24,14241.1,1,644,3,8,6
1.1,1754228703,5632,25308.98,-51.2,25257.78,0,645,3,8,6
7.59,1754228721,5778,28072.96,-68457.93,-40384.97,1,645,3,8,6
1.02,1754228756,7049,31398.92,-32.18,31366.74,0,645,3,8,6
3.92,1754228775,6374,33421.74,-46929.99,-13508.25,1,646,3,8,6
9.27,1754228800,6488,23540.58,-60253.01,-36712.43,1,646,3,8,6
3.28,1754228843,7625,38775.55,-47142.0,-8366.45,1,647,3,8,6
2.17,1754228872,7572,38315.69,-19907.84,18407.85,1,647,3,8,6
7.59,1754228900,6450,30272.24,-68116.23,-37843.99,1,648,3,8,6
1.31,1754228936,7664,35217.1,-408.9,34808.2,0,648,3,8,6
2.54,1754228958,5020,26401.95,-14453.44,11948.51,1,649,3,8,6
1.05,1754228977,7950,41744.48,-113.44,41631.04,0,649,3,8,6
1.21,1754228999,5811,33228.63,-455.97,32772.66,0,649,3,8,6
2.39,1754229014,5919,31842.94,-21796.1,10046.84,1,650,3,8,6
2.7,1754229032,7181,34721.31,-35292.55,-571.24,1,650,3,8,6
2.18,1754229058,7127,37465.14,-25486.4,11978.74,1,650,3,8,6
1.53,1754229080,6749,36138.93,-3990.15,32148.78,0,651,3,8,6
1.95,1754229100,6296,30411.41,-11047.45,19363.96,0,651,3,8,6
1.17,1754229119,6513,42245.25,-1281.4,40963.85,0,651,3,8,6
3.46,1754229131,5712,39079.91,-56134.32,-17054.41,1,652,3,8,6
2.04,1754229161,6588,36321.2,-19403.72,16917.48,1,652,3,8,6
3.08,1754229184,6282,32833.02,-41182.99,-8349.97,1,653,3,8,6
1.59,1754229210,6340,30250.64,-5131.27,25119.37,0,653,3,8,6
5.81,1754229228,5529,31935.36,-56917.83,-24982.47,1,653,3,8,6
1.65,1754229258,6622,32455.16,-6761.8,25693.36,0,654,3,8,6
2.08,1754229280,6211,35841.14,-22574.45,13266.69,1,654,3,8,6
1.23,1754229299,5911,36465.49,-1452.2,35013.29,0,654,3,8,6
10.94,1754229312,6004,36374.36,-94098.9,-57724.54,1,655,3,8,6
7.49,1754229352,6175,28539.03,-64928.87,-36389.84,1,655,3,8,6
1.0,1754229386,6829,37119.22,-0.0,37119.22,0,656,3,8,6
5.8,1754229401,6274,39619.43,-75815.84,-36196.41,1,656,3,8,6
1.46,1754229433,7179,36179.36,-3322.33,32857.03,0,657,3,8,6
1.02,1754229450,6719,33962.0,-8.24,33953.76,0,657,3,8,6
7.36,1754229466,6334,33265.84,-78204.1,-44938.26,1,657,3,8,6
2.02,1754229501,6724,32160.19,-12421.35,19738.84,1,658,3,8,6
3.0,1754229525,6206,29268.05,-32016.56,-2748.51,1,658,3,8,6
1.27,1754229550,7013,36709.95,-769.31,35940.64,0,659,3,8,6
476.07,1754229569,5229,31332.23,-136678.21,-105345.98,1,659,3,8,6
1.2,1754229660,7335,34654.25,-629.06,34025.19,0,661,3,8,6
2.69,1754229678,5062,28006.42,-22814.13,5192.29,1,661,3,8,6
1.25,1754229699,6929,31961.7,-683.13,31278.57,0,661,3,8,6
5.09,1754229722,5968,32012.52,-59931.45,-27918.93,1,662,3,8,6
1.48,1754229758,6598,26023.3,-1965.39,24057.91,0,662,3,8,6
69.45,1754229775,5989,37429.9,-144792.67,-107362.77,1,662,3,8,6
3.22,1754229839,7064,29373.36,-28376.4,996.96,1,663,3,8,6
28.35,1754229867,6834,32815.77,-105206.23,-72390.46,1,664,3,8,6
1.52,1754229922,7916,32799.88,-2711.65,30088.23,0,665,3,8,6
4.5,1754229946,5150,27552.58,-44434.79,-16882.21,1,665,3,8,6
16.55,1754229974,8319,40294.71,-107412.78,-67118.07,1,666,3,8,6
3.52,1754230020,8456,44560.84,-53269.0,-8708.16,1,667,3,8,6
4.6,1754230050,6426,27671.05,-46189.2,-18518.15,1,667,3,8,6
2.84,1754230082,8610,43789.77,-40282.05,3507.72,1,668,3,8,6
1.69,1754230109,5879,35104.19,-4503.54,30600.65,0,668,3,8,6
2.23,1754230125,6393,30251.83,-16800.61,13451.22,1,668,3,8,6
1.0,1754230143,6817,37702.77,-0.0,37702.77,0,669,3,8,6
2.75,1754230159,6713,35597.2,-36033.53,-436.33,1,669,3,8,6
1.0,1754230184,7659,33469.99,-0.0,33469.99,0,669,3,8,6
1.64,1754230202,5487,37074.63,-4495.56,32579.07,0,670,3,8,6
1.11,1754230220,5669,30406.32,-37.8,30368.52,0,670,3,8,6
2.91,1754230231,5757,35073.75,-31558.29,3515.46,1,670,3,8,6
1.0,1754230250,7994,44293.27,-0.0,44293.27,0,670,3,8,6
3.97,1754230268,5952,42159.68,-57016.45,-14856.77,1,671,3,8,6
2.67,1754230292,7457,35595.37,-31835.8,3759.57,1,671,3,8,6
1.31,1754230318,6739,34767.0,-1488.25,33278.75,0,671,3,8,6
69.19,1754230335,6693,35035.48,-138415.21,-103379.73,1,672,3,8,6
4.03,1754230397,8013,44648.05,-64537.89,-19889.84,1,673,3,8,6
2.07,1754230429,7082,30336.86,-13044.09,17292.77,1,673,3,8,6
3.16,1754230457,5684,34986.3,-38676.0,-3689.7,1,674,3,8,6
2.25,1754230475,8600,39930.76,-28391.16,11539.6,1,674,3,8,6
18.83,1754230508,5390,26000.26,-80116.2,-54115.94,1,675,3,8,6
1.08,1754230552,7715,35149.02,-149.05,34999.97,0,675,3,8,6
8.12,1754230570,5601,28197.16,-71679.1,-43481.94,1,676,3,8,6
1.59,1754230610,7783,38816.53,-4919.01,33897.52,0,676,3,8,6
1.89,1754230629,6402,31136.74,-9053.84,22082.9,0,677,3,8,6
2.09,1754230650,6519,28858.57,-16137.63,12720.94,1,677,3,8,6
4.51,1754230672,6241,31479.45,-47118.41,-15638.96,1,677,3,8,6
1.49,1754230705,8302,35848.92,-4684.5,31164.42,0,678,3,8,6
1.52,1754230722,5527,29471.61,-2587.62,26883.99,0,678,3,8,6
5.14,1754230737,5873,43360.68,-74788.95,-31428.27,1,678,3,8,6
1.14,1754230763,8663,44892.05,-980.27,43911.78,0,679,3,8,6
1.48,1754230786,6071,32009.23,-3678.79,28330.44,0,679,3,8,6
1.06,1754230802,6273,36689.35,-25.53,36663.82,0,680,3,8,6
4.88,1754230812,6545,31598.93,-57000.23,-25401.3,1,680,3,8,6
1.05,1754230846,8420,37016.46,-51.84,36964.62,0,680,3,8,6
1.59,1754230861,7114,42443.56,-5309.62,37133.94,0,681,3,8,6
1.54,1754230875,6486,33304.41,-5123.75,28180.66,0,681,3,8,6
3.26,1754230894,6974,42996.02,-57288.75,-14292.73,1,681,3,8,6
2.05,1754230921,7012,36708.6,-18886.3,17822.3,1,682,3,8,6
2.97,1754230943,5537,31873.65,-33979.34,-2105.69,1,682,3,8,6
3.97,1754230969,7430,36382.15,-57136.03,-20753.88,1,682,3,8,6
1.12,1754230995,7749,42169.28,-287.96,41881.32,0,683,3,8,6
31.37,1754231016,5911,30724.02,-125444.63,-94720.61,1,683,3,8,6
1.12,1754231068,7934,40254.43,-225.67,40028.76,0,684,3,8,6
2.46,1754231082,6376,36851.51,-29404.48,7447.03,1,684,3,8,6
1.19,1754231101,7278,36931.52,-1532.1,35399.42,0,685,3,8,6
1.12,1754231121,6832,39475.75,-112.28,39363.47,0,685,3,8,6
1.62,1754231141,6828,38619.23,-5439.97,33179.26,0,685,3,8,6
1.15,1754231158,6688,36488.56,-243.01,36245.55,0,685,3,8,6
2.01,1754231173,5680,35005.04,-11864.16,23140.88,1,686,3,8,6
5.02,1754231193,6307,33870.41,-58887.3,-25016.89,1,686,3,8,6
2.21,1754231226,6934,35689.91,-28679.18,7010.73,1,687,3,8,6
1.86,1754231244,6710,35687.88,-10561.17,25126.71,0,687,3,8,6
1.03,1754231266,5730,42205.41,-5.36,42200.05,0,687,3,8,6
1.23,1754231274,5495,37690.14,-1217.28,36472.86,0,687,3,8,6
1468.76,1754231287,5347,39761.41,-155244.89,-115483.48,1,688,3,8,6
1.32,1754231386,6000,41456.9,-539.56,40917.34,0,689,3,8,6
1.29,1754231401,5645,40729.67,-1960.5,38769.17,0,690,3,8,6
2.11,1754231415,5566,33354.53,-15790.47,17564.06,1,690,3,8,6
20.24,1754231440,6381,37154.97,-97872.83,-60717.86,1,690,3,8,6
40.67,1754231487,6788,28878.49,-112536.72,-83658.23,1,691,3,8,6
1.76,1754231544,7228,32725.84,-8061.72,24664.12,0,692,3,8,6
1.09,1754231567,6005,63365.31,-785.73,62579.58,0,692,3,8,6
1.18,1754231581,7581,90380.51,-1104.42,89276.09,0,693,3,8,6
1.65,1754231596,5762,36446.46,-6618.5,29827.96,0,693,3,8,6
3.79,1754231611,6420,38553.44,-53502.0,-14948.56,1,693,3,8,6
8.7,1754231635,5846,37196.24,-82952.9,-45756.66,1,693,3,8,6
1.47,1754231673,8199,39008.31,-2745.36,36262.95,0,694,3,8,6
1.28,1754231696,6312,34835.32,-1519.23,33316.09,0,694,3,8,6
1.0,1754231705,6652,33739.45,-0.0,33739.45,0,695,3,8,6
1.89,1754231717,6278,38603.4,-9371.5,29231.9,0,695,3,8,6
1.19,1754231737,6928,38981.32,-657.13,38324.19,0,695,3,8,6
4.12,1754231750,6151,39137.57,-56984.65,-17847.08,1,695,3,8,6
1.43,1754231777,7258,41663.58,-3331.09,38332.49,0,696,3,8,6
3.88,1754231797,5681,41178.06,-55162.8,-13984.74,1,696,3,8,6
2.6,1754231824,6599,32724.19,-26927.75,5796.44,1,697,3,8,6
3.0,1754231848,7039,40896.2,-48187.75,-7291.55,1,697,3,8,6
2.29,1754231871,7264,35584.52,-26295.82,9288.7,1,697,3,8,6
2.12,1754231899,7152,36159.95,-26643.12,9516.83,1,698,3,8,6
3.29,1754231923,6902,38209.84,-50312.61,-12102.77,1,698,3,8,6
1.18,1754231943,7221,33039.75,-1349.16,31690.59,0,699,3,8,6
5.92,1754231961,6283,30764.3,-58843.27,-28078.97,1,699,3,8,6
2.05,1754231996,7373,34709.59,-17891.61,16817.98,1,699,3,8,6
13.37,1754232020,6535,35928.84,-97873.93,-61945.09,1,700,3,8,6
1.08,1754232058,7751,39949.65,-441.88,39507.77,0,700,3,8,6
5.94,1754232073,5495,36323.66,-71171.55,-34847.89,1,701,3,8,6
13.25,1754232104,7752,44259.96,-114535.37,-70275.41,1,701,3,8,6
26.3,1754232146,7801,37559.41,-129258.56,-91699.15,1,702,3,8,6
1.1,1754232202,7691,41058.21,-539.14,40519.07,0,703,3,8,6
1.67,1754232212,6042,39358.51,-5113.4,34245.11,0,703,3,8,6
2.97,1754232227,6331,29767.69,-29629.06,138.63,1,703,3,8,6
1.08,1754232255,10821,127009.5,-567.06,126442.44,0,704,3,8,6
1.86,1754232283,1650,507463.08,-158316.72,349146.36,0,704,3,8,6
1.82,1754232299,9331,118906.54,-42092.33,76814.21,0,704,3,8,6
13.15,1754232320,6944,43479.94,-109888.71,-66408.77,1,705,3,8,6
2.51,1754232351,8195,40428.14,-32766.58,7661.56,1,705,3,8,6
3.76,1754232379,4648,32978.35,-44248.96,-11270.61,1,706,3,8,6
1.54,1754232404,8319,39014.44,-7012.39,32002.05,0,706,3,8,6
3.82,1754232421,5957,32045.01,-41265.33,-9220.32,1,707,3,8,6
4.02,1754232447,8499,46099.52,-67969.91,-21870.39,1,707,3,8,6
1.15,1754232482,6994,36511.0,-515.54,35995.46,0,708,3,8,6
1.9,1754232491,7090,37881.5,-11240.35,26641.15,0,708,3,8,6
1.26,1754232515,8033,95637.08,-6401.5,89235.58,0,708,3,8,6
1.0,1754232541,7107,35436.09,-0.0,35436.09,0,709,3,8,6
1.49,1754232552,1203,880496.14,-101476.44,779019.7,0,709,3,8,6
1.3,1754232572,5217,44069.64,-2905.99,41163.65,0,709,3,8,6
2.37,1754232584,5428,33380.0,-21927.64,11452.36,1,709,3,8,6
2.56,1754232597,7182,40865.38,-38689.96,2175.42,1,709,3,8,6
2.45,1754232622,5366,33979.74,-31201.64,2778.1,1,710,3,8,6
3.35,1754232644,7452,48125.88,-63211.06,-15085.18,1,710,3,8,6
1.43,1754232673,7432,44993.0,-6443.07,38549.93,0,711,3,8,6
1.01,1754232691,5973,34334.48,-0.0,34334.48,0,711,3,8,6
1.33,1754232706,5545,32281.44,-1907.58,30373.86,0,711,3,8,6
1.56,1754232722,5405,34814.37,-5113.45,29700.92,0,712,3,8,6
4.02,1754232742,5422,33488.13,-51727.8,-18239.67,1,712,3,8,6
1.32,1754232774,6449,34766.37,-2164.6,32601.77,0,712,3,8,6
14.38,1754232792,5456,31599.69,-93287.08,-61687.39,1,713,3,8,6
4.7,1754232838,6126,26806.14,-41278.73,-14472.59,1,713,3,8,6
76.6,1754232884,6520,31412.45,-124493.27,-93080.82,1,714,3,8,6
1.36,1754232937,6880,32056.25,-1824.15,30232.1,0,715,3,8,6
1.02,1754232959,5022,26949.07,-8.63,26940.44,0,715,3,8,6
2.14,1754232970,5836,33822.58,-16003.98,17818.6,1,716,3,8,6
1.33,1754232997,6960,36100.38,-1459.59,34640.79,0,716,3,8,6
3.7,1754233020,5985,33620.86,-44547.01,-10926.15,1,717,3,8,6
1.72,1754233057,8529,89553.44,-22429.93,67123.51,0,717,3,8,6
1.77,1754233080,2400,182469.35,-49728.55,132740.8,0,718,3,8,6
2.11,1754233092,6614,38068.67,-22961.7,15106.97,1,718,3,8,6
3.92,1754233108,6201,35466.63,-52884.62,-17417.99,1,718,3,8,6
10.33,1754233137,7169,39432.17,-92073.39,-52641.22,1,718,3,8,6
4.24,1754233175,7408,41109.89,-66127.07,-25017.18,1,719,3,8,6
1.53,1754233203,7567,40555.06,-6344.93,34210.13,0,720,3,8,6
1.18,1754233226,5111,29373.68,-955.73,28417.95,0,720,3,8,6
1.5,1754233236,1590,71024.76,-7099.66,63925.1,0,720,3,8,6
2.07,1754233255,6624,33922.18,-18950.42,14971.76,1,720,3,8,6
1.03,1754233291,6458,34541.49,-5.45,34536.04,0,721,3,8,6
1.34,1754233307,5860,41033.53,-2715.94,38317.59,0,721,3,8,6
1.18,1754233315,7347,85561.43,-1347.1,84214.33,0,721,3,8,6
5.87,1754233336,5658,43927.05,-86677.53,-42750.48,1,722,3,8,6
1.69,1754233355,6620,31947.67,-7798.18,24149.49,0,722,3,8,6
1.2,1754233374,5968,36248.01,-1319.86,34928.15,0,722,3,8,6
4.29,1754233385,5238,33152.82,-49247.87,-16095.05,1,723,3,8,6
1.22,1754233414,6267,32377.76,-562.02,31815.74,0,723,3,8,6
2.31,1754233429,5406,40688.68,-31954.86,8733.82,1,723,3,8,6
5.3,1754233448,5577,31882.85,-56515.79,-24632.94,1,724,3,8,6
1.32,1754233479,6410,37635.8,-3349.12,34286.68,0,724,3,8,6
4.27,1754233499,5847,45558.77,-74576.26,-29017.49,1,724,3,8,6
5.5,1754233528,6476,36608.53,-65986.47,-29377.94,1,725,3,8,6
1.0,1754233562,6176,32362.64,-0.0,32362.64,0,726,3,8,6
2.61,1754233573,6103,38554.01,-34099.62,4454.39,1,726,3,8,6
1.23,1754233596,6770,44094.29,-2111.65,41982.64,0,726,3,8,6
2.55,1754233610,6271,43458.53,-42573.55,884.98,1,726,3,8,6
1.36,1754233634,5483,33126.95,-2891.85,30235.1,0,727,3,8,6
2.08,1754233647,6242,42300.9,-24847.79,17453.11,1,727,3,8,6
1.04,1754233669,5148,37444.1,-20.96,37423.14,0,727,3,8,6
1.46,1754233676,5457,42759.48,-5523.77,37235.71,0,727,3,8,6
2.04,1754233693,4982,34260.28,-16720.52,17539.76,1,728,3,8,6
1.19,1754233712,4900,35659.01,-1163.31,34495.7,0,728,3,8,6
3.39,1754233725,4259,31506.84,-39476.75,-7969.91,1,728,3,8,6
3.04,1754233752,4575,31980.27,-37115.46,-5135.19,1,729,3,8,6
1.05,1754233776,5045,36089.82,-110.69,35979.13,0,729,3,8,6
3.32,1754233787,4679,36222.3,-45978.39,-9756.09,1,729,3,8,6
2.08,1754233814,5188,40263.71,-27159.43,13104.28,1,730,3,8,6
3.32,1754233833,4540,28244.21,-34605.29,-6361.08,1,730,3,8,6
2.18,1754233858,5301,35865.18,-30763.27,5101.91,1,730,3,8,6
1.37,1754233880,5202,32757.14,-3449.51,29307.63,0,731,3,8,6
2.1,1754233896,4789,33883.57,-21600.31,12283.26,1,731,3,8,6
8.56,1754233913,5101,38856.6,-81831.08,-42974.48,1,731,3,8,6
1.31,1754233950,5667,36661.26,-2218.89,34442.37,0,732,3,8,6
1.02,1754233964,5289,39344.3,-6.51,39337.79,0,732,3,8,6
6.74,1754233974,4754,35221.94,-71754.22,-36532.28,1,732,3,8,6
1.04,1754234006,5669,39600.96,-101.68,39499.28,0,733,3,8,6
1.47,1754234019,4842,35000.14,-3580.88,31419.26,0,733,3,8,6
8.04,1754234032,5139,35749.6,-85752.34,-50002.74,1,733,3,8,6
1.0,1754234067,5086,28006.52,-0.0,28006.52,0,734,3,8,6
7.3,1754234082,4945,41863.97,-89768.73,-47904.76,1,734,3,8,6
1.0,1754234128,4916,27673.41,-0.0,27673.41,0,735,3,8,6
1.58,1754234136,4398,29051.46,-3780.8,25270.66,0,735,3,8,6
2.49,1754234149,4966,42021.15,-31153.48,10867.67,1,735,3,8,6
3.0,1754234194,5002,31842.44,-36519.77,-4677.33,1,736,3,8,6
1.34,1754234219,5259,34183.49,-1075.18,33108.31,0,736,3,8,6
2.47,1754234233,4540,29302.67,-23958.12,5344.55,1,737,3,8,6
14.35,1754234257,5051,37075.65,-91217.67,-54142.02,1,737,3,8,6
1.34,1754234298,5157,33844.87,-3020.63,30824.24,0,738,3,8,6
1.3,1754234317,5108,35176.33,-2238.84,32937.49,0,738,3,8,6
1.0,1754234334,4851,35417.19,-0.0,35417.19,0,738,3,8,6
1.08,1754234342,4551,35627.93,-251.28,35376.65,0,739,3,8,6
3.09,1754234355,4066,29797.14,-27991.29,1805.85,1,739,3,8,6
1.31,1754234380,4810,42068.6,-1594.68,40473.92,0,739,3,8,6
1.37,1754234390,4049,31573.78,-2475.4,29098.38,0,739,3,8,6
1.84,1754234403,3709,30798.18,-10661.65,20136.53,0,740,3,8,6
1.2,1754234423,3760,27023.71,-763.52,26260.19,0,740,3,8,6
1.35,1754234437,3564,29812.08,-2535.71,27276.37,0,740,3,8,6
1.88,1754234451,3202,24114.98,-6900.07,17214.91,0,740,3,8,6
1.28,1754234470,3316,30221.18,-1416.86,28804.32,0,741,3,8,6
13.71,1754234483,2911,40506.13,-106054.72,-65548.59,1,741,3,8,6
1.21,1754234526,3972,27362.06,-460.85,26901.21,0,742,3,8,6
1.17,1754234538,3411,28616.3,-1800.42,26815.88,0,742,3,8,6
2.2,1754234549,3045,21187.01,-13395.77,7791.24,1,742,3,8,6
1.42,1754234570,3522,24516.77,-2402.64,22114.13,0,742,3,8,6
1.03,1754234584,3153,25340.37,-34.28,25306.09,0,743,3,8,6
1.3,1754234591,3069,31275.2,-2155.88,29119.32,0,743,3,8,6
1.25,1754234605,2820,35417.0,-979.5,34437.5,0,743,3,8,6
1.37,1754234619,2676,31057.68,-1831.21,29226.47,0,743,3,8,6
1.19,1754234632,2444,26898.92,-354.85,26544.07,0,743,3,8,6
1.84,1754234647,2380,25250.36,-6383.86,18866.5,0,744,3,8,6
4.3,1754234673,2687,30394.08,-40611.77,-10217.69,1,744,3,8,6
2.43,1754234704,3143,22372.87,-16250.92,6121.95,1,745,3,8,6
2.79,1754234726,3417,22747.57,-24022.3,-1274.73,1,745,3,8,6
7.84,1754234753,3650,25822.23,-54885.57,-29063.34,1,745,3,8,6
1.05,1754234791,4174,31724.0,-80.88,31643.12,0,746,3,8,6
1.78,1754234804,3562,29787.31,-9696.01,20091.3,0,746,3,8,6
1.0,1754234820,3662,28068.46,-0.0,28068.46,0,747,3,8,6
1.01,1754234836,3306,24510.61,-0.0,24510.61,0,747,3,8,6
1.27,1754234844,2998,35788.59,-1143.58,34645.01,0,747,3,8,6
1.26,1754234859,2746,36242.6,-790.48,35452.12,0,747,3,8,6
1.35,1754234874,2647,33698.32,-2247.04,31451.28,0,747,3,8,6
1.07,1754234887,2681,34494.23,-3.52,34490.71,0,748,3,8,6
2.74,1754234898,2464,28210.05,-21376.18,6833.87,1,748,3,8,6
1.25,1754234922,3300,25510.51,-585.53,24924.98,0,748,3,8,6
2.93,1754234935,2566,23847.96,-20132.23,3715.73,1,748,3,8,6
1.05,1754234963,2736,26419.74,-12.9,26406.84,0,749,3,8,6
2.46,1754234977,2933,34230.55,-27544.73,6685.82,1,749,3,8,6
1.24,1754235003,2655,26541.24,-1371.91,25169.33,0,750,3,8,6
1.0,1754235018,3056,23951.18,-0.0,23951.18,0,750,3,8,6
2.15,1754235028,2518,29338.54,-17314.27,12024.27,1,750,3,8,6
2.27,1754235051,2756,30117.84,-21735.05,8382.79,1,750,3,8,6
22.33,1754235074,2920,28789.4,-94921.4,-66132.0,1,751,3,8,6
1.37,1754235124,3574,23008.27,-2086.42,20921.85,0,752,3,8,6
1.03,1754235136,3215,22771.94,-4.81,22767.13,0,752,3,8,6
1.55,1754235146,3066,19807.94,-2034.07,17773.87,0,752,3,8,6
5.58,1754235167,3184,30080.51,-52037.25,-21956.74,1,752,3,8,6
1.14,1754235197,3863,27045.8,-245.09,26800.71,0,753,3,8,6
1.61,1754235215,3256,21977.76,-3019.84,18957.92,0,753,3,8,6
1.42,1754235231,3244,24078.48,-2107.26,21971.22,0,753,3,8,6
2.69,1754235245,3318,26783.71,-25072.92,1710.79,1,754,3,8,6
3.68,1754235273,3392,21764.7,-30227.85,-8463.15,1,754,3,8,6
54.19,1754235296,3863,30886.97,-98298.83,-67411.86,1,754,3,8,6
1.01,1754235357,4140,26229.28,-0.0,26229.28,0,755,3,8,6
4.46,1754235369,3612,23644.08,-39709.29,-16065.21,1,756,3,8,6
2.11,1754235400,4609,28012.14,-14626.98,13385.16,1,756,3,8,6
2.02,1754235421,4753,29301.2,-14794.65,14506.55,1,757,3,8,6
1.49,1754235443,4493,27726.72,-2360.07,25366.65,0,757,3,8,6
3.54,1754235463,4389,24817.33,-31112.24,-6294.91,1,757,3,8,6
3.63,1754235487,4966,30198.75,-42569.03,-12370.28,1,758,3,8,6
1.27,1754235519,5215,33653.23,-1721.2,31932.03,0,758,3,8,6
1.39,1754235537,4714,33057.85,-2570.26,30487.59,0,758,3,8,6
1.05,1754235547,4448,27549.5,-10.56,27538.94,0,759,3,8,6
1.26,1754235560,4026,30516.56,-919.69,29596.87,0,759,3,8,6
2.24,1754235574,3380,22750.69,-15465.95,7284.74,1,759,3,8,6
1.69,1754235607,4150,30077.31,-5689.4,24387.91,0,760,3,8,6
2.04,1754235626,3669,29624.12,-14893.25,14730.87,1,760,3,8,6
1.15,1754235643,3484,27601.98,-876.7,26725.28,0,760,3,8,6
1.37,1754235657,3414,28316.91,-2420.73,25896.18,0,760,3,8,6
1.24,1754235672,2920,30154.28,-1475.04,28679.24,0,761,3,8,6
1.71,1754235692,2496,27137.59,-6470.82,20666.77,0,761,3,8,6
1.84,1754235722,2700,36492.87,-13797.31,22695.56,0,762,3,8,6
1.01,1754235743,2958,41840.01,-0.0,41840.01,0,762,3,8,6
1.09,1754235757,2651,29191.95,-37.56,29154.39,0,762,3,8,6
1.84,1754235770,2362,23401.09,-7026.45,16374.64,0,762,3,8,6
23.75,1754235786,2635,34710.77,-104096.36,-69385.59,1,763,3,8,6
1.39,1754235840,3654,33255.56,-2183.27,31072.29,0,764,3,8,6
1.88,1754235852,3272,25003.38,-6643.62,18359.76,0,764,3,8,6
1.6,1754235872,3340,21780.25,-4401.62,17378.63,0,764,3,8,6
1.86,1754235887,3113,20236.28,-6930.66,13305.62,0,764,3,8,6
1.96,1754235904,3134,23495.05,-11656.33,11838.72,0,765,3,8,6
1.54,1754235925,3218,24895.52,-3668.96,21226.56,0,765,3,8,6
6.24,1754235941,3011,27577.43,-49557.31,-21979.88,1,765,3,8,6
4.02,1754235975,3772,29228.61,-37455.72,-8227.11,1,766,3,8,6
1.66,1754236004,3960,30520.35,-4313.62,26206.73,0,766,3,8,6
6.98,1754236025,3567,24622.18,-47137.6,-22515.42,1,767,3,8,6
7.31,1754236063,4192,29072.44,-68217.12,-39144.68,1,767,3,8,6
2.21,1754236102,4048,23660.39,-13384.66,10275.73,1,768,3,8,6
4.27,1754236124,4541,27947.57,-43385.88,-15438.31,1,768,3,8,6
1.55,1754236163,4948,31185.12,-3790.4,27394.72,0,769,3,8,6
2.09,1754236176,4683,30592.2,-14978.87,15613.33,1,769,3,8,6
1.61,1754236197,5013,32106.46,-6299.64,25806.82,0,769,3,8,6
1.81,1754236214,4751,35553.86,-13331.64,22222.22,0,770,3,8,6
1.0,1754236233,4518,34699.53,-0.0,34699.53,0,770,3,8,6
3.22,1754236244,3895,26227.17,-30501.25,-4274.08,1,770,3,8,6
31.19,1754236269,4432,28190.8,-97880.16,-69689.36,1,771,3,8,6
4.34,1754236319,4984,29597.72,-45994.36,-16396.64,1,771,3,8,6
1.0,1754236350,5058,27692.63,-0.0,27692.63,0,772,3,8,6
1.19,1754236364,4406,26055.62,-494.21,25561.41,0,772,3,8,6
2.06,1754236373,3992,24470.32,-9468.83,15001.49,1,772,3,8,6
1.0,1754236390,4993,36494.2,-0.0,36494.2,0,773,3,8,6
5.13,1754236405,4234,27702.52,-47625.02,-19922.5,1,773,3,8,6
1.3,1754236435,4654,28313.86,-1212.3,27101.56,0,773,3,8,6
1.41,1754236446,4816,37001.52,-2637.74,34363.78,0,774,3,8,6
187.19,1754236465,4329,33970.93,-132092.62,-98121.69,1,774,3,8,6
4.32,1754236537,5100,29216.84,-42161.07,-12944.23,1,775,3,8,6
1.15,1754236569,5127,29294.32,-1054.94,28239.38,0,776,3,8,6
3.74,1754236582,4450,22456.15,-27939.06,-5482.91,1,776,3,8,6
1.9,1754236601,5384,30857.98,-8207.72,22650.26,0,776,3,8,6
1.36,1754236624,5595,35895.0,-2224.23,33670.77,0,777,3,8,6
1.0,1754236646,662,730233.31,-0.0,730233.31,0,777,3,8,6
1.53,1754236663,1053,416722.73,-46994.46,369728.27,0,777,3,8,6
1.98,1754236680,4571,28775.5,-9105.58,19669.92,0,778,3,8,6
1.49,1754236689,5993,72931.02,-8869.71,64061.31,0,778,3,8,6
1.36,1754236712,48,7499178.78,-467751.08,7031427.7,0,778,3,8,6
3.5,1754236724,3862,27951.06,-33769.49,-5818.43,1,778,3,8,6
5.93,1754236741,4754,33382.5,-60162.63,-26780.13,1,779,3,8,6
3.59,1754236772,5181,31650.38,-38788.17,-7137.79,1,779,3,8,6
1.43,1754236803,5246,28927.1,-2614.78,26312.32,0,780,3,8,6
10.76,1754236821,4590,27626.38,-67610.63,-39984.25,1,780,3,8,6
4.89,1754236855,5473,30358.4,-52105.0,-21746.6,1,780,3,8,6
1.4,1754236890,5623,34868.88,-3448.63,31420.25,0,781,3,8,6
19.31,1754236909,5194,31164.55,-90358.7,-59194.15,1,781,3,8,6
1.4,1754236956,6059,30135.21,-1810.05,28325.16,0,782,3,8,6
79.48,1754236972,5683,34264.57,-143657.29,-109392.72,1,782,3,8,6
2.3,1754237038,5791,28702.35,-15742.87,12959.48,1,783,3,8,6
1.56,1754237064,6031,28270.62,-4118.98,24151.64,0,784,3,8,6
1.07,1754237085,5696,33477.33,-43.54,33433.79,0,784,3,8,6
1.88,1754237100,5364,34437.6,-9194.23,25243.37,0,785,3,8,6
1.47,1754237116,7082,79997.43,-7557.32,72440.11,0,785,3,8,6
4.19,1754237147,5357,32326.29,-44248.21,-11921.92,1,785,3,8,6
27.08,1754237171,6420,33805.35,-105029.82,-71224.47,1,786,3,8,6
804.1,1754237222,6636,29688.84,-156145.35,-126456.51,1,787,3,8,6
2.67,1754237317,6728,28958.02,-19381.13,9576.89,1,788,3,8,6
3.06,1754237348,5278,27283.8,-25489.44,1794.36,1,789,3,8,6
35.7,1754237371,7134,34584.52,-117307.51,-82722.99,1,789,3,8,6
8.11,1754237426,7469,30926.38,-69085.26,-38158.88,1,790,3,8,6
2.53,1754237472,9815,93520.58,-59061.89,34458.69,1,791,3,8,6
17.09,1754237508,4735,25413.93,-77133.04,-51719.11,1,791,3,8,6
1.1,1754237534,7252,32367.87,-78.55,32289.32,0,792,3,8,6
4.39,1754237557,5736,29635.4,-42699.97,-13064.57,1,792,3,8,6
1.15,1754237589,1617,443081.38,-3332.52,439748.86,0,793,3,8,6
4.59,1754237610,6497,31909.63,-57439.77,-25530.14,1,793,3,8,6
2.02,1754237632,9433,85372.1,-30810.82,54561.28,1,793,3,8,6
1.08,1754237668,6550,31988.45,-84.45,31904.0,0,794,3,8,6
2.68,1754237676,6549,29455.6,-23890.12,5565.48,1,794,3,8,6
1.42,1754237692,4945,26091.95,-817.03,25274.92,0,794,3,8,6
1.41,1754237702,5226,29370.1,-1766.51,27603.59,0,795,3,8,6
1.56,1754237721,6320,62775.87,-7646.15,55129.72,0,795,3,8,6
2.12,1754237751,2243,87969.58,-45980.56,41989.02,1,795,3,8,6
1.39,1754237763,6009,62996.83,-3498.68,59498.15,0,796,3,8,6
7.65,1754237781,5764,31835.26,-65336.83,-33501.57,1,796,3,8,6
21.68,1754237808,7592,33704.0,-100986.97,-67282.97,1,796,3,8,6
2.71,1754237862,7966,30344.84,-26055.09,4289.75,1,797,3,8,6
3.8,1754237892,5908,28781.95,-36375.53,-7593.58,1,798,3,8,6
9.44,1754237914,7498,35406.3,-77063.1,-41656.8,1,798,3,8,6
5.04,1754237959,7313,29059.85,-51450.71,-22390.86,1,799,3,8,6
2.6,1754237983,6257,25763.36,-20060.88,5702.48,1,799,3,8,6
1.8,1754238007,5373,25447.82,-4136.47,21311.35,0,800,3,8,6
1.16,1754238029,5345,22869.85,-493.78,22376.07,0,800,3,8,6
3.31,1754238046,5278,21714.47,-22444.64,-730.17,1,800,3,8,6
4.18,1754238071,6922,31429.05,-49521.72,-18092.67,1,801,3,8,6
5.0,1754238102,7631,34322.32,-64601.06,-30278.74,1,801,3,8,6
10.85,1754238129,7939,36623.6,-95028.89,-58405.29,1,802,3,8,6
2.25,1754238173,7198,30381.08,-15416.93,14964.15,1,802,3,8,6
2.3,1754238199,6340,58907.92,-40348.5,18559.42,1,803,3,8,6
1.41,1754238224,14,49693958.54,-4052699.53,45641259.01,0,803,3,8,6
2.74,1754238244,4510,25787.33,-20934.76,4852.57,1,804,3,8,6
2.36,1754238258,7001,31291.85,-28234.33,3057.52,1,804,3,8,6
1.03,1754238286,2156,121152.39,-524.01,120628.38,0,804,3,8,6
2.81,1754238298,4989,26185.54,-27609.45,-1423.91,1,804,3,8,6
8.23,1754238318,7691,36078.83,-73897.73,-37818.9,1,805,3,8,6
2.19,1754238358,26,27442634.86,-15292757.02,12149877.84,1,805,3,8,6
1.26,1754238390,5958,139749.28,-9007.99,130741.29,0,806,3,8,6
1.05,1754238393,24,20812740.72,-8078.37,20804662.35,0,806,3,8,6
6.09,1754238412,6290,25667.72,-52237.07,-26569.35,1,806,3,8,6
2.84,1754238441,8239,38636.89,-37448.92,1187.97,1,807,3,8,6
3.53,1754238441,5168,27928.75,-36013.69,-8084.94,1,807,3,8,6
2.8,1754238537,7630,37216.38,-40005.41,-2789.03,1,808,3,8,6
1.75,1754238566,6501,40759.62,-7250.25,33509.37,0,809,3,8,6
2.24,1754238584,5574,29499.73,-20212.64,9287.09,1,809,3,8,6
2.22,1754238603,6551,37617.99,-35878.19,1739.8,1,810,3,8,6
2.78,1754238625,5960,36600.19,-38968.84,-2368.65,1,810,3,8,6
1.08,1754238648,6201,35702.48,-93.68,35608.8,0,810,3,8,6
5.3,1754238667,6132,30904.21,-49749.25,-18845.04,1,811,3,8,6
2.2,1754238695,7161,44219.2,-28699.25,15519.95,1,811,3,8,6
2.68,1754238716,4715,32441.5,-37083.25,-4641.75,1,811,3,8,6
1.64,1754238743,7284,36354.41,-5286.01,31068.4,0,812,3,8,6
1.59,1754238760,5432,38619.61,-6205.28,32414.33,0,812,3,8,6
5.96,1754238777,5237,30320.58,-58286.29,-27965.71,1,812,3,8,6
1.8,1754238807,8035,43810.15,-10584.53,33225.62,0,813,3,8,6
1.38,1754238828,5544,40497.11,-4311.48,36185.63,0,813,3,8,6
1.36,1754238844,5671,35629.12,-2388.44,33240.68,0,814,3,8,6
19.54,1754238863,6011,34446.29,-91163.27,-56716.98,1,814,3,8,6
9.09,1754238906,7785,36596.19,-85279.21,-48683.02,1,815,3,8,6
1.58,1754238946,7593,39640.67,-5426.77,34213.9,0,815,3,8,6
2.0,1754238970,4941,29352.37,-13738.35,15614.02,1,816,3,8,6
1.29,1754238984,6487,37202.79,-1083.23,36119.56,0,816,3,8,6
1.05,1754239004,5157,29697.4,-73.17,29624.23,0,816,3,8,6
8.75,1754239013,5672,31709.6,-77434.39,-45724.79,1,816,3,8,6
4.53,1754239054,7480,36586.87,-59449.54,-22862.67,1,817,3,8,6
1.51,1754239087,6346,28438.38,-5470.98,22967.4,0,818,3,8,6
1.15,1754239105,6037,25118.74,-503.81,24614.93,0,818,3,8,6
1.18,1754239119,6108,31862.77,-473.21,31389.56,0,818,3,8,6
1.91,1754239134,6185,30222.19,-7868.26,22353.93,0,818,3,8,6
1.54,1754239151,6443,35800.9,-6751.63,29049.27,0,819,3,8,6
2.45,1754239173,5920,36996.37,-29807.51,7188.86,1,819,3,8,6
1.94,1754239196,6246,36726.48,-13756.92,22969.56,0,819,3,8,6
1.36,1754239220,4953,29153.33,-2849.98,26303.35,0,820,3,8,6
4.57,1754239230,6898,36168.63,-56844.7,-20676.07,1,820,3,8,6
2.06,1754239264,7980,41766.72,-23132.97,18633.75,1,821,3,8,6
3.82,1754239288,5588,37659.28,-52764.83,-15105.55,1,821,3,8,6
1.47,1754239315,7611,41953.76,-4364.12,37589.64,0,821,3,8,6
1.2,1754239332,6157,27904.03,-912.72,26991.31,0,822,3,8,6
2.12,1754239344,6386,35923.93,-24095.25,11828.68,1,822,3,8,6
25.98,1754239368,6391,40006.99,-117900.38,-77893.39,1,822,3,8,6
1.36,1754239419,8103,40164.6,-4866.91,35297.69,0,823,3,8,6
25.14,1754239440,5131,30674.42,-109545.59,-78871.17,1,824,3,8,6
26.56,1754239488,7332,35540.32,-128014.2,-92473.88,1,824,3,8,6
1.06,1754239540,7471,37347.76,-33.64,37314.12,0,825,3,8,6
29.35,1754239558,5316,29463.14,-133830.37,-104367.23,1,825,3,8,6
7.0,1754239605,7428,37012.31,-79361.55,-42349.24,1,826,3,8,6
1.88,1754239644,7865,36364.19,-10822.82,25541.37,0,827,3,8,6
2.38,1754239666,5577,29640.55,-19530.98,10109.57,1,827,3,8,6
1.44,1754239684,6302,34315.08,-4271.15,30043.93,0,828,3,8,6
1.42,1754239706,5921,34524.47,-3475.43,31049.04,0,828,3,8,6
1.93,1754239722,5762,31881.31,-13185.48,18695.83,0,828,3,8,6
1.83,1754239738,6219,34383.01,-9780.24,24602.77,0,828,3,8,6
1.14,1754239759,5079,31595.56,-306.74,31288.82,0,829,3,8,6
1.29,1754239775,5289,34389.25,-2010.84,32378.41,0,829,3,8,6
2.87,1754239787,5767,33890.65,-32129.89,1760.76,1,829,3,8,6
1.19,1754239812,6943,36144.85,-581.94,35562.91,0,830,3,8,6
1.06,1754239832,5716,33336.84,-78.23,33258.61,0,830,3,8,6
2.17,1754239842,6006,31578.81,-17824.93,13753.88,1,830,3,8,6
1.74,1754239864,6684,31514.17,-6519.09,24995.08,0,831,3,8,6
1.85,1754239885,6270,29706.27,-10098.38,19607.89,0,831,3,8,6
2.83,1754239904,6576,36380.05,-37726.81,-1346.76,1,831,3,8,6
2.74,1754239927,7059,38121.22,-38646.88,-525.66,1,832,3,8,6
4.11,1754239951,7082,35299.17,-50526.55,-15227.38,1,832,3,8,6
1.05,1754239984,7719,36930.65,-15.44,36915.21,0,833,3,8,6
1.41,1754239997,4987,24465.38,-2307.85,22157.53,0,833,3,8,6
1.11,1754240017,5646,29758.14,-488.99,29269.15,0,833,3,8,6
41.12,1754240030,5180,28089.39,-109384.35,-81294.96,1,833,3,8,6
5.49,1754240081,7546,32026.99,-60677.18,-28650.19,1,834,3,8,6
1.06,1754240118,7956,34151.78,-1475.19,32676.59,0,835,3,8,6
1.98,1754240131,5183,26206.45,-10146.95,16059.5,0,835,3,8,6
1.2,1754240146,5901,32751.05,-770.04,31981.01,0,835,3,8,6
21.12,1754240167,6187,35624.57,-111199.93,-75575.36,1,836,3,8,6
1.29,1754240210,7387,35186.78,-1132.48,34054.3,0,836,3,8,6
1.76,1754240232,6488,27075.48,-5211.4,21864.08,0,837,3,8,6
1.0,1754240251,6430,29905.97,-0.0,29905.97,0,837,3,8,6
10.1,1754240262,6178,30778.45,-82525.21,-51746.76,1,837,3,8,6
1.85,1754240305,7288,30253.57,-9179.88,21073.69,0,838,3,8,6
1.4,1754240324,5054,22936.8,-3022.96,19913.84,0,838,3,8,6
2.91,1754240336,5181,25174.37,-23981.29,1193.08,1,838,3,8,6
1.13,1754240361,7037,35831.31,-256.78,35574.53,0,839,3,8,6
1.06,1754240378,5660,30654.42,-45.92,30608.5,0,839,3,8,6
3.35,1754240391,5989,37550.75,-44166.01,-6615.26,1,839,3,8,6
1.86,1754240415,7388,35027.96,-12162.3,22865.66,0,840,3,8,6
1.12,1754240438,5843,35010.22,-291.2,34719.02,0,840,3,8,6
2.48,1754240456,6054,29957.55,-22523.77,7433.78,1,840,3,8,6
3.46,1754240476,6781,32970.12,-43172.26,-10202.14,1,841,3,8,6
1.56,1754240503,7218,35328.72,-4857.03,30471.69,0,841,3,8,6
2.2,1754240524,5144,27887.13,-19540.99,8346.14,1,842,3,8,6
1.41,1754240539,7354,40813.59,-2242.05,38571.54,0,842,3,8,6
1.6,1754240561,6583,35989.71,-5712.0,30277.71,0,842,3,8,6
1.63,1754240578,6329,34937.05,-8290.02,26647.03,0,842,3,8,6
1.2,1754240594,5784,34177.51,-642.31,33535.2,0,843,3,8,6
1.01,1754240607,5025,29634.89,-0.0,29634.89,0,843,3,8,6
1.06,1754240616,4636,33093.2,-20.05,33073.15,0,843,3,8,6
1.51,1754240628,4092,28199.52,-3371.17,24828.35,0,843,3,8,6
1.02,1754240642,4221,26308.4,-57.41,26250.99,0,844,3,8,6
4.63,1754240652,3759,22698.12,-33839.03,-11140.91,1,844,3,8,6
1.71,1754240683,5135,30188.05,-6147.18,24040.87,0,844,3,8,6
4.23,1754240703,4622,25955.09,-38544.94,-12589.85,1,845,3,8,6
5.15,1754240732,5022,35283.46,-55890.34,-20606.88,1,845,3,8,6
39.99,1754240763,5873,35811.94,-129748.35,-93936.41,1,846,3,8,6
1.87,1754240821,6503,30847.28,-7964.9,22882.38,0,847,3,8,6
4.75,1754240842,6006,31087.81,-46411.08,-15323.27,1,847,3,8,6
2.28,1754240868,6930,41198.94,-27247.22,13951.72,1,847,3,8,6
4.23,1754240893,5489,33695.05,-55623.85,-21928.8,1,848,3,8,6
1.38,1754240922,7231,33438.34,-3514.5,29923.84,0,848,3,8,6
1.41,1754240939,5793,36512.42,-4203.5,32308.92,0,848,3,8,6
1.36,1754240955,6310,36261.18,-4288.57,31972.61,0,849,3,8,6
1.44,1754240973,5989,37928.45,-3828.43,34100.02,0,849,3,8,6
1.84,1754240988,5506,35941.08,-13298.49,22642.59,0,849,3,8,6
1.87,1754241010,5734,46242.94,-13239.33,33003.61,0,850,3,8,6
1.0,1754241030,5697,43221.51,-0.0,43221.51,0,850,3,8,6
2.95,1754241044,5330,37569.94,-37299.97,269.97,1,850,3,8,6
7.8,1754241066,6164,35896.81,-67231.61,-31334.8,1,851,3,8,6
2.55,1754241103,6848,36517.77,-29245.13,7272.64,1,851,3,8,6
7.8,1754241125,6547,34099.72,-76520.45,-42420.73,1,852,3,8,6
2.73,1754241161,7235,41867.53,-38102.56,3764.97,1,852,3,8,6
1.66,1754241186,6900,40908.18,-9531.42,31376.76,0,853,3,8,6
11.32,1754241208,5239,30663.76,-74788.61,-44124.85,1,853,3,8,6
5.65,1754241246,7552,39229.45,-74699.61,-35470.16,1,854,3,8,6
4.32,1754241283,7770,42550.12,-69687.71,-27137.59,1,854,3,8,6
11.37,1754241313,7892,36512.01,-99258.9,-62746.89,1,855,3,8,6
1.24,1754241353,8117,41714.28,-1899.98,39814.3,0,855,3,8,6
1.97,1754241374,5741,26509.44,-9815.39,16694.05,0,856,3,8,6
1.38,1754241391,6524,29078.04,-2438.39,26639.65,0,856,3,8,6
1.09,1754241410,6211,30689.61,-391.64,30297.97,0,856,3,8,6
7.68,1754241424,6012,37744.12,-71762.51,-34018.39,1,857,3,8,6
1.85,1754241456,8118,41039.62,-13156.63,27882.99,0,857,3,8,6
1.42,1754241486,4467,24528.53,-3140.76,21387.77,0,858,3,8,6
2.75,1754241493,6957,33868.97,-29344.93,4524.04,1,858,3,8,6
2.32,1754241525,5635,29912.73,-25660.13,4252.6,1,858,3,8,6
1.81,1754241544,7500,36209.88,-13914.44,22295.44,0,859,3,8,6
1.35,1754241571,5707,34560.28,-4690.0,29870.28,0,859,3,8,6
1.83,1754241581,6389,41258.99,-14508.12,26750.87,0,859,3,8,6
5.41,1754241599,6470,38906.29,-68432.99,-29526.7,1,859,3,8,6
1.22,1754241637,7890,44412.5,-2427.88,41984.62,0,860,3,8,6
7.31,1754241652,6130,37804.34,-71943.07,-34138.73,1,860,3,8,6
150.4,1754241690,7081,30306.62,-133075.38,-102768.76,1,861,3,8,6
1.45,1754241767,7751,33638.84,-4089.21,29549.63,0,862,3,8,6
1.52,1754241784,4892,26786.8,-4958.44,21828.36,0,863,3,8,6
1.85,1754241795,5853,34365.61,-12027.97,22337.64,0,863,3,8,6
1.38,1754241817,6244,27831.83,-2719.84,25111.99,0,863,3,8,6
1.1,1754241836,5655,40110.83,-223.55,39887.28,0,863,3,8,6
1.0,1754241844,5795,33125.06,-0.0,33125.06,0,864,3,8,6
5.79,1754241858,6446,34562.35,-64528.01,-29965.66,1,864,3,8,6
7.01,1754241892,8114,38335.29,-84712.33,-46377.04,1,864,3,8,6
1.68,1754241923,8588,41355.43,-6957.08,34398.35,0,865,3,8,6
1.19,1754241945,6203,34018.91,-961.32,33057.59,0,865,3,8,6
3.49,1754241959,5741,37073.73,-44492.89,-7419.16,1,865,3,8,6
3.29,1754241983,7252,33351.85,-44045.04,-10693.19,1,866,3,8,6
9.54,1754242011,6451,30374.9,-72614.63,-42239.73,1,866,3,8,6
1.04,1754242049,7106,32122.4,-3.94,32118.46,0,867,3,8,6
2.18,1754242067,4576,32220.19,-14316.46,17903.73,1,867,3,8,6
1.07,1754242096,7600,45120.8,-99.31,45021.49,0,868,3,8,6
1.91,1754242122,5984,35803.97,-9565.78,26238.19,0,868,3,8,6
2.19,1754242140,6329,34227.81,-23356.23,10871.58,1,869,3,8,6
1.66,1754242159,7325,34566.24,-7450.99,27115.25,0,869,3,8,6
6.9,1754242180,6513,32764.01,-62307.43,-29543.42,1,869,3,8,6
2.82,1754242215,7726,38340.31,-32565.58,5774.73,1,870,3,8,6
1.23,1754242236,5339,28850.27,-771.6,28078.67,0,870,3,8,6
12.92,1754242251,5442,29740.13,-80384.43,-50644.3,1,870,3,8,6
6.7,1754242296,8317,43587.4,-95809.19,-52221.79,1,871,3,8,6
1.47,1754242328,8022,34335.68,-3602.63,30733.05,0,872,3,8,6
9.78,1754242347,6279,27638.12,-72506.0,-44867.88,1,872,3,8,6
21.93,1754242386,8858,40094.86,-137687.13,-97592.27,1,873,3,8,6
14.39,1754242440,8189,36494.51,-103561.63,-67067.12,1,874,3,8,6
1.04,1754242484,14,84293746.43,-35197.13,84258549.3,0,874,3,8,6
3.21,1754242512,327,896591.78,-839320.37,57271.41,1,875,3,8,6
77.03,1754242533,7978,44416.82,-167175.92,-122759.1,1,875,3,8,6
1.55,1754242586,7609,39580.49,-4122.41,35458.08,0,876,3,8,6
1.99,1754242601,5186,31954.74,-9749.64,22205.1,0,876,3,8,6
5.94,1754242622,5037,32185.53,-57899.19,-25713.66,1,877,3,8,6
1.38,1754242650,8211,45582.02,-2846.09,42735.93,0,877,3,8,6
1.01,1754242671,5639,31307.08,-0.0,31307.08,0,877,3,8,6
1.48,1754242683,6092,33952.78,-2490.16,31462.62,0,878,3,8,6
6.44,1754242701,6286,28961.64,-56474.33,-27512.69,1,878,3,8,6
1.45,1754242732,8165,42643.7,-2771.17,39872.53,0,878,3,8,6
2.89,1754242752,6449,28148.26,-22849.41,5298.85,1,879,3,8,6
1.37,1754242774,7285,38670.71,-3304.52,35366.19,0,879,3,8,6
1.63,1754242796,6116,39996.64,-6342.4,33654.24,0,879,3,8,6
1.04,1754242815,4949,32074.68,-5.7,32068.98,0,880,3,8,6
1.92,1754242824,5721,34625.59,-9087.22,25538.37,0,880,3,8,6
1.0,1754242844,5470,31720.48,-0.0,31720.48,0,880,3,8,6
1.45,1754242858,5261,31284.66,-2174.69,29109.97,0,880,3,8,6
1.08,1754242886,6620,35156.61,-14.98,35141.63,0,881,3,8,6
4.27,1754242899,6607,40276.96,-50928.95,-10651.99,1,881,3,8,6
9.4,1754242925,8247,42545.76,-99207.72,-56661.96,1,882,3,8,6
1.37,1754242968,8403,39896.22,-2174.62,37721.6,0,882,3,8,6
1.26,1754242987,6455,36423.87,-996.91,35426.96,0,883,3,8,6
1.29,1754242999,6405,30051.94,-1052.24,28999.7,0,883,3,8,6
4.13,1754243021,6755,38437.14,-48528.56,-10091.42,1,883,3,8,6
1.52,1754243043,7246,37626.78,-3883.61,33743.17,0,884,3,8,6
3.18,1754243062,5091,27199.12,-25675.08,1524.04,1,884,3,8,6
6.01,1754243084,7419,35413.33,-68614.88,-33201.55,1,884,3,8,6
1.16,1754243119,8338,48022.53,-818.93,47203.6,0,885,3,8,6
1.69,1754243138,5766,33183.16,-6271.31,26911.85,0,885,3,8,6
1.54,1754243154,5899,40453.38,-5568.31,34885.07,0,885,3,8,6
1.18,1754243174,4951,30391.45,-900.15,29491.3,0,886,3,8,6
1.64,1754243188,6405,31843.17,-6628.76,25214.41,0,886,3,8,6
1.39,1754243209,6005,31480.36,-3322.91,28157.45,0,886,3,8,6
1.5,1754243220,5564,34143.67,-5235.15,28908.52,0,887,3,8,6
1.57,1754243237,5436,32776.67,-7230.04,25546.63,0,887,3,8,6
17.31,1754243252,5291,35473.8,-110583.9,-75110.1,1,887,3,8,6
1.0,1754243303,9204,100185.73,-0.0,100185.73,0,888,3,8,6
1.55,1754243339,413,1374575.96,-154908.02,1219667.94,0,888,3,8,6
4.32,1754243367,5618,34589.91,-51046.71,-16456.8,1,889,3,8,6
8.32,1754243383,6518,32967.33,-77048.52,-44081.19,1,889,3,8,6
1.99,1754243419,7139,34600.26,-9516.23,25084.03,0,890,3,8,6
1.61,1754243436,5605,29763.91,-5174.67,24589.24,0,890,3,8,6
1.1,1754243453,7836,83945.0,-885.71,83059.29,0,890,3,8,6
1.45,1754243480,5548,39021.73,-2921.26,36100.47,0,891,3,8,6
5.54,1754243488,5549,35113.76,-66448.82,-31335.06,1,891,3,8,6
1.06,1754243515,45,20815151.95,-26563.58,20788588.37,0,891,3,8,6
1.35,1754243544,5235,32439.15,-1672.25,30766.9,0,892,3,8,6
1.97,1754243556,5327,28358.85,-8256.93,20101.92,0,892,3,8,6
4.61,1754243570,5327,33164.14,-54550.98,-21386.84,1,892,3,8,6
1.0,1754243587,5992,36334.18,-0.0,36334.18,0,893,3,8,6
3.17,1754243598,4902,31639.1,-32189.98,-550.88,1,893,3,8,6
1.08,1754243625,5538,32302.37,-38.2,32264.17,0,893,3,8,6
1.65,1754243635,5300,35426.2,-5618.87,29807.33,0,893,3,8,6
1.0,1754243654,4950,32574.38,-0.0,32574.38,0,894,3,8,6
2.89,1754243665,4468,30935.65,-28854.88,2080.77,1,894,3,8,6
1.25,1754243683,4805,31119.58,-924.68,30194.9,0,894,3,8,6
1.75,1754243696,4133,24648.56,-7105.58,17542.98,0,894,3,8,6
2.69,1754243715,4141,26590.32,-24198.63,2391.69,1,895,3,8,6
1.77,1754243739,4383,27901.75,-9031.76,18869.99,0,895,3,8,6
1.1,1754243758,4128,25692.01,-104.58,25587.43,0,895,3,8,6
114.2,1754243772,4025,27262.06,-112408.14,-85146.08,1,896,3,8,6
1.85,1754243838,5020,25617.07,-7047.04,18570.03,0,897,3,8,6
1.37,1754243858,4665,24737.49,-1701.41,23036.08,0,897,3,8,6
2.32,1754243871,4801,30189.43,-22153.5,8035.93,1,897,3,8,6
6.93,1754243895,4853,27998.11,-57629.03,-29630.92,1,898,3,8,6
1.99,1754243929,5574,30817.61,-11782.75,19034.86,0,898,3,8,6
1.02,1754243948,1486,313825.71,-59.05,313766.66,0,899,3,8,6
1.41,1754243971,4952,33116.39,-3168.55,29947.84,0,899,3,8,6
13.81,1754243983,4953,30215.46,-85900.42,-55684.96,1,899,3,8,6
8.82,1754244017,5905,31537.83,-76609.71,-45071.88,1,900,3,8,6
1.04,1754244055,6157,27637.06,-98.94,27538.12,0,900,3,8,6
2.0,1754244068,4989,24400.85,-9140.5,15260.35,1,901,3,8,6
3.76,1754244087,5990,32565.17,-43418.38,-10853.21,1,901,3,8,6
1.04,1754244114,458,1096925.6,-1681.66,1095243.94,0,901,3,8,6
1.02,1754244142,7304,81106.57,-2162.8,78943.77,0,902,3,8,6
1.06,1754244168,4439,33085.78,-436.47,32649.31,0,902,3,8,6
1.93,1754244180,4823,26838.19,-7735.8,19102.39,0,903,3,8,6
9.5,1754244193,4821,30580.99,-71674.63,-41093.64,1,903,3,8,6
6.44,1754244222,5761,31563.06,-66626.67,-35063.61,1,903,3,8,6
1.45,1754244257,7371,71656.45,-6768.09,64888.36,0,904,3,8,6
1.58,1754244291,5087,23333.76,-4061.57,19272.19,0,904,3,8,6
1.5,1754244306,4833,25534.3,-3182.42,22351.88,0,905,3,8,6
8.04,1754244321,4833,27266.51,-61908.12,-34641.61,1,905,3,8,6
1.28,1754244342,6284,30423.83,-1112.21,29311.62,0,905,3,8,6
1.61,1754244361,5124,26180.38,-4598.74,21581.64,0,906,3,8,6
2.84,1754244376,5005,26082.59,-19373.72,6708.87,1,906,3,8,6
1.08,1754244400,5542,32240.39,-211.98,32028.41,0,906,3,8,6
1.48,1754244411,4584,27359.51,-2344.13,25015.38,0,906,3,8,6
1.35,1754244425,4885,33311.24,-1572.44,31738.8,0,907,3,8,6
1.28,1754244443,4386,27722.7,-1871.74,25850.96,0,907,3,8,6
1.65,1754244454,3924,26039.4,-4640.24,21399.16,0,907,3,8,6
1.18,1754244470,3931,25896.4,-253.73,25642.67,0,907,3,8,6
9.05,1754244483,3527,22251.26,-50806.7,-28555.44,1,908,3,8,6
4.99,1754244520,4655,28475.83,-47600.24,-19124.41,1,908,3,8,6
3.5,1754244555,4854,25306.07,-31718.35,-6412.28,1,909,3,8,6
6.04,1754244584,5197,29457.22,-53874.66,-24417.44,1,909,3,8,6
5.52,1754244616,5504,28559.39,-58362.36,-29802.97,1,910,3,8,6
1127.09,1754244643,5700,30036.75,-161427.77,-131391.02,1,910,3,8,6
1.16,1754244745,2137,119142.63,-2474.96,116667.67,0,912,3,8,6
2.22,1754244762,4872,23615.73,-12330.6,11285.13,1,912,3,8,6
1.0,1754244777,1901,287464.48,-0.0,287464.48,0,912,3,8,6
6.82,1754244803,5255,30296.28,-65821.3,-35525.02,1,913,3,8,6
4.06,1754244825,5849,26164.64,-37730.41,-11565.77,1,913,3,8,6
2.32,1754244847,6704,28800.08,-17029.15,11770.93,1,914,3,8,6
2.25,1754244870,6014,25532.46,-17858.32,7674.14,1,914,3,8,6
2.05,1754244894,6794,31450.52,-18927.89,12522.63,1,914,3,8,6
23.74,1754244910,6103,27753.93,-90137.68,-62383.75,1,915,3,8,6
119.55,1754244965,7087,32551.12,-147132.4,-114581.28,1,916,3,8,6
1.43,1754245031,7251,31255.89,-1485.38,29770.51,0,917,3,8,6
1.2,1754245049,1040,318434.59,-3473.56,314961.03,0,917,3,8,6
1.39,1754245072,5190,27683.11,-1676.44,26006.67,0,917,3,8,6
3.32,1754245086,5191,25435.38,-26472.51,-1037.13,1,918,3,8,6
16.91,1754245100,7885,37692.05,-101384.03,-63691.98,1,918,3,8,6
1.31,1754245145,6745,28548.16,-686.42,27861.74,0,919,3,8,6
2.92,1754245165,5672,28154.93,-24643.37,3511.56,1,919,3,8,6
1.1,1754245186,6395,30801.19,-195.21,30605.98,0,919,3,8,6
2.26,1754245204,5886,35922.05,-21593.22,14328.83,1,920,3,8,6
2.76,1754245222,6415,27963.18,-25248.2,2714.98,1,920,3,8,6
2.17,1754245246,6521,28476.93,-18770.15,9706.78,1,920,3,8,6
2.64,1754245272,4831,29156.77,-24585.14,4571.63,1,921,3,8,6
1.1,1754245291,7352,37085.02,-130.49,36954.53,0,921,3,8,6
1.45,1754245309,4979,28044.58,-2247.44,25797.14,0,921,3,8,6
1.1,1754245320,5794,29841.31,-164.09,29677.22,0,922,3,8,6
2.32,1754245337,5750,31812.2,-22423.07,9389.13,1,922,3,8,6
2.23,1754245356,7467,35629.93,-31652.46,3977.47,1,922,3,8,6
31.13,1754245382,5936,34265.09,-111960.05,-77694.96,1,923,3,8,6
1.15,1754245434,6990,36842.55,-168.28,36674.27,0,923,3,8,6
4.13,1754245450,6294,32655.8,-46908.58,-14252.78,1,924,3,8,6
1.31,1754245476,8241,37606.58,-1984.06,35622.52,0,924,3,8,6
2.49,1754245498,4915,32028.54,-25952.63,6075.91,1,924,3,8,6
1.33,1754245519,7477,41222.68,-2139.59,39083.09,0,925,3,8,6
2.19,1754245539,5156,39877.63,-30642.25,9235.38,1,925,3,8,6
1.3,1754245554,6679,29937.72,-1925.89,28011.83,0,925,3,8,6
1.44,1754245575,5359,29771.8,-1705.88,28065.92,0,926,3,8,6
1.0,1754245591,5227,31141.49,-0.0,31141.49,0,926,3,8,6
1.44,1754245600,5136,28254.78,-1662.34,26592.44,0,926,3,8,6
1.84,1754245629,5290,28290.5,-6472.62,21817.88,0,927,3,8,6
46.36,1754245646,5342,27299.81,-118050.74,-90750.93,1,927,3,8,6
3.87,1754245702,6790,27841.11,-33072.29,-5231.18,1,928,3,8,6
2.34,1754245730,6133,30731.77,-21695.32,9036.45,1,928,3,8,6
1.06,1754245754,5920,32441.66,-104.34,32337.32,0,929,3,8,6
1.01,1754245774,5340,24651.07,-0.0,24651.07,0,929,3,8,6
1.04,1754245789,5214,29508.15,-11.06,29497.09,0,929,3,8,6
1.96,1754245801,5029,26208.28,-7693.31,18514.97,0,930,3,8,6
1.09,1754245827,5773,28504.77,-143.43,28361.34,0,930,3,8,6
1.64,1754245843,4946,25064.47,-4761.61,20302.86,0,930,3,8,6
4.0,1754245860,5207,29228.7,-33978.99,-4750.29,1,931,3,8,6
3.2,1754245890,6479,33431.75,-41517.95,-8086.2,1,931,3,8,6
7.47,1754245921,6688,36249.23,-68005.03,-31755.8,1,932,3,8,6
1.32,1754245959,7174,33345.45,-2194.14,31151.31,0,932,3,8,6
5.37,1754245977,5638,25780.55,-47782.06,-22001.51,1,932,3,8,6
1.35,1754246011,7149,30308.33,-1969.63,28338.7,0,933,3,8,6
5.5,1754246025,4718,24907.79,-49749.2,-24841.41,1,933,3,8,6
1.27,1754246054,6412,27326.73,-1356.94,25969.79,0,934,3,8,6
3.68,1754246074,5357,36212.07,-43489.54,-7277.47,1,934,3,8,6
1.25,1754246093,6274,27423.88,-1225.34,26198.54,0,934,3,8,6
2.78,1754246112,5130,27588.97,-24552.58,3036.39,1,935,3,8,6
1.16,1754246137,5938,25005.59,-669.18,24336.41,0,935,3,8,6
5.95,1754246151,5470,32276.39,-60620.52,-28344.13,1,935,3,8,6
3.84,1754246184,5975,26337.56,-34760.22,-8422.66,1,936,3,8,6
19.25,1754246210,7145,29409.83,-92465.95,-63056.12,1,936,3,8,6
4.19,1754246259,7314,33558.19,-49138.61,-15580.42,1,937,3,8,6
1.77,1754246284,7227,30811.34,-6065.36,24745.98,0,938,3,8,6
2.2,1754246303,5781,34340.85,-20798.6,13542.25,1,938,3,8,6
1.15,1754246323,6948,29593.98,-373.95,29220.03,0,938,3,8,6
4.46,1754246342,4881,26775.34,-43407.72,-16632.38,1,939,3,8,6
15.1,1754246372,6518,25019.07,-68879.93,-43860.86,1,939,3,8,6
6.35,1754246415,7406,33731.18,-66219.74,-32488.56,1,940,3,8,6
1.23,1754246453,7426,32693.59,-1387.05,31306.54,0,940,3,8,6
5.84,1754246472,5395,22733.08,-47166.65,-24433.57,1,941,3,8,6
1.67,1754246504,7760,31365.46,-4000.37,27365.09,0,941,3,8,6
3.75,1754246526,6025,27416.23,-37525.12,-10108.89,1,942,3,8,6
4.83,1754246553,7509,28539.02,-49536.95,-20997.93,1,942,3,8,6
2.06,1754246585,7972,31453.08,-14274.05,17179.03,1,943,3,8,6
3.26,1754246607,5843,28416.97,-31104.98,-2688.01,1,943,3,8,6
1.06,1754246627,7473,36467.99,-10.11,36457.88,0,943,3,8,6
1.13,1754246649,4733,26502.11,-162.49,26339.62,0,944,3,8,6
1.04,1754246656,5407,23793.94,-5.28,23788.66,0,944,3,8,6
1.48,1754246669,5395,24469.35,-1584.56,22884.79,0,944,3,8,6
1.47,1754246682,5666,29280.69,-3701.34,25579.35,0,944,3,8,6
41.92,1754246700,5628,28027.29,-113207.86,-85180.57,1,945,3,8,6
1.04,1754246756,7523,32480.24,-76.93,32403.31,0,945,3,8,6
11.37,1754246772,4787,21239.28,-58367.39,-37128.11,1,946,3,8,6
2.27,1754246809,7001,26886.93,-13168.12,13718.81,1,946,3,8,6
13.6,1754246836,5200,27770.25,-77675.63,-49905.38,1,947,3,8,6
7.34,1754246877,7341,30545.92,-69597.08,-39051.16,1,947,3,8,6
36.22,1754246916,6275,25478.52,-99553.21,-74074.69,1,948,3,8,6
2.34,1754246969,7247,34004.6,-17953.3,16051.3,1,949,3,8,6
1.66,1754246993,4543,22651.88,-2722.94,19928.94,0,949,3,8,6
4.42,1754247004,5959,27578.64,-42501.08,-14922.44,1,950,3,8,6
3.6,1754247040,7362,28496.91,-40736.07,-12239.16,1,950,3,8,6
1.59,1754247063,6521,32469.73,-2709.36,29760.37,0,951,3,8,6
6.09,1754247082,5478,25197.54,-52648.77,-27451.23,1,951,3,8,6
3.84,1754247118,7717,35750.81,-51877.04,-16126.23,1,951,3,8,6
11.69,1754247146,6059,20757.43,-58996.32,-38238.89,1,952,3,8,6
25.33,1754247188,7897,32827.43,-105889.09,-73061.66,1,953,3,8,6
18.94,1754247237,7327,35615.35,-105814.09,-70198.74,1,953,3,8,6
2.91,1754247287,7320,34591.66,-19324.75,15266.91,1,954,3,8,6
2.29,1754247314,4947,28042.77,-15618.09,12424.68,1,955,3,8,6
1.35,1754247327,6621,25446.12,-912.49,24533.63,0,955,3,8,6
1.92,1754247347,4966,20512.29,-5116.54,15395.75,0,955,3,8,6
2.91,1754247366,5783,26125.14,-21668.16,4456.98,1,956,3,8,6
4.05,1754247390,6891,34490.18,-49594.86,-15104.68,1,956,3,8,6
3.42,1754247415,6710,29425.85,-38408.75,-8982.9,1,956,3,8,6
2.39,1754247446,6926,30201.19,-19817.06,10384.13,1,957,3,8,6
4.02,1754247466,5974,30515.8,-44121.25,-13605.45,1,957,3,8,6
3.26,1754247501,6596,33802.76,-39457.3,-5654.54,1,958,3,8,6
3.4,1754247523,7103,29742.08,-39267.04,-9524.96,1,958,3,8,6
1.33,1754247546,6676,32068.09,-999.29,31068.8,0,959,3,8,6
1.54,1754247563,4948,25231.54,-4138.45,21093.09,0,959,3,8,6
9.78,1754247576,5668,22264.43,-56066.14,-33801.71,1,959,3,8,6
1.58,1754247619,6805,33435.93,-4696.3,28739.63,0,960,3,8,6
1.59,1754247638,5617,31114.59,-6060.12,25054.47,0,960,3,8,6
1.91,1754247656,6090,32353.88,-6941.08,25412.8,0,960,3,8,6
1.26,1754247676,5725,32064.42,-1146.24,30918.18,0,961,3,8,6
2.55,1754247689,5644,26485.49,-17069.4,9416.09,1,961,3,8,6
2.74,1754247710,6893,33102.6,-33990.89,-888.29,1,961,3,8,6
1.44,1754247734,6274,27541.07,-1481.1,26059.97,0,962,3,8,6
1.23,1754247755,4607,23941.21,-1229.45,22711.76,0,962,3,8,6
2.2,1754247765,4957,20866.99,-13342.28,7524.71,1,962,3,8,6
2.37,1754247787,7184,38331.86,-35817.82,2514.04,1,963,3,8,6
1.13,1754247817,5378,32176.79,-968.79,31208.0,0,963,3,8,6
2.83,1754247827,5464,26584.51,-23975.43,2609.08,1,963,3,8,6
1.08,1754247853,7702,36580.9,-125.54,36455.36,0,964,3,8,6
1.71,1754247872,6171,31088.58,-4310.47,26778.11,0,964,3,8,6
1.69,1754247891,6205,35138.41,-10201.57,24936.84,0,964,3,8,6
85.13,1754247905,6161,31128.42,-130927.4,-99798.98,1,965,3,8,6
2.02,1754247972,6963,33115.93,-11524.7,21591.23,1,966,3,8,6
1.0,1754247999,4724,30243.93,-0.0,30243.93,0,966,3,8,6
1.88,1754248005,5071,25731.58,-6355.73,19375.85,0,966,3,8,6
6.17,1754248024,5656,30224.45,-62270.72,-32046.27,1,967,3,8,6
1.55,1754248058,7174,41312.16,-7061.25,34250.91,0,967,3,8,6
2.92,1754248079,5079,29987.88,-29297.81,690.07,1,967,3,8,6
1.39,1754248103,7091,36192.97,-4682.74,31510.23,0,968,3,8,6
5.33,1754248122,6189,31676.02,-62303.3,-30627.28,1,968,3,8,6
1.27,1754248153,7000,27457.25,-2204.35,25252.9,0,969,3,8,6
2.87,1754248171,6336,34274.75,-32441.69,1833.06,1,969,3,8,6
7.78,1754248196,6267,27943.63,-58815.18,-30871.55,1,969,3,8,6
1.39,1754248233,7515,39265.28,-2956.96,36308.32,0,970,3,8,6
3.06,1754248254,4571,24412.91,-25027.27,-614.36,1,970,3,8,6
3.43,1754248277,7775,36851.12,-52772.11,-15920.99,1,971,3,8,6
16.91,1754248302,6724,28806.45,-82376.91,-53570.46,1,971,3,8,6
4.66,1754248349,7616,33790.42,-56353.6,-22563.18,1,972,3,8,6
1.15,1754248383,6911,31320.96,-425.4,30895.56,0,973,3,8,6
2.19,1754248399,6041,27147.38,-14441.42,12705.96,1,973,3,8,6
2.3,1754248416,6152,26391.26,-23449.39,2941.87,1,973,3,8,6
1.29,1754248438,7053,37352.22,-2170.8,35181.42,0,973,3,8,6
1.04,1754248457,6398,30098.48,-1.76,30096.72,0,974,3,8,6
11.2,1754248470,5331,38827.73,-92253.33,-53425.6,1,974,3,8,6
1.82,1754248511,7398,35811.65,-8805.06,27006.59,0,975,3,8,6
1.1,1754248533,4756,23026.74,-65.14,22961.6,0,975,3,8,6
1.82,1754248545,5604,31818.51,-7664.84,24153.67,0,975,3,8,6
1.42,1754248565,5656,30473.41,-2957.57,27515.84,0,976,3,8,6
1.02,1754248581,5239,30711.38,-1.13,30710.25,0,976,3,8,6
1.33,1754248591,5978,34424.5,-1243.17,33181.33,0,976,3,8,6
1.68,1754248606,5547,40179.81,-5906.63,34273.18,0,976,3,8,6
2.31,1754248626,5984,34294.09,-21344.07,12950.02,1,977,3,8,6
1.2,1754248651,6265,37164.4,-790.63,36373.77,0,977,3,8,6
23.59,1754248667,5285,33545.23,-115776.61,-82231.38,1,977,3,8,6
1.01,1754248719,6715,25660.81,-0.0,25660.81,0,978,3,8,6
1.27,1754248734,4651,25519.15,-749.75,24769.4,0,978,3,8,6
1.34,1754248746,4980,30652.81,-2040.43,28612.38,0,979,3,8,6
1.26,1754248760,5430,29575.7,-1668.99,27906.71,0,979,3,8,6
1.08,1754248775,4720,25645.87,-92.73,25553.14,0,979,3,8,6
9.08,1754248786,4580,24399.3,-60555.38,-36156.08,1,979,3,8,6
3.82,1754248824,6247,31000.79,-40454.8,-9454.01,1,980,3,8,6
1.09,1754248852,6457,26276.93,-233.98,26042.95,0,980,3,8,6
2.3,1754248869,5415,28949.88,-17629.98,11319.9,1,981,3,8,6
17.15,1754248889,6131,34305.47,-86611.59,-52306.12,1,981,3,8,6
1.12,1754248934,6436,24363.24,-231.95,24131.29,0,982,3,8,6
36.69,1754248951,5293,32967.52,-114176.15,-81208.63,1,982,3,8,6
3.49,1754249002,6844,33957.68,-39153.08,-5195.4,1,983,3,8,6
11.1,1754249028,5654,32015.44,-76193.64,-44178.2,1,983,3,8,6
1.03,1754249072,7489,34107.46,-2.18,34105.28,0,984,3,8,6
1.12,1754249085,5334,28421.8,-151.83,28269.97,0,984,3,8,6
3.35,1754249099,4829,29065.08,-29758.18,-693.1,1,984,3,8,6
11.47,1754249123,7749,35513.33,-97890.31,-62376.98,1,985,3,8,6
1.97,1754249167,7620,30048.68,-7731.44,22317.24,0,986,3,8,6
1.5,1754249189,5693,29585.63,-4064.79,25520.84,0,986,3,8,6
1.43,1754249209,5114,31252.96,-3412.03,27840.93,0,986,3,8,6
1.08,1754249221,5566,28137.2,-87.66,28049.54,0,987,3,8,6
2.55,1754249239,6078,25602.03,-19498.96,6103.07,1,987,3,8,6
1.83,1754249262,5713,26876.56,-6938.81,19937.75,0,987,3,8,6
49.84,1754249280,4696,23119.62,-98524.2,-75404.58,1,988,3,8,6
2.62,1754249338,5888,31302.23,-23801.6,7500.63,1,988,3,8,6
1.54,1754249357,5538,26273.37,-3843.56,22429.81,0,989,3,8,6
7.75,1754249380,5020,25704.56,-50904.4,-25199.84,1,989,3,8,6
1.46,1754249413,6815,27925.61,-2068.0,25857.61,0,990,3,8,6
2.55,1754249431,5199,27088.5,-18567.43,8521.07,1,990,3,8,6
1.0,1754249453,5675,24039.89,-0.0,24039.89,0,990,3,8,6
8.91,1754249469,5696,32329.17,-83880.26,-51551.09,1,991,3,8,6
8.98,1754249503,7628,25313.34,-67181.22,-41867.88,1,991,3,8,6
1.54,1754249545,7557,28394.0,-3549.87,24844.13,0,992,3,8,6
43.07,1754249566,5214,24630.02,-105113.1,-80483.08,1,992,3,8,6
243.75,1754249622,6657,25284.45,-134668.39,-109383.94,1,993,3,8,6
1.32,1754249701,6545,22907.18,-959.28,21947.9,0,995,3,8,6
12.41,1754249722,4547,20534.18,-60467.12,-39932.94,1,995,3,8,6
1.89,1754249762,7330,34247.79,-4295.9,29951.89,0,996,3,8,6
1.15,1754249785,5211,27339.14,-290.94,27048.2,0,996,3,8,6
1.13,1754249796,5157,24863.69,-53.11,24810.58,0,996,3,8,6
1.44,1754249810,4357,19870.05,-1668.21,18201.84,0,996,3,8,6
2.22,1754249821,5518,27049.7,-12104.68,14945.02,1,997,3,8,6
1.2,1754249844,5609,27412.67,-458.86,26953.81,0,997,3,8,6
1.11,1754249857,6038,26714.74,-328.4,26386.34,0,997,3,8,6
2.23,1754249875,4739,25220.38,-10784.4,14435.98,1,997,3,8,6
1.53,1754249897,4940,28118.9,-2738.81,25380.09,0,998,3,8,6
1.14,1754249914,4805,24329.83,-542.31,23787.52,0,998,3,8,6
1.99,1754249929,4519,24187.74,-5765.62,18422.12,0,998,3,8,6
2.92,1754249946,6315,30981.87,-28348.87,2633.0,1,999,3,8,6
1.22,1754249971,5790,23975.71,-451.66,23524.05,0,999,3,8,6
1.0,1754249989,5178,22397.84,-0.0,22397.84,0,999,3,8,6
4.14,1754250002,5597,33724.56,-43859.56,-10135.0,1,1000,3,8,6
1.54,1754250029,7026,30143.29,-3265.54,26877.75,0,1000,3,8,6
5.39,1754250049,5059,25449.46,-46282.82,-20833.36,1,1000,3,8,6
1.89,1754250080,6660,24599.33,-7033.94,17565.39,0,1001,3,8,6
1.49,1754250108,5135,26693.64,-3029.24,23664.4,0,1001,3,8,6
3.7,1754250125,5944,30554.75,-38292.53,-7737.78,1,1002,3,8,6
1.17,1754250155,6380,24264.24,-607.19,23657.05,0,1002,3,8,6
2.72,1754250175,4378,25991.89,-21533.32,4458.57,1,1002,3,8,6
1.22,1754250191,6037,26437.62,-1172.73,25264.89,0,1003,3,8,6
1.43,1754250214,4942,27695.34,-1719.94,25975.4,0,1003,3,8,6
1.12,1754250231,4428,29463.12,-182.43,29280.69,0,1003,3,8,6
1.32,1754250240,4812,26113.63,-1091.67,25021.96,0,1004,3,8,6
2.88,1754250258,4287,25525.39,-20852.6,4672.79,1,1004,3,8,6
1.06,1754250277,5064,28162.04,-142.43,28019.61,0,1004,3,8,6
6.06,1754250289,4118,26264.71,-45433.96,-19169.25,1,1004,3,8,6
2.01,1754250322,4911,23682.58,-7526.65,16155.93,1,1005,3,8,6
1.93,1754250345,4933,31925.0,-10217.02,21707.98,0,1005,3,8,6
10.45,1754250362,4989,30502.43,-74215.65,-43713.22,1,1006,3,8,6
4.07,1754250401,5652,29541.63,-42412.8,-12871.17,1,1006,3,8,6
1.93,1754250433,5503,29681.54,-10499.63,19181.91,0,1007,3,8,6
1.0,1754250453,5572,33541.72,-0.0,33541.72,0,1007,3,8,6
5.05,1754250463,4797,27073.59,-47634.87,-20561.28,1,1007,3,8,6
6.09,1754250491,6025,29509.61,-59167.55,-29657.94,1,1008,3,8,6
22.14,1754250532,5867,27249.34,-92144.02,-64894.68,1,1008,3,8,6
2.04,1754250581,6512,26545.91,-6305.78,20240.13,1,1009,3,8,6
1.05,1754250603,5064,25750.82,-2.18,25748.64,0,1010,3,8,6
8.57,1754250614,5061,26850.62,-59170.08,-32319.46,1,1010,3,8,6
1.79,1754250654,6948,31722.11,-7448.12,24273.99,0,1010,3,8,6
6.66,1754250674,5222,24933.45,-55235.96,-30302.51,1,1011,3,8,6
4.66,1754250711,6522,24887.12,-36240.15,-11353.03,1,1011,3,8,6
1.14,1754250735,8400,77402.68,-1522.09,75880.59,0,1012,3,8,6
6.64,1754250768,6119,27673.78,-58390.87,-30717.09,1,1012,3,8,6
1.05,1754250789,7524,34928.92,-22.21,34906.71,0,1013,3,8,6
8.1,1754250808,4661,24549.43,-61804.3,-37254.87,1,1013,3,8,6
2.85,1754250843,6830,25459.41,-18488.68,6970.73,1,1014,3,8,6
15.2,1754250869,4564,22759.16,-71280.03,-48520.87,1,1014,3,8,6
1.47,1754250910,6941,24796.26,-2244.44,22551.82,0,1015,3,8,6
1.12,1754250941,6176,55325.05,-307.38,55017.67,0,1015,3,8,6
1.35,1754250957,5144,26294.84,-803.98,25490.86,0,1015,3,8,6
1.7,1754250965,5567,26271.1,-3683.18,22587.92,0,1016,3,8,6
1.73,1754250989,5661,32699.0,-6967.5,25731.5,0,1016,3,8,6
1.12,1754251010,5512,30337.64,-563.9,29773.74,0,1016,3,8,6
1.33,1754251030,5529,38298.75,-2339.78,35958.97,0,1017,3,8,6
2.34,1754251040,5253,29882.27,-20479.33,9402.94,1,1017,3,8,6
78.56,1754251065,6215,27557.86,-119928.55,-92370.69,1,1017,3,8,6
1.37,1754251129,6658,24115.19,-1912.33,22202.86,0,1018,3,8,6
1.75,1754251153,4556,24585.15,-5007.44,19577.71,0,1019,3,8,6
2.71,1754251161,5873,29847.49,-22774.26,7073.23,1,1019,3,8,6
3.68,1754251193,5746,31160.91,-39007.6,-7846.69,1,1019,3,8,6
1.93,1754251220,5595,24183.09,-7693.4,16489.69,0,1020,3,8,6
1.97,1754251238,5475,27454.57,-9639.94,17814.63,0,1020,3,8,6
3.71,1754251259,5738,31042.11,-44649.03,-13606.92,1,1020,3,8,6
1.47,1754251288,7454,40023.69,-5012.13,35011.56,0,1021,3,8,6
1.67,1754251304,5330,29302.63,-5951.17,23351.46,0,1021,3,8,6
1.74,1754251326,5959,36552.61,-11601.57,24951.04,0,1022,3,8,6
39.1,1754251347,4444,24894.16,-93727.64,-68833.48,1,1022,3,8,6
2.69,1754251407,6835,29742.15,-24249.04,5493.11,1,1023,3,8,6
2.13,1754251428,4576,25748.15,-14702.97,11045.18,1,1023,3,8,6
1.55,1754251453,6505,30322.51,-4117.24,26205.27,0,1024,3,8,6
1.68,1754251468,5927,58764.28,-15667.84,43096.44,0,1024,3,8,6
15.27,1754251500,5733,31869.0,-83032.7,-51163.7,1,1025,3,8,6
1.14,1754251532,8572,86683.78,-820.14,85863.64,0,1025,3,8,6
1.19,1754251561,4391,26425.2,-858.98,25566.22,0,1026,3,8,6
16.04,1754251569,5214,32107.96,-108541.35,-76433.39,1,1026,3,8,6
3.32,1754251605,6502,28535.1,-32262.21,-3727.11,1,1026,3,8,6
2.93,1754251632,5360,24792.84,-22953.65,1839.19,1,1027,3,8,6
19.84,1754251658,6757,28429.13,-92836.96,-64407.83,1,1027,3,8,6
1.11,1754251706,7063,33017.41,-539.07,32478.34,0,1028,3,8,6
6.3,1754251722,5011,25347.76,-47891.93,-22544.17,1,1028,3,8,6
51.04,1754251754,7114,30109.14,-130834.93,-100725.79,1,1029,3,8,6
2.47,1754251813,6605,27267.06,-15334.3,11932.76,1,1030,3,8,6
1.57,1754251840,4581,20598.49,-1749.55,18848.94,0,1030,3,8,6
7.88,1754251853,4761,28967.87,-54254.71,-25286.84,1,1030,3,8,6
1.24,1754251888,6939,28406.68,-988.61,27418.07,0,1031,3,8,6
1.25,1754251909,5074,28041.05,-593.76,27447.29,0,1031,3,8,6
28.41,1754251925,5191,25861.79,-97734.61,-71872.82,1,1032,3,8,6
34.48,1754251978,6626,31810.62,-123448.21,-91637.59,1,1032,3,8,6
1.99,1754252031,6422,27444.93,-7042.66,20402.27,0,1033,3,8,6
1.05,1754252059,924,333462.59,-1259.87,332202.72,0,1034,3,8,6
3.18,1754252074,4960,28877.46,-24046.63,4830.83,1,1034,3,8,6
2.34,1754252089,6240,30179.5,-19270.96,10908.54,1,1034,3,8,6
3.08,1754252113,4936,25636.78,-24357.28,1279.5,1,1035,3,8,6
4.16,1754252136,6807,37072.19,-50942.76,-13870.57,1,1035,3,8,6
1.76,1754252168,7589,78230.9,-11573.46,66657.44,0,1036,3,8,6
1.0,1754252201,6529,20045.49,-0.0,20045.49,0,1036,3,8,6
1.32,1754252210,838,824530.91,-22846.11,801684.8,0,1036,3,8,6
1.1,1754252229,3065,28833.61,-115.72,28717.89,0,1037,3,8,6
2.62,1754252237,5302,32616.01,-23971.64,8644.37,1,1037,3,8,6
1.71,1754252258,5894,31080.78,-6027.37,25053.41,0,1037,3,8,6
1.56,1754252275,4507,24884.78,-2701.94,22182.84,0,1037,3,8,6
1.84,1754252291,5572,30210.64,-9168.76,21041.88,0,1038,3,8,6
3.55,1754252319,5215,31306.36,-36390.21,-5083.85,1,1038,3,8,6
1.97,1754252337,6976,31558.69,-10957.06,20601.63,0,1038,3,8,6
1.37,1754252363,5033,32516.34,-1204.91,31311.43,0,1039,3,8,6
2.75,1754252373,5814,35966.53,-31078.14,4888.39,1,1039,3,8,6
1.16,1754252400,6055,29862.1,-500.38,29361.72,0,1040,3,8,6
1.48,1754252414,6326,72275.59,-5292.61,66982.98,0,1040,3,8,6
1.95,1754252439,5313,33533.89,-12867.03,20666.86,0,1040,3,8,6
1.0,1754252448,5054,31851.25,-0.0,31851.25,0,1040,3,8,6
4.67,1754252457,4632,28199.99,-44298.97,-16098.98,1,1040,3,8,6
1.64,1754252492,5427,31828.6,-7371.57,24457.03,0,1041,3,8,6
1.67,1754252506,4852,29360.07,-9442.51,19917.56,0,1041,3,8,6
1.92,1754252520,4638,27756.24,-12196.91,15559.33,0,1042,3,8,6
1.08,1754252542,4612,27392.28,-289.58,27102.7,0,1042,3,8,6
2.99,1754252552,4143,30023.14,-26804.82,3218.32,1,1042,3,8,6
1.13,1754252573,4407,35721.35,-286.69,35434.66,0,1042,3,8,6
15.84,1754252587,3705,28631.84,-74092.97,-45461.13,1,1043,3,8,6
1.86,1754252628,4806,27067.44,-8844.05,18223.39,0,1043,3,8,6
7.95,1754252649,4875,31225.4,-68679.48,-37454.08,1,1044,3,8,6
2.96,1754252688,4889,24844.16,-21109.57,3734.59,1,1044,3,8,6
1.33,1754252713,6656,67819.84,-3738.66,64081.18,0,1045,3,8,6
3.5,1754252737,4964,29665.12,-36817.82,-7152.7,1,1045,3,8,6
1.46,1754252753,5589,34285.19,-3428.53,30856.66,0,1045,3,8,6
1.14,1754252768,5331,34136.06,-241.07,33894.99,0,1046,3,8,6
1.32,1754252785,4707,27533.1,-715.97,26817.13,0,1046,3,8,6
29.72,1754252794,4229,24896.79,-95349.43,-70452.64,1,1046,3,8,6
1.52,1754252842,5254,33595.42,-4536.38,29059.04,0,1047,3,8,6
1.71,1754252861,4815,27134.04,-5911.4,21222.64,0,1047,3,8,6
2.28,1754252878,4383,28123.69,-19844.17,8279.52,1,1047,3,8,6
6.37,1754252878,4819,33645.47,-66325.64,-32680.17,1,1047,3,8,6
1.25,1754252983,4708,25842.61,-860.15,24982.46,0,1049,3,8,6
3.53,1754252996,4747,34978.67,-51351.59,-16372.92,1,1049,3,8,6
1.48,1754253024,4621,24642.0,-3753.29,20888.71,0,1050,3,8,6
4.04,1754253038,5282,32223.65,-52584.89,-20361.24,1,1050,3,8,6
2.76,1754253068,4500,23752.27,-22037.0,1715.27,1,1051,3,8,6
7.27,1754253091,5186,30282.17,-65423.71,-35141.54,1,1051,3,8,6
1.86,1754253124,5522,30096.69,-5577.36,24519.33,0,1052,3,8,6
6.94,1754253143,5214,28591.09,-62214.72,-33623.63,1,1052,3,8,6
1.0,1754253178,5740,29797.9,-0.0,29797.9,0,1052,3,8,6
1.27,1754253189,5214,35320.21,-1466.95,33853.26,0,1053,3,8,6
9.97,1754253203,4924,30702.93,-73372.85,-42669.92,1,1053,3,8,6
1.22,1754253241,5630,30657.64,-710.99,29946.65,0,1054,3,8,6
1.02,1754253258,5036,29637.6,-2162.8,27474.8,0,1054,3,8,6
2.46,1754253267,5144,34690.48,-26554.78,8135.7,1,1054,3,8,6
8.22,1754253289,4813,28792.42,-65023.55,-36231.13,1,1054,3,8,6
1.47,1754253325,5501,34399.1,-3545.33,30853.77,0,1055,3,8,6
322.35,1754253342,4598,29075.62,-123654.51,-94578.89,1,1055,3,8,6
4.39,1754253425,5637,29954.31,-43544.81,-13590.5,1,1057,3,8,6
1.92,1754253452,5427,31469.48,-7115.69,24353.79,0,1057,3,8,6
1.08,1754253472,5016,28167.75,-357.86,27809.89,0,1057,3,8,6
1.35,1754253486,5159,32559.61,-3174.09,29385.52,0,1058,3,8,6
1.0,1754253503,4812,26583.5,-0.0,26583.5,0,1058,3,8,6
2.5,1754253514,4530,27286.76,-18558.21,8728.55,1,1058,3,8,6
16.85,1754253536,5243,32779.07,-95372.97,-62593.9,1,1058,3,8,6
1.28,1754253585,5730,36730.3,-1392.14,35338.16,0,1059,3,8,6
1.83,1754253600,4865,28367.82,-4454.15,23913.67,0,1060,3,8,6
8.0,1754253617,5025,32223.03,-66698.54,-34475.51,1,1060,3,8,6
1.01,1754253653,5899,34327.84,-0.0,34327.84,0,1060,3,8,6
2.89,1754253666,4995,30318.78,-24919.6,5399.18,1,1061,3,8,6
1.09,1754253689,5268,27336.22,-125.81,27210.41,0,1061,3,8,6
5.69,1754253704,5374,34470.84,-64225.31,-29754.47,1,1061,3,8,6
1.06,1754253736,5074,25415.62,-94.71,25320.91,0,1062,3,8,6
1.49,1754253751,4295,28011.66,-2315.43,25696.23,0,1062,3,8,6
1.54,1754253767,5346,36458.08,-3075.95,33382.13,0,1062,3,8,6
1.57,1754253784,4893,32272.32,-6415.81,25856.51,0,1063,3,8,6
2.0,1754253801,4624,34632.9,-11759.33,22873.57,1,1063,3,8,6
1.35,1754253819,4708,36766.65,-3257.36,33509.29,0,1063,3,8,6
8.88,1754253834,4095,28371.3,-63118.4,-34747.1,1,1063,3,8,6
3.38,1754253870,4452,24811.68,-28636.65,-3824.97,1,1064,3,8,6
7.6,1754253895,4821,33851.28,-78444.11,-44592.83,1,1064,3,8,6
4.89,1754253930,5197,32040.31,-53675.96,-21635.65,1,1065,3,8,6
1.82,1754253961,5325,35569.74,-8209.87,27359.87,0,1066,3,8,6
12.92,1754253979,4864,26698.97,-77009.49,-50310.52,1,1066,3,8,6
2.28,1754254021,5510,35036.0,-19846.54,15189.46,1,1067,3,8,6
2.05,1754254042,5152,33965.69,-18711.2,15254.49,1,1067,3,8,6
1.92,1754254063,4730,36199.59,-13874.51,22325.08,0,1067,3,8,6
4.93,1754254080,5118,34019.36,-52955.22,-18935.86,1,1068,3,8,6
2.55,1754254110,5660,35299.03,-24875.6,10423.43,1,1068,3,8,6
1.71,1754254133,5450,36457.9,-7636.08,28821.82,0,1068,3,8,6
1.41,1754254151,4831,28819.18,-2447.82,26371.36,0,1069,3,8,6
1.87,1754254165,4922,32582.62,-10226.63,22355.99,0,1069,3,8,6
30.76,1754254186,4687,29982.39,-100194.18,-70211.79,1,1069,3,8,6
1.32,1754254242,5547,36765.0,-1855.71,34909.29,0,1070,3,8,6
1.22,1754254255,4565,29944.53,-1521.37,28423.16,0,1070,3,8,6
5.4,1754254268,4542,30372.1,-53941.32,-23569.22,1,1071,3,8,6
1.29,1754254300,5376,35723.77,-2134.26,33589.51,0,1071,3,8,6
11.38,1754254317,4718,27667.48,-65596.49,-37929.01,1,1071,3,8,6
7.27,1754254355,5263,29318.47,-58123.74,-28805.27,1,1072,3,8,6
1.2,1754254389,5622,37235.83,-665.33,36570.5,0,1073,3,8,6
1.04,1754254404,5155,33288.14,-1.76,33286.38,0,1073,3,8,6
3.94,1754254415,4977,30084.59,-44710.43,-14625.84,1,1073,3,8,6
1.22,1754254444,5690,35760.19,-2108.32,33651.87,0,1074,3,8,6
1.1,1754254459,5044,31704.13,-200.61,31503.52,0,1074,3,8,6
4.11,1754254470,5028,35223.73,-52390.54,-17166.81,1,1074,3,8,6
1.2,1754254498,5003,28189.79,-1136.52,27053.27,0,1074,3,8,6
1.9,1754254512,4258,24058.0,-5743.82,18314.18,0,1075,3,8,6
3.24,1754254529,5046,32102.91,-34701.0,-2598.09,1,1075,3,8,6
1.09,1754254555,4584,26809.13,-627.48,26181.65,0,1075,3,8,6
1.12,1754254565,4102,23854.47,-142.37,23712.1,0,1076,3,8,6
1.47,1754254577,4280,35690.2,-1033.68,34656.52,0,1076,3,8,6
74.15,1754254592,3964,30824.57,-111855.14,-81030.57,1,1076,3,8,6
2.68,1754254656,4691,25303.02,-18711.49,6591.53,1,1077,3,8,6
1.43,1754254677,4665,34729.57,-1334.24,33395.33,0,1077,3,8,6
1.16,1754254692,4217,29133.76,-374.17,28759.59,0,1078,3,8,6
2.89,1754254705,4040,24889.88,-21055.0,3834.88,1,1078,3,8,6
1.62,1754254731,4752,35018.93,-4480.28,30538.65,0,1078,3,8,6
1.85,1754254748,4090,27991.81,-6553.77,21438.04,0,1079,3,8,6
2.04,1754254765,4449,35844.3,-16815.16,19029.14,1,1079,3,8,6
6.33,1754254788,3974,25336.89,-47490.09,-22153.2,1,1079,3,8,6
1.99,1754254819,4501,27659.61,-6635.12,21024.49,0,1080,3,8,6
1.0,1754254838,4172,30100.44,-0.0,30100.44,0,1080,3,8,6
2.71,1754254849,4203,30769.51,-21351.51,9418.0,1,1080,3,8,6
2.26,1754254874,4409,33554.59,-20662.63,12891.96,1,1081,3,8,6
2.6,1754254894,3956,23927.18,-16387.91,7539.27,1,1081,3,8,6
1.34,1754254917,4266,30949.77,-2005.19,28944.58,0,1081,3,8,6
2.25,1754254932,3716,26555.28,-16178.6,10376.68,1,1082,3,8,6
16.55,1754254951,4055,22828.54,-63624.67,-40796.13,1,1082,3,8,6
3.02,1754254995,4305,26862.3,-25044.2,1818.1,1,1083,3,8,6
1.3,1754255021,4111,24144.43,-1338.58,22805.85,0,1083,3,8,6
1.18,1754255032,4075,27108.84,-558.92,26549.92,0,1083,3,8,6
3.24,1754255046,3736,23103.46,-26781.17,-3677.71,1,1084,3,8,6
1.6,1754255070,4356,29162.17,-4509.25,24652.92,0,1084,3,8,6
1.0,1754255088,3896,23166.64,-0.0,23166.64,0,1084,3,8,6
1.44,1754255099,3852,28593.15,-1292.94,27300.21,0,1084,3,8,6
1.53,1754255116,3488,27835.23,-2763.7,25071.53,0,1085,3,8,6
3.04,1754255131,3254,22840.57,-22740.0,100.57,1,1085,3,8,6
1.0,1754255154,3459,21569.97,-0.0,21569.97,0,1085,3,8,6
1.71,1754255165,2993,31092.69,-3704.52,27388.17,0,1086,3,8,6
2.57,1754255183,2956,26241.52,-22429.95,3811.57,1,1086,3,8,6
1.04,1754255205,2987,33425.77,-4660.79,28764.98,0,1086,3,8,6
4.27,1754255215,2615,30213.33,-44237.38,-14024.05,1,1086,3,8,6
20.51,1754255242,2850,27263.73,-92259.12,-64995.39,1,1087,3,8,6
1.2,1754255290,3459,25289.17,-750.68,24538.49,0,1088,3,8,6
2.07,1754255304,3198,25435.97,-12921.85,12514.12,1,1088,3,8,6
1.23,1754255323,3376,24007.65,-837.68,23169.97,0,1088,3,8,6
2.01,1754255335,3215,24798.7,-14867.45,9931.25,1,1088,3,8,6
1.4,1754255356,2799,28767.47,-2029.57,26737.9,0,1089,3,8,6
2.16,1754255372,3067,27735.88,-24444.13,3291.75,1,1089,3,8,6
2.59,1754255392,2541,28762.06,-24825.33,3936.73,1,1089,3,8,6
1.69,1754255415,2899,35056.82,-7333.99,27722.83,0,1090,3,8,6
3.98,1754255432,2871,33926.33,-48520.97,-14594.64,1,1090,3,8,6
1.37,1754255460,3006,22184.77,-1461.24,20723.53,0,1091,3,8,6
3.53,1754255473,2911,38548.62,-54807.46,-16258.84,1,1091,3,8,6
6.42,1754255500,2600,32143.48,-58859.4,-26715.92,1,1091,3,8,6
6.12,1754255532,3077,22079.73,-41920.05,-19840.32,1,1092,3,8,6
2.08,1754255563,3369,25802.96,-8369.21,17433.75,1,1092,3,8,6
1.41,1754255583,3198,23477.52,-2171.47,21306.05,0,1093,3,8,6
2.42,1754255597,3102,22156.26,-17498.93,4657.33,1,1093,3,8,6
3.1,1754255618,3329,22046.48,-26538.43,-4491.95,1,1093,3,8,6
1.55,1754255643,3423,25471.87,-2973.58,22498.29,0,1094,3,8,6
2.94,1754255661,3226,25218.01,-29305.63,-4087.62,1,1094,3,8,6
1.75,1754255682,3327,24103.87,-5315.39,18788.48,0,1094,3,8,6
1.37,1754255701,3248,26420.89,-2385.05,24035.84,0,1095,3,8,6
1.16,1754255713,2751,30625.04,-1266.07,29358.97,0,1095,3,8,6
1.93,1754255726,2405,24801.6,-5901.85,18899.75,0,1095,3,8,6
2.94,1754255745,2527,32824.41,-39517.52,-6693.11,1,1095,3,8,6
2.49,1754255768,2732,32865.16,-30044.87,2820.29,1,1096,3,8,6
1.0,1754255789,2831,34934.54,-0.0,34934.54,0,1096,3,8,6
3.19,1754255800,2418,31825.21,-40769.54,-8944.33,1,1096,3,8,6
1.13,1754255825,2737,31510.86,-433.07,31077.79,0,1097,3,8,6
1.76,1754255836,2508,34044.99,-7014.17,27030.82,0,1097,3,8,6
2.37,1754255855,2424,30560.84,-28540.87,2019.97,1,1097,3,8,6
5.45,1754255877,2459,29407.42,-50367.5,-20960.08,1,1097,3,8,6
1.22,1754255907,2618,27853.05,-909.34,26943.71,0,1098,3,8,6
11.18,1754255921,2306,22166.81,-57999.27,-35832.46,1,1098,3,8,6
5.41,1754255961,2768,28207.13,-57846.76,-29639.63,1,1099,3,8,6
1.87,1754255992,2704,27386.89,-8607.82,18779.07,0,1099,3,8,6
1.67,1754256010,2858,31445.25,-8664.06,22781.19,0,1100,3,8,6
1.43,1754256029,2817,31015.97,-2959.06,28056.91,0,1100,3,8,6
1.51,1754256043,2649,30662.4,-4063.13,26599.27,0,1100,3,8,6
1.0,1754256058,2528,30188.57,-0.0,30188.57,0,1100,3,8,6
1.05,1754256068,2340,30438.12,-2410.85,28027.27,0,1101,3,8,6
1.61,1754256079,2089,24163.54,-3940.04,20223.5,0,1101,3,8,6
1.07,1754256095,2077,27800.96,-13.13,27787.83,0,1101,3,8,6
1.17,1754256105,1823,52335.26,-538.18,51797.08,0,1101,3,8,6
2.08,1754256119,1621,41570.61,-18906.67,22663.94,1,1101,3,8,6
1.16,1754256137,1977,50431.05,-699.85,49731.2,0,1102,3,8,6
2.07,1754256150,1632,48766.81,-20839.52,27927.29,1,1102,3,8,6
1.87,1754256168,1642,46965.77,-11477.49,35488.28,0,1102,3,8,6
1.19,1754256186,1866,54835.81,-1011.24,53824.57,0,1103,3,8,6
3.3,1754256197,1587,46749.03,-47486.9,-737.87,1,1103,3,8,6
4.41,1754256222,1775,47798.57,-73342.77,-25544.2,1,1103,3,8,6
1.87,1754256251,1967,45913.11,-12121.11,33792.0,0,1104,3,8,6
1.0,1754256270,1893,42624.85,-0.0,42624.85,0,1104,3,8,6
5.06,1754256280,1864,54395.0,-88177.13,-33782.13,1,1104,3,8,6
1.12,1754256311,2197,25085.09,-359.77,24725.32,0,1105,3,8,6
1.0,1754256323,1798,38952.78,-0.0,38952.78,0,1105,3,8,6
1.66,1754256333,1869,50731.14,-8720.64,42010.5,0,1105,3,8,6
5.07,1754256349,1701,43245.98,-65795.47,-22549.49,1,1105,3,8,6
4.79,1754256380,1838,36654.13,-53091.56,-16437.43,1,1106,3,8,6
35.67,1754256409,2041,25406.02,-76899.94,-51493.92,1,1106,3,8,6
2.22,1754256461,2266,26969.23,-10957.26,16011.97,1,1107,3,8,6
2.86,1754256483,2154,23475.31,-23095.46,379.85,1,1108,3,8,6
5.73,1754256505,2329,25512.07,-46546.49,-21034.42,1,1108,3,8,6
1.75,1754256538,2438,27542.86,-6067.89,21474.97,0,1108,3,8,6
3.68,1754256556,2211,25999.78,-29534.77,-3534.99,1,1109,3,8,6
1.19,1754256582,2576,28870.63,-420.73,28449.9,0,1109,3,8,6
1.53,1754256597,2448,28114.75,-1520.9,26593.85,0,1109,3,8,6
6.87,1754256613,2253,26235.12,-55379.38,-29144.26,1,1110,3,8,6
3.5,1754256648,2537,28748.53,-31795.98,-3047.45,1,1110,3,8,6
4.27,1754256674,2528,28058.65,-43181.78,-15123.13,1,1111,3,8,6
1.49,1754256703,2774,30082.31,-4206.13,25876.18,0,1111,3,8,6
2.05,1754256719,2363,22599.64,-9078.33,13521.31,1,1111,3,8,6
1.47,1754256737,2630,29127.4,-4040.37,25087.03,0,1112,3,8,6
10.05,1754256754,2502,34761.5,-78480.38,-43718.88,1,1112,3,8,6
2.86,1754256794,2623,25413.5,-18722.4,6691.1,1,1113,3,8,6
2.8,1754256817,2656,28414.03,-28583.86,-169.83,1,1113,3,8,6
3.73,1754256842,2766,33370.04,-47840.31,-14470.27,1,1114,3,8,6
1.07,1754256868,2858,31382.17,-162.19,31219.98,0,1114,3,8,6
181.24,1754256883,2474,28283.01,-121756.97,-93473.96,1,1114,3,8,6
5.7,1754256955,3003,21834.09,-41542.7,-19708.61,1,1115,3,8,6
1.91,1754256983,3116,19777.68,-3999.05,15778.63,0,1116,3,8,6
3.08,1754257003,2919,30582.99,-33084.17,-2501.18,1,1116,3,8,6
1.81,1754257029,3102,25570.67,-7148.57,18422.1,0,1117,3,8,6
1.21,1754257045,3185,28295.2,-916.1,27379.1,0,1117,3,8,6
5.99,1754257062,2699,33873.79,-69510.37,-35636.58,1,1117,3,8,6
1.28,1754257097,3190,19667.75,-1238.04,18429.71,0,1118,3,8,6
4.56,1754257112,2758,32540.34,-52342.03,-19801.69,1,1118,3,8,6
1.5,1754257140,2830,26010.64,-3531.04,22479.6,0,1119,3,8,6
2.95,1754257156,3174,27063.98,-27959.37,-895.39,1,1119,3,8,6
1.04,1754257179,2718,32983.75,-248.34,32735.41,0,1119,3,8,6
1.23,1754257190,3001,25641.05,-616.99,25024.06,0,1119,3,8,6
12.71,1754257202,2675,34419.57,-87273.16,-52853.59,1,1120,3,8,6
4.94,1754257246,3037,23110.15,-38938.81,-15828.66,1,1120,3,8,6
12.43,1754257273,3065,17617.55,-48389.93,-30772.38,1,1121,3,8,6
1.71,1754257315,3323,20267.84,-3580.95,16686.89,0,1121,3,8,6
18.16,1754257331,2960,33175.84,-96954.47,-63778.63,1,1122,3,8,6
2.03,1754257379,3468,21401.2,-8166.33,13234.87,1,1122,3,8,6
7.92,1754257396,3343,26359.02,-52914.27,-26555.25,1,1123,3,8,6
3.96,1754257432,3454,23051.58,-28394.34,-5342.76,1,1123,3,8,6
1.1,1754257462,3556,27086.12,-206.56,26879.56,0,1124,3,8,6
1.21,1754257474,3134,24626.96,-204.6,24422.36,0,1124,3,8,6
3.7,1754257490,2912,31784.43,-40152.67,-8368.24,1,1124,3,8,6
2.73,1754257519,3582,24488.61,-23642.67,845.94,1,1125,3,8,6
6.28,1754257541,3467,23387.85,-46601.2,-23213.35,1,1125,3,8,6
2.01,1754257572,3693,28235.38,-9498.08,18737.3,1,1126,3,8,6
2.25,1754257594,3416,20893.63,-11481.65,9411.98,1,1126,3,8,6
1.03,1754257614,3554,25875.28,-21.12,25854.16,0,1126,3,8,6
2.55,1754257624,2816,28986.35,-21138.47,7847.88,1,1127,3,8,6
1.02,1754257662,3370,22795.41,-35.41,22760.0,0,1127,3,8,6
2.15,1754257673,2769,29100.95,-17486.76,11614.19,1,1127,3,8,6
1.56,1754257694,2628,27531.87,-3399.87,24132.0,0,1128,3,8,6
71.95,1754257711,2896,37887.0,-133246.9,-95359.9,1,1128,3,8,6
1.35,1754257773,3046,17092.35,-414.61,16677.74,0,1129,3,8,6
2.85,1754257788,3036,20127.54,-19505.77,621.77,1,1129,3,8,6
6.52,1754257812,2803,26900.17,-53039.71,-26139.54,1,1130,3,8,6
1.35,1754257846,3369,21417.49,-876.51,20540.98,0,1130,3,8,6
5.83,1754257862,3167,22135.64,-47248.26,-25112.62,1,1131,3,8,6
1.37,1754257894,3407,19857.51,-1385.99,18471.52,0,1131,3,8,6
2.67,1754257907,3397,21769.66,-18282.74,3486.92,1,1131,3,8,6
1.5,1754257932,2950,28471.51,-4045.62,24425.89,0,1132,3,8,6
1.55,1754257948,3470,24428.02,-3321.11,21106.91,0,1132,3,8,6
7.97,1754257966,3115,21069.4,-48602.19,-27532.79,1,1132,3,8,6
3.49,1754258003,3301,19222.7,-24266.58,-5043.88,1,1133,3,8,6
3.93,1754258029,3162,17076.21,-28120.82,-11044.61,1,1133,3,8,6
4.73,1754258056,3452,26005.14,-44774.3,-18769.16,1,1134,3,8,6
1.52,1754258083,3482,22915.77,-1468.05,21447.72,0,1134,3,8,6
1.26,1754258099,3000,27967.45,-1914.91,26052.54,0,1134,3,8,6
1.2,1754258112,2966,30897.67,-465.23,30432.44,0,1135,3,8,6
1.32,1754258124,2712,25958.78,-2176.92,23781.86,0,1135,3,8,6
1.72,1754258140,2606,27723.62,-6883.45,20840.17,0,1135,3,8,6
1.0,1754258155,2612,28330.39,-0.0,28330.39,0,1135,3,8,6
19.13,1754258166,2167,30624.35,-94132.7,-63508.35,1,1136,3,8,6
5.39,1754258220,2927,33721.16,-67421.82,-33700.66,1,1137,3,8,6
1.47,1754258251,3038,19339.09,-1623.03,17716.06,0,1137,3,8,6
1.01,1754258266,2628,32134.31,-0.0,32134.31,0,1137,3,8,6
1.37,1754258278,2407,29741.84,-877.24,28864.6,0,1137,3,8,6
10.61,1754258292,2313,23659.46,-66962.76,-43303.3,1,1138,3,8,6
1.75,1754258332,2981,37614.5,-7977.11,29637.39,0,1138,3,8,6
19.52,1754258350,2634,28383.36,-84420.37,-56037.01,1,1139,3,8,6
13.0,1754258397,2753,30463.65,-76200.4,-45736.75,1,1139,3,8,6
1.23,1754258436,3026,22621.24,-206.31,22414.93,0,1140,3,8,6
2.43,1754258448,2657,30439.4,-19832.78,10606.62,1,1140,3,8,6
2.78,1754258471,2926,34441.36,-33613.45,827.91,1,1141,3,8,6
2.79,1754258492,2832,35173.94,-39474.14,-4300.2,1,1141,3,8,6
3.09,1754258516,3052,21853.21,-26273.13,-4419.92,1,1141,3,8,6
23.77,1754258540,3072,24617.88,-69166.86,-44548.98,1,1142,3,8,6
3128.74,1754258589,3113,23939.27,-108852.86,-84913.59,1,1143,3,8,6
1.72,1754258700,3184,23998.63,-3077.36,20921.27,0,1145,3,8,6
1.57,1754258722,2773,33391.05,-3992.94,29398.11,0,1145,3,8,6
1.03,1754258736,2550,35342.88,-31.68,35311.2,0,1145,3,8,6
3.37,1754258746,2232,26673.77,-29782.38,-3108.61,1,1145,3,8,6
1.77,1754258769,3014,21629.71,-3272.66,18357.05,0,1146,3,8,6
1.09,1754258788,2741,31628.9,-155.31,31473.59,0,1146,3,8,6
23.57,1754258801,2353,24648.24,-89355.6,-64707.36,1,1146,3,8,6
2.46,1754258849,3109,23133.04,-17006.73,6126.31,1,1147,3,8,6
1.13,1754258868,2974,31986.07,-76.43,31909.64,0,1147,3,8,6
13.21,1754258881,2634,28926.75,-77041.05,-48114.3,1,1148,3,8,6
1.22,1754258923,3281,20923.53,-838.81,20084.72,0,1148,3,8,6
1.06,1754258938,3107,25813.4,-3.12,25810.28,0,1148,3,8,6
1.0,1754258946,2882,31297.07,-0.0,31297.07,0,1149,3,8,6
5.98,1754258958,2719,36446.14,-67936.87,-31490.73,1,1149,3,8,6
6.68,1754258989,3101,21145.6,-41848.43,-20702.83,1,1149,3,8,6
4.31,1754259023,3247,22382.18,-33762.85,-11380.67,1,1150,3,8,6
1.38,1754259053,3270,23678.17,-1063.32,22614.85,0,1150,3,8,6
2.0,1754259065,2730,33490.66,-9072.9,24417.76,1,1151,3,8,6
3.75,1754259085,3159,21965.93,-31498.74,-9532.81,1,1151,3,8,6
53.14,1754259114,3316,26365.71,-96585.8,-70220.09,1,1151,3,8,6
1.05,1754259174,3329,25479.82,-40.62,25439.2,0,1152,3,8,6
4.67,1754259185,2962,31133.94,-47239.16,-16105.22,1,1153,3,8,6
1.04,1754259217,3511,22639.3,-37.92,22601.38,0,1153,3,8,6
1.72,1754259229,3340,22742.7,-3229.25,19513.45,0,1153,3,8,6
1.69,1754259248,3146,23551.67,-2796.23,20755.44,0,1154,3,8,6
1.11,1754259259,3057,26487.2,-259.99,26227.21,0,1154,3,8,6
1.79,1754259271,2675,32322.45,-5929.82,26392.63,0,1154,3,8,6
1.32,1754259291,2770,35900.12,-1040.25,34859.87,0,1154,3,8,6
2.28,1754259304,2509,32961.94,-17764.33,15197.61,1,1155,3,8,6
4.71,1754259324,3044,28505.33,-43920.09,-15414.76,1,1155,3,8,6
3.07,1754259376,3179,22926.84,-25682.89,-2756.05,1,1156,3,8,6
1.0,1754259401,3131,24646.64,-0.0,24646.64,0,1156,3,8,6
25.92,1754259410,2721,34339.58,-129952.16,-95612.58,1,1156,3,8,6
1.89,1754259462,3167,21536.48,-5026.06,16510.42,0,1157,3,8,6
1.03,1754259481,3099,25525.36,-1289.69,24235.67,0,1158,3,8,6
3.96,1754259490,2708,40018.59,-46703.59,-6685.0,1,1158,3,8,6
2.03,1754259520,3152,27042.83,-8659.99,18382.84,1,1158,3,8,6
2.05,1754259541,2996,41126.6,-20207.78,20918.82,1,1159,3,8,6
1.0,1754259563,3080,24474.29,-0.0,24474.29,0,1159,3,8,6
2.52,1754259571,2724,35722.46,-24150.15,11572.31,1,1159,3,8,6
13.84,1754259591,2985,40648.77,-111544.09,-70895.32,1,1159,3,8,6
2.93,1754259635,3054,20476.07,-17315.6,3160.47,1,1160,3,8,6
1.1,1754259655,2922,33129.45,-196.29,32933.16,0,1160,3,8,6
27.1,1754259672,2810,33433.02,-121063.11,-87630.09,1,1161,3,8,6
1.61,1754259723,3203,22800.61,-3025.88,19774.73,0,1162,3,8,6
1.05,1754259739,3021,28002.88,-7.22,27995.66,0,1162,3,8,6
1.26,1754259747,2769,35886.51,-1320.78,34565.73,0,1162,3,8,6
5.02,1754259761,2619,34222.62,-48188.53,-13965.91,1,1162,3,8,6
1.02,1754259795,3069,26856.3,-2162.8,24693.5,0,1163,3,8,6
1.87,1754259805,2733,33863.91,-6514.62,27349.29,0,1163,3,8,6
1.48,1754259824,2745,34036.99,-3311.45,30725.54,0,1163,3,8,6
54.46,1754259837,2795,39109.77,-160880.63,-121770.86,1,1163,3,8,6
6.79,1754259898,2819,31343.55,-60402.69,-29059.14,1,1164,3,8,6
1.69,1754259932,2952,38044.29,-5043.02,33001.27,0,1165,3,8,6
27.17,1754259951,2694,31072.74,-110185.91,-79113.17,1,1165,3,8,6
1.78,1754260002,3094,24438.05,-5396.31,19041.74,0,1166,3,8,6
1.41,1754260018,2995,40851.38,-3045.63,37805.75,0,1166,3,8,6
1.66,1754260036,2831,41373.76,-9185.63,32188.13,0,1167,3,8,6
1.83,1754260049,2907,40365.49,-12262.92,28102.57,0,1167,3,8,6
1.84,1754260069,2886,37350.29,-12449.88,24900.41,0,1167,3,8,6
2.25,1754260090,2791,41915.4,-21659.91,20255.49,1,1168,3,8,6
1.64,1754260111,2958,35222.65,-5814.36,29408.29,0,1168,3,8,6
2.39,1754260131,2686,34028.73,-22254.61,11774.12,1,1168,3,8,6
1.2,1754260153,2570,34348.06,-1119.67,33228.39,0,1169,3,8,6
1.11,1754260168,2692,38297.74,-186.78,38110.96,0,1169,3,8,6
11.64,1754260187,2338,30449.59,-80439.63,-49990.04,1,1169,3,8,6
1.48,1754260227,2667,36525.21,-1716.42,34808.79,0,1170,3,8,6
1.16,1754260243,2506,29327.13,-653.66,28673.47,0,1170,3,8,6
1.0,1754260261,2578,34430.58,-0.0,34430.58,0,1171,3,8,6
1.34,1754260273,2364,36912.2,-1515.83,35396.37,0,1171,3,8,6
2.02,1754260289,2172,27040.35,-5678.3,21362.05,1,1171,3,8,6
1.18,1754260310,2309,30728.75,-128.19,30600.56,0,1171,3,8,6
2.87,1754260325,1993,52119.26,-42166.76,9952.5,1,1172,3,8,6
2.93,1754260347,2024,25798.64,-24182.95,1615.69,1,1172,3,8,6
1.48,1754260368,2268,26879.31,-1553.49,25325.82,0,1172,3,8,6
29.28,1754260383,2092,29000.29,-98526.27,-69525.98,1,1173,3,8,6
5.57,1754260433,2258,27154.52,-39998.94,-12844.42,1,1173,3,8,6
1.2,1754260467,2260,28566.7,-368.05,28198.65,0,1174,3,8,6
1.1,1754260476,2241,30041.91,-431.49,29610.42,0,1174,3,8,6
4.84,1754260489,2092,29209.44,-44978.78,-15769.34,1,1174,3,8,6
5.4,1754260517,2454,29335.65,-52384.51,-23048.86,1,1175,3,8,6
1.17,1754260550,2377,26594.04,-298.16,26295.88,0,1175,3,8,6
1.31,1754260563,2156,28212.36,-832.4,27379.96,0,1176,3,8,6
2.05,1754260576,2325,35246.66,-14260.23,20986.43,1,1176,3,8,6
1.53,1754260593,2407,34844.54,-2961.14,31883.4,0,1176,3,8,6
42.6,1754260612,2172,32127.03,-120099.91,-87972.88,1,1176,3,8,6
5.64,1754260666,2340,28645.33,-44170.94,-15525.61,1,1177,3,8,6
1.57,1754260695,2317,27767.91,-4399.13,23368.78,0,1178,3,8,6
18.7,1754260714,2305,33047.83,-87504.5,-54456.67,1,1178,3,8,6
2.67,1754260760,2571,30907.17,-17395.14,13512.03,1,1179,3,8,6
1.97,1754260782,2331,34512.64,-9869.37,24643.27,0,1179,3,8,6
2.09,1754260801,2616,38495.07,-20171.42,18323.65,1,1180,3,8,6
3.2,1754260821,2604,38221.14,-38832.84,-611.7,1,1180,3,8,6
1.55,1754260843,2537,36060.05,-6442.13,29617.92,0,1180,3,8,6
1.73,1754260860,2584,38814.01,-7876.45,30937.56,0,1181,3,8,6
2.36,1754260876,2502,39251.27,-27265.33,11985.94,1,1181,3,8,6
1.38,1754260897,2622,36698.12,-1472.65,35225.47,0,1181,3,8,6
1.08,1754260912,2309,33886.69,-606.79,33279.9,0,1181,3,8,6
2.74,1754260925,2303,35877.26,-31647.11,4230.15,1,1182,3,8,6
1.25,1754260944,2279,37753.34,-670.47,37082.87,0,1182,3,8,6
1.13,1754260957,2081,31204.0,-1123.75,30080.25,0,1182,3,8,6
1.67,1754260971,2176,38457.29,-9137.98,29319.31,0,1182,3,8,6
3.04,1754260986,2050,37343.18,-37179.09,164.09,1,1183,3,8,6
2.22,1754261012,2117,37585.39,-21658.58,15926.81,1,1183,3,8,6
3.89,1754261028,2175,38899.59,-44540.76,-5641.17,1,1183,3,8,6
4.58,1754261057,2209,31428.29,-43471.18,-12042.89,1,1184,3,8,6
1.81,1754261084,2339,30241.07,-7327.39,22913.68,0,1184,3,8,6
9.2,1754261105,2124,32701.75,-55933.06,-23231.31,1,1185,3,8,6
1.38,1754261141,2446,36691.76,-1803.24,34888.52,0,1185,3,8,6
1.52,1754261156,2356,39861.56,-1982.99,37878.57,0,1185,3,8,6
2.26,1754261171,2202,36945.28,-25394.9,11550.38,1,1186,3,8,6
4.97,1754261191,2303,36109.56,-52969.43,-16859.87,1,1186,3,8,6
1.21,1754261223,2320,27760.96,-479.81,27281.15,0,1187,3,8,6
1.5,1754261238,1999,53055.75,-4619.74,48436.01,0,1187,3,8,6
1.0,1754261254,2207,31739.55,-0.0,31739.55,0,1187,3,8,6
80.13,1754261263,1930,60826.52,-234602.42,-173775.9,1,1187,3,8,6
1.3,1754261327,2221,34460.74,-1328.48,33132.26,0,1188,3,8,6
1.46,1754261338,1976,62911.77,-2763.96,60147.81,0,1188,3,8,6
1.51,1754261354,1868,54759.98,-5417.14,49342.84,0,1189,3,8,6
1.36,1754261373,2054,33759.45,-1657.72,32101.73,0,1189,3,8,6
7.97,1754261381,1862,61571.9,-129470.32,-67898.42,1,1189,3,8,6
1.09,1754261417,2143,28544.03,-171.21,28372.82,0,1190,3,8,6
6.08,1754261429,1928,55768.65,-111631.51,-55862.86,1,1190,3,8,6
1.5,1754261462,2006,29987.47,-2304.9,27682.57,0,1191,3,8,6
4.08,1754261472,2201,30770.85,-45319.59,-14548.74,1,1191,3,8,6
3.17,1754261502,1923,56556.07,-62865.28,-6309.21,1,1191,3,8,6
1.19,1754261528,2226,32866.98,-705.98,32161.0,0,1192,3,8,6
2.17,1754261538,2087,33064.35,-17461.56,15602.79,1,1192,3,8,6
1.0,1754261555,2199,35807.34,-0.0,35807.34,0,1192,3,8,6
1.47,1754261566,2111,32985.34,-2228.9,30756.44,0,1192,3,8,6
1.31,1754261582,2003,32526.78,-1141.21,31385.57,0,1193,3,8,6
1.0,1754261596,1765,61360.93,-0.0,61360.93,0,1193,3,8,6
1.07,1754261607,1635,61167.65,-3804.36,57363.29,0,1193,3,8,6
3.41,1754261621,1447,53784.65,-49963.27,3821.38,1,1193,3,8,6
1.31,1754261641,1694,52031.25,-1172.51,50858.74,0,1194,3,8,6
3.42,1754261656,1515,49417.59,-52525.9,-3108.31,1,1194,3,8,6
1.58,1754261680,1506,43378.38,-5662.64,37715.74,0,1194,3,8,6
3.15,1754261697,1520,52147.4,-49388.79,2758.61,1,1194,3,8,6
2.81,1754261738,1552,42564.51,-34559.12,8005.39,1,1195,3,8,6
1.09,1754261762,1634,44467.87,-940.2,43527.67,0,1196,3,8,6
3.77,1754261773,1470,38386.91,-44825.28,-6438.37,1,1196,3,8,6
1.03,1754261799,1680,56656.24,-10.4,56645.84,0,1196,3,8,6
1.41,1754261808,1678,65589.48,-5140.44,60449.04,0,1196,3,8,6
2.63,1754261825,1511,50395.92,-41427.35,8968.57,1,1197,3,8,6
2.66,1754261846,1515,49284.11,-42758.49,6525.62,1,1197,3,8,6
1.47,1754261869,1521,42130.92,-5167.74,36963.18,0,1197,3,8,6
2.53,1754261884,1388,43073.72,-37671.47,5402.25,1,1198,3,8,6
1.13,1754261903,1532,44523.05,-494.48,44028.57,0,1198,3,8,6
1.07,1754261917,1448,56377.12,-176.49,56200.63,0,1198,3,8,6
1.25,1754261927,1296,52840.96,-2176.77,50664.19,0,1198,3,8,6
2.36,1754261937,1154,45073.48,-37609.22,7464.26,1,1198,3,8,6
3.99,1754261959,1291,49107.46,-72534.22,-23426.76,1,1199,3,8,6
5.65,1754261985,1394,46630.74,-89445.53,-42814.79,1,1199,3,8,6
1.46,1754262018,1516,42745.64,-5313.14,37432.5,0,1200,3,8,6
1.01,1754262033,1352,46607.48,-0.0,46607.48,0,1200,3,8,6
2.82,1754262042,1290,44050.77,-36910.37,7140.4,1,1200,3,8,6
1.22,1754262064,1495,41212.19,-1492.6,39719.59,0,1201,3,8,6
1.24,1754262079,1289,35501.6,-2229.84,33271.76,0,1201,3,8,6
2.38,1754262094,1275,47620.71,-35745.59,11875.12,1,1201,3,8,6
21.04,1754262112,1220,35007.88,-96131.96,-61124.08,1,1201,3,8,6
1.04,1754262164,1477,44263.61,-53.57,44210.04,0,1202,3,8,6
2.24,1754262174,1296,37900.43,-19072.92,18827.51,1,1202,3,8,6
1.47,1754262191,1470,46652.05,-3878.33,42773.72,0,1203,3,8,6
7.35,1754262208,1409,50465.51,-86372.7,-35907.19,1,1203,3,8,6
13.4,1754262243,1381,35618.88,-86299.48,-50680.6,1,1204,3,8,6
2.41,1754262281,1531,35557.22,-21322.48,14234.74,1,1204,3,8,6
2.38,1754262311,1581,43071.84,-30265.47,12806.37,1,1205,3,8,6
1.29,1754262325,1676,47183.25,-3907.6,43275.65,0,1205,3,8,6
2.45,1754262339,1505,42433.52,-33002.48,9431.04,1,1205,3,8,6
1.6,1754262357,1660,44471.83,-8855.96,35615.87,0,1205,3,8,6
7.15,1754262378,1631,49239.75,-96481.37,-47241.62,1,1206,3,8,6
2.2,1754262406,1579,40945.76,-20596.72,20349.04,1,1206,3,8,6
2.99,1754262425,1623,44955.16,-46860.84,-1905.68,1,1207,3,8,6
2.72,1754262448,1691,56238.2,-60696.18,-4457.98,1,1207,3,8,6
3.01,1754262472,1701,51986.13,-59072.74,-7086.61,1,1207,3,8,6
628.81,1754262498,1723,55711.04,-241894.07,-186183.03,1,1208,3,8,6
1.14,1754262587,1761,46342.27,-425.47,45916.8,0,1209,3,8,6
3.15,1754262598,1511,42170.94,-39797.59,2373.35,1,1209,3,8,6
3.71,1754262619,1771,58007.18,-81451.95,-23444.77,1,1210,3,8,6
2.81,1754262650,1860,61041.54,-61311.16,-269.62,1,1210,3,8,6
1.61,1754262670,1853,56862.61,-6767.63,50094.98,0,1211,3,8,6
1.65,1754262686,1780,57548.11,-11694.51,45853.6,0,1211,3,8,6
1.13,1754262703,1644,50663.0,-660.07,50002.93,0,1211,3,8,6
2.17,1754262713,1486,39221.98,-25364.81,13857.17,1,1211,3,8,6
2.05,1754262734,1771,55080.47,-27913.56,27166.91,1,1212,3,8,6
1.86,1754262755,1748,55472.5,-15261.64,40210.86,0,1212,3,8,6
2.65,1754262772,1609,48295.75,-42935.26,5360.49,1,1212,3,8,6
2.46,1754262794,1719,54015.67,-61238.35,-7222.68,1,1213,3,8,6
1.27,1754262816,1538,44262.77,-2787.31,41475.46,0,1213,3,8,6
3.67,1754262827,1631,52322.61,-70843.1,-18520.49,1,1213,3,8,6
1.14,1754262853,1768,62828.43,-801.51,62026.92,0,1214,3,8,6
2.21,1754262863,1625,56606.77,-39060.5,17546.27,1,1214,3,8,6
1.84,1754262886,1445,42711.25,-14753.5,27957.75,0,1214,3,8,6
20.38,1754262900,1666,54324.76,-148883.92,-94559.16,1,1215,3,8,6
1.13,1754262950,1654,42604.31,-375.12,42229.19,0,1215,3,8,6
4236.95,1754262961,1629,46111.07,-233262.47,-187151.4,1,1216,3,8,6
1.79,1754263073,1674,48162.89,-12895.79,35267.1,0,1217,3,8,6
1.33,1754263090,1778,56799.31,-3680.34,53118.97,0,1218,3,8,6
1.83,1754263102,1522,42253.84,-12446.44,29807.4,0,1218,3,8,6
1.44,1754263120,1629,49238.86,-5457.8,43781.06,0,1218,3,8,6
2.32,1754263135,1468,43816.41,-32396.27,11420.14,1,1218,3,8,6
1.75,1754263154,1648,50930.67,-18132.47,32798.2,0,1219,3,8,6
20.66,1754263171,1573,47416.57,-137938.96,-90522.39,1,1219,3,8,6
1.82,1754263215,1590,45908.79,-11928.14,33980.65,0,1220,3,8,6
6.62,1754263236,1799,58017.65,-116220.42,-58202.77,1,1220,3,8,6
1.42,1754263277,1713,43631.29,-5086.1,38545.19,0,1221,3,8,6
3.07,1754263289,1914,70689.71,-80898.07,-10208.36,1,1221,3,8,6
3.9,1754263315,1646,42519.75,-57590.28,-15070.53,1,1221,3,8,6
1.15,1754263337,1979,57678.53,-474.78,57203.75,0,1222,3,8,6
5.5,1754263354,1878,49916.55,-100585.04,-50668.49,1,1222,3,8,6
2.12,1754263388,1992,53729.32,-28958.48,24770.84,1,1223,3,8,6
5.18,1754263400,1761,49748.59,-86843.8,-37095.21,1,1223,3,8,6
1.03,1754263433,1998,57625.17,-13.43,57611.74,0,1223,3,8,6
2.89,1754263443,1875,53600.05,-50736.09,2863.96,1,1224,3,8,6
1.19,1754263463,2022,25499.85,-871.35,24628.5,0,1224,3,8,6
1.83,1754263478,1921,67790.86,-12876.75,54914.11,0,1224,3,8,6
47.07,1754263497,1745,50691.84,-198863.33,-148171.49,1,1224,3,8,6
12.44,1754263551,1882,56246.07,-126043.34,-69797.27,1,1225,3,8,6
1.32,1754263593,1850,57787.36,-5680.52,52106.84,0,1226,3,8,6
1.71,1754263603,1591,41951.11,-9650.04,32301.07,0,1226,3,8,6
1.81,1754263621,1886,61876.33,-14192.94,47683.39,0,1227,3,8,6
2.69,1754263638,1856,65569.22,-62236.18,3333.04,1,1227,3,8,6
2.76,1754263662,2041,30674.55,-33903.62,-3229.07,1,1227,3,8,6
19.01,1754263682,2079,30067.1,-80928.01,-50860.91,1,1228,3,8,6
1.14,1754263727,2010,24470.39,-387.63,24082.76,0,1228,3,8,6
1.99,1754263742,1793,52335.29,-21268.9,31066.39,0,1229,3,8,6
1.17,1754263761,2000,60896.71,-2701.68,58195.03,0,1229,3,8,6
10.65,1754263775,1956,53922.99,-138164.54,-84241.55,1,1229,3,8,6
1.08,1754263815,2176,29387.29,-246.32,29140.97,0,1230,3,8,6
3.58,1754263825,1874,43967.25,-57093.76,-13126.51,1,1230,3,8,6
1.19,1754263858,2924,30213.01,-1136.86,29076.15,0,1230,3,8,6
1.57,1754263874,2163,30443.93,-2242.6,28201.33,0,1231,3,8,6
2.13,1754263880,1997,58298.47,-32103.0,26195.47,1,1231,3,8,6
1.4,1754263903,1980,63925.38,-4553.37,59372.01,0,1231,3,8,6
1.27,1754263921,1753,50132.23,-2412.39,47719.84,0,1232,3,8,6
1.2,1754263930,1800,59740.73,-1323.55,58417.18,0,1232,3,8,6
12.2,1754263942,1591,47098.48,-127182.27,-80083.79,1,1232,3,8,6
1.85,1754263981,1727,46926.86,-12558.44,34368.42,0,1233,3,8,6
2.51,1754263998,1660,50239.36,-38481.31,11758.05,1,1233,3,8,6
2.28,1754264017,1574,44161.84,-35106.22,9055.62,1,1233,3,8,6
1.14,1754264040,1721,47473.3,-360.35,47112.95,0,1234,3,8,6
1.89,1754264051,1649,49401.52,-19410.54,29990.98,0,1234,3,8,6
1.0,1754264069,2645,31901.09,-0.0,31901.09,0,1234,3,8,6
1.59,1754264080,1361,45911.98,-9056.1,36855.88,0,1234,3,8,6
10.84,1754264106,1274,40771.11,-107894.5,-67123.39,1,1235,3,8,6
53.66,1754264151,1544,45293.82,-181732.66,-136438.84,1,1235,3,8,6
1.27,1754264206,1589,54320.88,-2432.91,51887.97,0,1236,3,8,6
1.31,1754264216,1337,40777.78,-1445.88,39331.9,0,1236,3,8,6
42.34,1754264231,1292,39239.73,-152935.31,-113695.58,1,1237,3,8,6
2.43,1754264287,1766,50205.41,-35168.98,15036.43,1,1238,3,8,6
3.36,1754264309,1595,41245.73,-51883.36,-10637.63,1,1238,3,8,6
1.56,1754264335,1798,47211.02,-6066.35,41144.67,0,1238,3,8,6
1.94,1754264355,1532,40958.02,-10708.95,30249.07,0,1239,3,8,6
15.28,1754264365,1724,48711.73,-142752.94,-94041.21,1,1239,3,8,6
2.48,1754264411,1872,51706.98,-40189.89,11517.09,1,1240,3,8,6
5.79,1754264431,1815,48001.78,-95088.25,-47086.47,1,1240,3,8,6
1.6,1754264460,1833,43433.16,-8211.18,35221.98,0,1241,3,8,6
1.04,1754264479,1623,40044.97,-19.9,40025.07,0,1241,3,8,6
1.85,1754264488,1730,56485.86,-11758.2,44727.66,0,1241,3,8,6
2.07,1754264508,1820,62601.25,-34953.69,27647.56,1,1241,3,8,6
3.56,1754264528,1884,60288.38,-82670.56,-22382.18,1,1242,3,8,6
1.99,1754264560,1943,59241.23,-21846.73,37394.5,0,1242,3,8,6
1.45,1754264573,121,623805.43,-64174.45,559630.98,0,1242,3,8,6
1.24,1754264590,1669,47130.8,-1768.04,45362.76,0,1243,3,8,6
1.34,1754264601,1685,61051.45,-4448.12,56603.33,0,1243,3,8,6
1.72,1754264615,1505,46443.69,-15549.95,30893.74,0,1243,3,8,6
1.16,1754264632,1513,51571.65,-1814.34,49757.31,0,1243,3,8,6
4.8,1754264643,1348,38222.13,-52544.37,-14322.24,1,1244,3,8,6
2.11,1754264671,1684,53348.82,-29079.95,24268.87,1,1244,3,8,6
1.33,1754264693,1575,50445.93,-1203.97,49241.96,0,1244,3,8,6
4.15,1754264707,1342,37531.98,-52566.79,-15034.81,1,1245,3,8,6
7.14,1754264730,1587,42711.75,-89176.52,-46464.77,1,1245,3,8,6
3.83,1754264767,1539,37831.7,-51826.06,-13994.36,1,1246,3,8,6
1.09,1754264796,1705,42394.09,-122.71,42271.38,0,1246,3,8,6
1.12,1754264806,1552,47421.73,-709.34,46712.39,0,1246,3,8,6
1.42,1754264824,1390,36057.64,-3403.46,32654.18,0,1247,3,8,6
1.09,1754264836,1364,39015.33,-165.79,38849.54,0,1247,3,8,6
1.39,1754264851,1252,38191.09,-1479.8,36711.29,0,1247,3,8,6
2.38,1754264860,1214,34435.2,-21181.65,13253.55,1,1247,3,8,6
1.7,1754264885,1459,44773.92,-10903.18,33870.74,0,1248,3,8,6
1.05,1754264897,1292,35975.0,-117.43,35857.57,0,1248,3,8,6
1.17,1754264906,1064,27955.17,-631.92,27323.25,0,1248,3,8,6
2.78,1754264918,941,25433.86,-26060.08,-626.22,1,1248,3,8,6
3.09,1754264938,1157,29656.83,-34747.78,-5090.95,1,1248,3,8,6
1.85,1754264961,1278,34322.14,-8586.58,25735.56,0,1249,3,8,6
1.02,1754264980,161,223084.53,-2162.8,220921.73,0,1249,3,8,6
1.24,1754264991,1041,28503.0,-652.13,27850.87,0,1249,3,8,6
1.54,1754265001,985,28523.43,-3179.75,25343.68,0,1250,3,8,6
149.97,1754265020,976,27705.84,-159768.51,-132062.67,1,1250,3,8,6
1.32,1754265086,1282,31783.5,-951.86,30831.64,0,1251,3,8,6
11.3,1754265103,1094,26975.38,-73003.04,-46027.66,1,1251,3,8,6
1.74,1754265140,1166,27549.74,-6764.01,20785.73,0,1252,3,8,6
1.0,1754265158,2074,23896.7,-0.0,23896.7,0,1252,3,8,6
4.95,1754265170,1189,31958.89,-52863.7,-20904.81,1,1252,3,8,6
1.07,1754265204,1346,34053.65,-191.39,33862.26,0,1253,3,8,6
7.27,1754265214,1184,28859.74,-67048.1,-38188.36,1,1253,3,8,6
1.18,1754265244,1216,26152.48,-545.95,25606.53,0,1254,3,8,6
1.13,1754265261,1399,43647.4,-628.01,43019.39,0,1254,3,8,6
1.04,1754265271,1251,38211.94,-4660.79,33551.15,0,1254,3,8,6
2.79,1754265281,1121,32507.16,-31706.31,800.85,1,1254,3,8,6
2.29,1754265300,1259,35839.67,-31675.84,4163.83,1,1255,3,8,6
1.6,1754265325,1211,29099.4,-6235.68,22863.72,0,1255,3,8,6
1.64,1754265338,1099,25715.82,-6903.95,18811.87,0,1255,3,8,6
3.14,1754265358,1169,33117.04,-38572.65,-5455.61,1,1255,3,8,6
1.73,1754265393,1250,37577.25,-11437.34,26139.91,0,1256,3,8,6
1.18,1754265417,1083,22162.78,-149.48,22013.3,0,1256,3,8,6
2.02,1754265428,977,21464.05,-10289.95,11174.1,1,1257,3,8,6
2.62,1754265447,1044,27630.16,-26556.82,1073.34,1,1257,3,8,6
4.89,1754265468,1031,23305.11,-33445.13,-10140.02,1,1257,3,8,6
24.43,1754265497,1174,30045.39,-102914.77,-72869.38,1,1258,3,8,6
1.31,1754265547,1233,28622.64,-1465.0,27157.64,0,1259,3,8,6
4.54,1754265557,1128,28739.01,-40497.32,-11758.31,1,1259,3,8,6
1.11,1754265586,2187,23971.79,-529.28,23442.51,0,1259,3,8,6
3.66,1754265597,1306,46392.49,-67819.19,-21426.7,1,1259,3,8,6
4.87,1754265624,1183,24427.95,-41036.76,-16608.81,1,1260,3,8,6
1.0,1754265653,1426,39882.31,-0.0,39882.31,0,1260,3,8,6
1.82,1754265669,1377,46676.89,-14352.27,32324.62,0,1261,3,8,6
1.09,1754265680,1392,43950.53,-856.73,43093.8,0,1261,3,8,6
1.42,1754265692,1242,39152.87,-2962.6,36190.27,0,1261,3,8,6
1.9,1754265707,1205,31691.47,-11918.1,19773.37,0,1261,3,8,6
1.12,1754265725,1227,37135.45,-972.37,36163.08,0,1262,3,8,6
8.35,1754265741,1058,30687.09,-76202.83,-45515.74,1,1262,3,8,6
1.95,1754265772,1306,35047.42,-12979.64,22067.78,0,1262,3,8,6
2.12,1754265791,1207,31039.93,-18882.91,12157.02,1,1263,3,8,6
1.05,1754265811,1160,30586.02,-420.69,30165.33,0,1263,3,8,6
2.19,1754265824,1209,45597.39,-36943.62,8653.77,1,1263,3,8,6
1.22,1754265849,554,39410.61,-1902.5,37508.11,0,1264,3,8,6
1.23,1754265855,1175,47567.45,-2218.51,45348.94,0,1264,3,8,6
1.11,1754265864,1037,37213.32,-182.16,37031.16,0,1264,3,8,6
1.03,1754265879,952,29614.82,-173.77,29441.05,0,1264,3,8,6
2.51,1754265890,858,28227.37,-19765.29,8462.08,1,1264,3,8,6
2.04,1754265910,971,36411.64,-22394.67,14016.97,1,1265,3,8,6
1.2,1754265931,998,32452.53,-1216.5,31236.03,0,1265,3,8,6
2.02,1754265945,1,23907729.0,-13174638.75,10733090.25,1,1265,3,8,6
2.06,1754265963,946,36473.16,-28865.61,7607.55,1,1266,3,8,6
1.68,1754265983,884,26730.44,-6929.16,19801.28,0,1266,3,8,6
58.44,1754265996,957,31115.85,-142371.52,-111255.67,1,1266,3,8,6
1.19,1754266057,1072,31412.84,-225.35,31187.49,0,1267,3,8,6
4.76,1754266076,1062,36807.7,-53278.49,-16470.79,1,1267,3,8,6
2.81,1754266107,1010,23412.63,-23313.79,98.84,1,1268,3,8,6
1.29,1754266132,1096,26746.28,-1685.39,25060.89,0,1268,3,8,6
1.9,1754266143,52,770007.52,-279086.99,490920.53,0,1269,3,8,6
1.66,1754266158,1154,41584.25,-11674.61,29909.64,0,1269,3,8,6
45.81,1754266177,1775,26271.25,-97205.29,-70934.04,1,1269,3,8,6
2.18,1754266231,1194,35586.07,-24419.52,11166.55,1,1270,3,8,6
1.11,1754266251,619,60585.16,-209.2,60375.96,0,1270,3,8,6
1.47,1754266263,1059,31664.41,-2926.64,28737.77,0,1271,3,8,6
1.6,1754266279,1062,31337.95,-7583.23,23754.72,0,1271,3,8,6
3.21,1754266292,1156,43504.09,-55827.72,-12323.63,1,1271,3,8,6
1.39,1754266321,1243,43523.28,-4563.53,38959.75,0,1272,3,8,6
1.78,1754266333,1091,36097.85,-15536.21,20561.64,0,1272,3,8,6
41.45,1754266355,1109,35294.78,-155425.64,-120130.86,1,1272,3,8,6
6.82,1754266413,1233,35322.54,-66463.58,-31141.04,1,1273,3,8,6
4.49,1754266443,1202,33506.51,-49008.68,-15502.17,1,1274,3,8,6
1.1,1754266471,1334,43804.48,-1833.06,41971.42,0,1274,3,8,6
2.96,1754266483,1080,36118.45,-36520.14,-401.69,1,1274,3,8,6
15.45,1754266504,1352,46938.13,-122450.31,-75512.18,1,1275,3,8,6
4.16,1754266551,1414,42111.25,-58032.48,-15921.23,1,1275,3,8,6
4.66,1754266582,1349,40001.03,-65709.47,-25708.44,1,1276,3,8,6
1.14,1754266603,1439,46821.31,-489.68,46331.63,0,1276,3,8,6
1.88,1754266616,368,132313.62,-38768.7,93544.92,0,1276,3,8,6
1.29,1754266641,1118,51897.14,-2482.74,49414.4,0,1277,3,8,6
1.06,1754266651,1283,39220.95,-54.68,39166.27,0,1277,3,8,6
8.27,1754266659,1244,41896.96,-95753.18,-53856.22,1,1277,3,8,6
1.15,1754266699,1611,53684.71,-2463.48,51221.23,0,1278,3,8,6
3.42,1754266707,1339,37289.45,-46717.07,-9427.62,1,1278,3,8,6
1.39,1754266736,1308,34426.16,-3818.71,30607.45,0,1278,3,8,6
1.54,1754266747,1472,57233.92,-8154.53,49079.39,0,1279,3,8,6
1.65,1754266773,1336,43342.34,-8176.19,35166.15,0,1279,3,8,6
2.88,1754266790,1292,44734.01,-43876.06,857.95,1,1279,3,8,6
1.36,1754266803,1356,47034.72,-3723.23,43311.49,0,1280,3,8,6
2.96,1754266821,1162,38619.48,-44183.78,-5564.3,1,1280,3,8,6
1.38,1754266844,1112,28649.12,-2997.65,25651.47,0,1280,3,8,6
1.09,1754266857,1251,43368.98,-556.53,42812.45,0,1280,3,8,6
5.97,1754266877,1068,33881.18,-63167.54,-29286.36,1,1281,3,8,6
1.67,1754266902,1208,31365.62,-9076.86,22288.76,0,1281,3,8,6
4.97,1754266922,1135,31292.06,-51031.01,-19738.95,1,1282,3,8,6
23.9,1754266954,520,62405.71,-214352.08,-151946.37,1,1282,3,8,6
2.09,1754267000,1316,32677.48,-13409.64,19267.84,1,1283,3,8,6
1.64,1754267020,1252,34633.84,-6741.88,27891.96,0,1283,3,8,6
1.22,1754267033,1269,41915.48,-1767.92,40147.56,0,1283,3,8,6
1.73,1754267051,1175,40177.62,-13506.67,26670.95,0,1284,3,8,6
1.36,1754267068,1283,40216.02,-4387.3,35828.72,0,1284,3,8,6
5.65,1754267081,1182,36020.1,-66805.7,-30785.6,1,1284,3,8,6
7.97,1754267116,1366,36876.17,-87625.43,-50749.26,1,1285,3,8,6
5.55,1754267150,1424,42833.41,-80832.81,-37999.4,1,1285,3,8,6
1.67,1754267187,101,507788.75,-73353.38,434435.37,0,1286,3,8,6
1.3,1754267202,1276,37184.43,-2895.78,34288.65,0,1286,3,8,6
1.0,1754267212,1151,32364.21,-0.0,32364.21,0,1286,3,8,6
3.99,1754267228,1,49686237.73,-72353026.99,-22666789.26,1,1287,3,8,6
2.02,1754267253,1535,55068.33,-29911.04,25157.29,1,1287,3,8,6
3.41,1754267272,41,1609903.4,-2052142.88,-442239.48,1,1287,3,8,6
1.98,1754267301,1393,42789.38,-17978.16,24811.22,0,1288,3,8,6
1.52,1754267321,39,1219599.56,-264270.1,955329.46,0,1288,3,8,6
1.17,1754267335,1974,21368.43,-619.87,20748.56,0,1288,3,8,6
4.36,1754267335,1580,61501.44,-98713.83,-37212.39,1,1288,3,8,6
1.09,1754267410,1562,53247.8,-146.25,53101.55,0,1290,3,8,6
8.96,1754267421,1229,40625.48,-91628.23,-51002.75,1,1290,3,8,6
1.78,1754267457,1558,54356.64,-17327.67,37028.97,0,1290,3,8,6
4.55,1754267476,1497,57549.41,-95871.2,-38321.79,1,1291,3,8,6
1.82,1754267506,1287,35651.16,-12934.11,22717.05,0,1291,3,8,6
2.37,1754267522,1600,65832.48,-52297.41,13535.07,1,1292,3,8,6
1.45,1754267543,1336,41403.16,-7456.28,33946.88,0,1292,3,8,6
1.82,1754267558,1501,60192.1,-22335.02,37857.08,0,1292,3,8,6
15.95,1754267577,1387,56380.55,-167721.65,-111341.1,1,1292,3,8,6
2.24,1754267620,1501,55440.34,-39762.08,15678.26,1,1293,3,8,6
3.13,1754267640,1313,41463.26,-47756.75,-6293.49,1,1294,3,8,6
4.07,1754267665,1454,54827.24,-79250.17,-24422.93,1,1294,3,8,6
12.26,1754267693,1492,64933.7,-167911.51,-102977.81,1,1294,3,8,6
4.31,1754267736,1498,54724.9,-74973.98,-20249.08,1,1295,3,8,6
2.85,1754267766,1581,63069.62,-62484.72,584.9,1,1296,3,8,6
1.95,1754267787,1596,68233.01,-35724.63,32508.38,0,1296,3,8,6
4.13,1754267806,1452,53709.53,-74982.65,-21273.12,1,1296,3,8,6
2.27,1754267834,1711,71991.98,-62007.56,9984.42,1,1297,3,8,6
2.06,1754267854,1696,65480.5,-40119.28,25361.22,1,1297,3,8,6
2.57,1754267873,1667,62908.68,-69837.07,-6928.39,1,1297,3,8,6
1.72,1754267894,1654,69248.42,-24775.88,44472.54,0,1298,3,8,6
1.03,1754267913,1574,65466.94,-301.66,65165.28,0,1298,3,8,6
3.18,1754267923,1272,47796.21,-55810.93,-8014.72,1,1298,3,8,6
3.32,1754267946,1585,69594.17,-101370.6,-31776.43,1,1299,3,8,6
1.68,1754267972,1578,65160.44,-17705.69,47454.75,0,1299,3,8,6
1.18,1754267990,1335,47735.58,-3075.58,44660.0,0,1299,3,8,6
1.61,1754268001,1439,66883.81,-14152.71,52731.1,0,1300,3,8,6
4.21,1754268019,1294,57099.17,-89729.16,-32629.99,1,1300,3,8,6
6.04,1754268047,1562,76195.03,-147594.11,-71399.08,1,1300,3,8,6
1.43,1754268081,1520,64189.86,-6958.86,57231.0,0,1301,3,8,6
1.26,1754268096,1228,45221.56,-4641.9,40579.66,0,1301,3,8,6
1.79,1754268108,1208,44214.24,-15707.02,28507.22,0,1301,3,8,6
1.2,1754268125,1416,68065.33,-1167.1,66898.23,0,1302,3,8,6
1.41,1754268139,1224,58103.8,-8568.4,49535.4,0,1302,3,8,6
5.39,1754268153,1126,46385.78,-92583.02,-46197.24,1,1302,3,8,6
1.88,1754268182,1523,66970.22,-27512.82,39457.4,0,1303,3,8,6
2.49,1754268202,1357,52462.12,-50414.28,2047.84,1,1303,3,8,6
3.83,1754268221,1263,41484.6,-56721.17,-15236.57,1,1303,3,8,6
1.61,1754268248,1432,57398.38,-15960.87,41437.51,0,1304,3,8,6
5.07,1754268267,1336,56512.97,-102966.67,-46453.7,1,1304,3,8,6
2.84,1754268297,1501,67312.67,-77711.77,-10399.1,1,1304,3,8,6
2.22,1754268320,1318,54397.47,-54290.29,107.18,1,1305,3,8,6
1.33,1754268339,1461,66502.74,-7397.96,59104.78,0,1305,3,8,6
1.04,1754268355,1345,55836.67,-17.83,55818.84,0,1305,3,8,6
1.44,1754268364,1228,53065.68,-8507.91,44557.77,0,1306,3,8,6
12.95,1754268381,1235,60454.85,-149831.92,-89377.07,1,1306,3,8,6
1.44,1754268422,1500,77447.66,-6317.3,71130.36,0,1307,3,8,6
2.63,1754268439,1252,50196.31,-51370.65,-1174.34,1,1307,3,8,6
1.04,1754268459,1281,52893.04,-10.86,52882.18,0,1307,3,8,6
4.0,1754268470,1362,74505.4,-116193.45,-41688.05,1,1307,3,8,6
38.77,1754268498,1184,42001.62,-121900.38,-79898.76,1,1308,3,8,6
1.17,1754268552,1384,55204.71,-1466.27,53738.44,0,1309,3,8,6
1.03,1754268564,1314,57434.31,-25.6,57408.71,0,1309,3,8,6
1.05,1754268575,1255,54064.68,-5.3,54059.38,0,1309,3,8,6
2.06,1754268585,1189,47777.59,-24432.07,23345.52,1,1309,3,8,6
2.11,1754268604,1397,54689.15,-39374.66,15314.49,1,1310,3,8,6
2.16,1754268625,1332,52713.44,-42647.14,10066.3,1,1310,3,8,6
1.81,1754268645,1326,40312.02,-15686.23,24625.79,0,1310,3,8,6
1.36,1754268663,1229,41393.64,-4387.37,37006.27,0,1311,3,8,6
2.88,1754268676,1124,35202.91,-37473.68,-2270.77,1,1311,3,8,6
1.01,1754268698,1350,56237.23,-0.0,56237.23,0,1311,3,8,6
4.34,1754268709,1149,48692.49,-80710.33,-32017.84,1,1311,3,8,6
1.28,1754268736,1198,34941.81,-1118.2,33823.61,0,1312,3,8,6
1.62,1754268748,1327,62424.93,-13084.64,49340.29,0,1312,3,8,6
2.86,1754268765,1225,43244.96,-50704.37,-7459.41,1,1312,3,8,6
2.96,1754268790,1228,38515.59,-47339.65,-8824.06,1,1313,3,8,6
3.63,1754268813,1161,40814.5,-57639.61,-16825.11,1,1313,3,8,6
2.73,1754268838,1248,36429.53,-36586.29,-156.76,1,1313,3,8,6
1.35,1754268860,1260,38794.64,-3935.99,34858.65,0,1314,3,8,6
1.17,1754268877,1088,31112.93,-1062.16,30050.77,0,1314,3,8,6
2.28,1754268887,1064,30095.86,-23181.66,6914.2,1,1314,3,8,6
1.67,1754268908,1304,46824.64,-11493.19,35331.45,0,1315,3,8,6
9.58,1754268927,1120,40078.86,-93031.02,-52952.16,1,1315,3,8,6
1.55,1754268963,1233,36036.0,-10166.65,25869.35,0,1316,3,8,6
1.41,1754268979,1337,50769.44,-4914.42,45855.02,0,1316,3,8,6
7.04,1754268993,1253,46686.11,-102363.26,-55677.15,1,1316,3,8,6
1.61,1754269028,1268,39154.05,-8500.8,30653.25,0,1317,3,8,6
9.74,1754269046,1171,39807.63,-102518.78,-62711.15,1,1317,3,8,6
1.0,1754269083,1244,37920.77,-0.0,37920.77,0,1318,3,8,6
2.43,1754269095,1307,48546.38,-38326.26,10220.12,1,1318,3,8,6
1.35,1754269115,1166,36867.72,-3278.65,33589.07,0,1318,3,8,6
1.2,1754269129,1391,52908.53,-518.97,52389.56,0,1318,3,8,6
5.0,1754269146,1229,45573.95,-78285.57,-32711.62,1,1319,3,8,6
11.75,1754269174,1188,35894.58,-93539.13,-57644.55,1,1319,3,8,6
4.06,1754269214,1255,31693.15,-45021.12,-13327.97,1,1320,3,8,6
2.7,1754269241,1287,44076.24,-48554.56,-4478.32,1,1320,3,8,6
1.87,1754269263,1289,43412.69,-15365.61,28047.08,0,1321,3,8,6
48.13,1754269279,1219,40238.28,-159451.56,-119213.28,1,1321,3,8,6
1.1,1754269337,1440,51429.1,-161.44,51267.66,0,1322,3,8,6
1.36,1754269348,1333,57286.35,-4189.26,53097.09,0,1322,3,8,6
1.8,1754269363,1274,43706.38,-14613.17,29093.21,0,1322,3,8,6
4.25,1754269380,1387,53650.11,-83913.42,-30263.31,1,1323,3,8,6
11.09,1754269408,1459,53775.06,-130125.49,-76350.43,1,1323,3,8,6
1.22,1754269447,1485,49602.88,-2057.89,47544.99,0,1324,3,8,6
3.28,1754269459,1215,38980.06,-47096.67,-8116.61,1,1324,3,8,6
1.0,1754269484,1462,51062.07,-0.0,51062.07,0,1324,3,8,6
1.04,1754269495,1507,62980.69,-46.51,62934.18,0,1324,3,8,6
1.09,1754269506,1319,47968.64,-72.46,47896.18,0,1325,3,8,6
3.12,1754269518,1269,43580.59,-53212.3,-9631.71,1,1325,3,8,6
1.07,1754269542,1436,54993.37,-77.85,54915.52,0,1325,3,8,6
1.28,1754269552,1195,37267.49,-1351.76,35915.73,0,1325,3,8,6
2.75,1754269565,1075,32859.35,-35613.71,-2754.36,1,1326,3,8,6
1.29,1754269588,1211,33767.47,-2421.33,31346.14,0,1326,3,8,6
2.7,1754269601,1123,35917.67,-39581.68,-3664.01,1,1326,3,8,6
1.13,1754269623,1084,32662.88,-218.73,32444.15,0,1327,3,8,6
1.47,1754269637,1218,54974.35,-3288.19,51686.16,0,1327,3,8,6
1.14,1754269652,1146,49703.65,-662.79,49040.86,0,1327,3,8,6
1.89,1754269662,1030,34157.34,-11255.7,22901.64,0,1327,3,8,6
2.25,1754269680,1085,37324.9,-26403.97,10920.93,1,1328,3,8,6
1.0,1754269699,1070,37683.8,-0.0,37683.8,0,1328,3,8,6
1.27,1754269710,948,33403.18,-1005.51,32397.67,0,1328,3,8,6
2.31,1754269723,790,22094.47,-15346.52,6747.95,1,1328,3,8,6
1.04,1754269742,860,30199.15,-39.48,30159.67,0,1329,3,8,6
1.76,1754269754,773,24426.05,-4794.18,19631.87,0,1329,3,8,6
1.33,1754269770,928,35892.23,-2430.14,33462.09,0,1329,3,8,6
1.19,1754269784,837,26824.07,-914.5,25909.57,0,1329,3,8,6
13.37,1754269796,771,30592.23,-84013.42,-53421.19,1,1329,3,8,6
3.17,1754269837,972,25775.95,-27741.12,-1965.17,1,1330,3,8,6
4.37,1754269862,1008,29714.93,-50536.97,-20822.04,1,1331,3,8,6
1.63,1754269889,1121,28327.18,-5769.68,22557.5,0,1331,3,8,6
13864.66,1754269906,945,99436.12,-176842.12,-77406.0,1,1331,3,8,6
1.0,1754270032,1370,247816.03,-0.0,247816.03,0,1333,3,8,6
3.16,1754270044,1195,242291.78,-234236.62,8055.16,1,1334,3,8,6
2.35,1754270069,1217,235137.81,-142884.74,92253.07,1,1334,3,8,6
196.62,1754270089,1304,249173.36,-589063.33,-339889.97,1,1334,3,8,6
2.26,1754270163,1383,230916.49,-157343.56,73572.93,1,1336,3,8,6
1.66,1754270186,1429,294970.01,-42023.27,252946.74,0,1336,3,8,6
1.87,1754270203,1431,230431.83,-85754.41,144677.42,0,1336,3,8,6
2.01,1754270220,1416,264462.17,-81533.14,182929.03,1,1337,3,8,6
1.54,1754270238,1506,318227.04,-24096.07,294130.97,0,1337,3,8,6
1.11,1754270254,1327,260233.72,-3091.16,257142.56,0,1337,3,8,6
2.2,1754270265,1305,282069.6,-155821.6,126248.0,1,1337,3,8,6
21.8,1754270286,1294,287891.88,-798064.26,-510172.38,1,1338,3,8,6
1.02,1754270333,1518,369893.27,-2162.8,367730.47,0,1338,3,8,6
5.1,1754270344,1246,212709.97,-420415.25,-207705.28,1,1339,3,8,6
4.47,1754270373,1491,216237.07,-400047.94,-183810.87,1,1339,3,8,6
82.4,1754270401,1461,245587.5,-562592.9,-317005.4,1,1340,3,8,6
1.64,1754270464,1568,281130.67,-65187.41,215943.26,0,1341,3,8,6
1.93,1754270481,1556,277495.91,-185154.66,92341.25,0,1341,3,8,6
4.25,1754270499,1626,361492.99,-492755.33,-131262.34,1,1341,3,8,6
1.23,1754270527,1827,413999.38,-10381.61,403617.77,0,1342,3,8,6
2.18,1754270539,1563,275723.85,-166148.63,109575.22,1,1342,3,8,6
4.19,1754270559,1559,252118.07,-428539.79,-176421.72,1,1342,3,8,6
2.29,1754270586,1793,369579.94,-350630.1,18949.84,1,1343,3,8,6
1.73,1754270606,1792,396868.88,-148752.35,248116.53,0,1343,3,8,6
3.16,1754270622,1740,298986.01,-314527.59,-15541.58,1,1343,3,8,6
1.04,1754270648,1890,418959.52,-4660.79,414298.73,0,1344,3,8,6
35.93,1754270658,1722,414586.69,-1058203.09,-643616.4,1,1344,3,8,6
1.17,1754270712,1715,300299.33,-13475.17,286824.16,0,1345,3,8,6
1.0,1754270726,1779,403990.38,-0.0,403990.38,0,1345,3,8,6
104.81,1754270740,1703,429090.69,-936462.82,-507372.13,1,1345,3,8,6
2.67,1754270808,1709,439624.98,-328030.46,111594.52,1,1346,3,8,6
1.25,1754270829,1734,403011.26,-38393.22,364618.04,0,1347,3,8,6
3.15,1754270844,1668,422205.38,-449844.7,-27639.32,1,1347,3,8,6
1.66,1754270868,1916,434340.47,-93810.33,340530.14,0,1347,3,8,6
1.05,1754270884,1961,452577.1,-2410.85,450166.25,0,1348,3,8,6
2.16,1754270895,1819,427504.98,-198265.34,229239.64,1,1348,3,8,6
4.17,1754270913,1893,405016.72,-665763.77,-260747.05,1,1348,3,8,6
11.64,1754270944,1845,444128.07,-844045.66,-399917.59,1,1349,3,8,6
1.06,1754270987,1858,423301.89,-1475.19,421826.7,0,1349,3,8,6
1.33,1754270997,1668,390770.44,-60786.56,329983.88,0,1349,3,8,6
3.91,1754271010,1793,395138.57,-553545.53,-158406.96,1,1350,3,8,6
1.45,1754271037,1959,505626.16,-31213.66,474412.5,0,1350,3,8,6
1.21,1754271051,1735,386629.41,-14255.74,372373.67,0,1350,3,8,6
63.48,1754271064,1792,495738.87,-903746.96,-408008.09,1,1351,3,8,6
3.6,1754271125,1766,373019.48,-461099.81,-88080.33,1,1352,3,8,6
1.16,1754271150,1767,399656.77,-8878.74,390778.03,0,1352,3,8,6
2.0,1754271161,1575,357647.8,-107806.91,249840.89,1,1352,3,8,6
3.17,1754271179,1845,433159.5,-436423.46,-3263.96,1,1352,3,8,6
1.24,1754271203,1862,431227.01,-14436.74,416790.27,0,1353,3,8,6
2.62,1754271216,1832,480693.87,-339763.49,140930.38,1,1353,3,8,6
11.9,1754271237,2000,628270.19,-1042630.77,-414360.58,1,1353,3,8,6
2.56,1754271278,1815,513518.15,-299841.43,213676.72,1,1354,3,8,6
12.05,1754271300,1831,530242.15,-935973.35,-405731.2,1,1355,3,8,6
1.97,1754271340,2034,312274.61,-112600.91,199673.7,0,1355,3,8,6
5.31,1754271359,1977,561516.11,-809335.78,-247819.67,1,1355,3,8,6
1.02,1754271391,2065,331439.84,-2162.8,329277.04,0,1356,3,8,6
2.06,1754271400,2038,309595.76,-147600.3,161995.46,1,1356,3,8,6
1.31,1754271422,1860,494648.25,-14452.26,480195.99,0,1357,3,8,6
1.16,1754271440,2078,415333.38,-8878.74,406454.64,0,1357,3,8,6
6.81,1754271457,1725,552728.31,-869339.65,-316611.34,1,1357,3,8,6
6.23,1754271494,1909,634467.79,-605455.25,29012.54,1,1358,3,8,6
1.43,1754271530,1951,398619.23,-59550.92,339068.31,0,1358,3,8,6
1.64,1754271545,1724,377195.42,-54296.41,322899.01,0,1359,3,8,6
1.09,1754271560,2043,328666.96,-6452.63,322214.33,0,1359,3,8,6
2.08,1754271571,1835,617885.47,-467764.06,150121.41,1,1359,3,8,6
1.37,1754271590,1957,595150.5,-67868.54,527281.96,0,1359,3,8,6
1.09,1754271604,1674,394394.36,-6452.63,387941.73,0,1360,3,8,6
1.12,1754271615,1565,333659.31,-11325.33,322333.98,0,1360,3,8,6
2.18,1754271626,1485,454886.34,-534192.3,-79305.96,1,1360,3,8,6
16.2,1754271646,1436,303584.24,-554085.66,-250501.42,1,1360,3,8,6
1.04,1754271689,1627,348656.72,-4660.79,343995.93,0,1361,3,8,6
1.13,1754271700,1401,356852.1,-4397.52,352454.58,0,1361,3,8,6
1.15,1754271711,1359,337467.67,-6471.61,330996.06,0,1361,3,8,6
2.07,1754271725,1391,403104.75,-341631.87,61472.88,1,1362,3,8,6
1.12,1754271744,1538,455098.81,-3431.43,451667.38,0,1362,3,8,6
1.87,1754271755,1267,359837.96,-83482.63,276355.33,0,1362,3,8,6
1.6,1754271773,1310,303324.69,-7317.44,296007.25,0,1362,3,8,6
1.3,1754271789,1435,353113.63,-8935.34,344178.29,0,1363,3,8,6
9.64,1754271802,1229,299417.8,-603201.41,-303783.61,1,1363,3,8,6
4.26,1754271839,1518,286410.68,-528976.04,-242565.36,1,1363,3,8,6
1.36,1754271868,1516,312150.9,-47084.86,265066.04,0,1364,3,8,6
1.03,1754271882,1303,261024.82,-1289.69,259735.13,0,1364,3,8,6
5.77,1754271892,1204,221974.59,-322404.39,-100429.8,1,1364,3,8,6
1.05,1754271923,1609,376925.4,-2410.85,374514.55,0,1365,3,8,6
4.38,1754271935,1364,296591.67,-477995.86,-181404.19,1,1365,3,8,6
2.24,1754271964,1389,435843.87,-252005.58,183838.29,1,1366,3,8,6
1.45,1754271984,1485,332900.74,-31812.38,301088.36,0,1366,3,8,6
1.39,1754271998,1514,414749.89,-16242.98,398506.91,0,1366,3,8,6
3.08,1754272011,1488,544381.42,-609923.36,-65541.94,1,1366,3,8,6
3.8,1754272035,1545,438618.09,-629225.24,-190607.15,1,1367,3,8,6
1.32,1754272061,1358,225452.06,-9872.7,215579.36,0,1367,3,8,6
1.39,1754272077,1240,193492.74,-8609.95,184882.79,0,1367,3,8,6
1.03,1754272095,1526,459078.91,-1289.69,457789.22,0,1368,3,8,6
1.86,1754272105,1336,427092.68,-60465.39,366627.29,0,1368,3,8,6
17.89,1754272123,1387,438692.35,-720798.78,-282106.43,1,1368,3,8,6
1.21,1754272168,1517,361304.3,-8500.53,352803.77,0,1369,3,8,6
3.06,1754272180,1307,322265.2,-426961.75,-104696.55,1,1369,3,8,6
1.3,1754272203,1324,276276.98,-52899.11,223377.87,0,1370,3,8,6
1.33,1754272217,1473,428832.19,-63779.82,365052.37,0,1370,3,8,6
5.26,1754272231,1333,413335.18,-651346.98,-238011.8,1,1370,3,8,6
1.05,1754272263,1439,403656.53,-2410.85,401245.68,0,1371,3,8,6
1.25,1754272273,1284,376033.45,-24740.37,351293.08,0,1371,3,8,6
4.22,1754272286,1446,473781.76,-691761.94,-217980.18,1,1371,3,8,6
2.96,1754272313,1301,299017.01,-182986.11,116030.9,1,1371,3,8,6
1.24,1754272336,1376,421243.73,-49716.77,371526.96,0,1372,3,8,6
2.37,1754272350,1177,334223.94,-244185.2,90038.74,1,1372,3,8,6
1.38,1754272369,1417,422299.26,-24618.47,397680.79,0,1372,3,8,6
5.87,1754272383,1365,416177.37,-572528.44,-156351.07,1,1373,3,8,6
6.4,1754272414,1296,382977.31,-544488.94,-161511.63,1,1373,3,8,6
2.44,1754272447,1491,419832.42,-333671.98,86160.44,1,1374,3,8,6
1.83,1754272468,1521,482202.01,-230820.48,251381.53,0,1374,3,8,6
1.17,1754272484,1506,471428.54,-9629.41,461799.13,0,1374,3,8,6
1.45,1754272499,1382,290678.11,-11551.72,279126.39,0,1374,3,8,6
7.94,1754272513,1457,332883.89,-578424.06,-245540.17,1,1375,3,8,6
1.12,1754272549,1615,541055.55,-3431.43,537624.12,0,1375,3,8,6
1.5,1754272562,1368,365345.48,-9560.21,355785.27,0,1376,3,8,6
1.0,1754272576,1377,409087.96,-0.0,409087.96,0,1376,3,8,6
2.09,1754272586,1399,416640.12,-261227.44,155412.68,1,1376,3,8,6
1.1,1754272606,1384,455421.98,-26414.31,429007.67,0,1376,3,8,6
6.65,1754272618,1097,241178.42,-411628.82,-170450.4,1,1376,3,8,6
1.45,1754272650,1244,307428.18,-11018.19,296409.99,0,1377,3,8,6
6.82,1754272664,1334,477692.33,-664090.8,-186398.47,1,1377,3,8,6
1.01,1754272697,1116,230883.65,-0.0,230883.65,0,1378,3,8,6
1.11,1754272706,1325,433352.34,-7499.94,425852.4,0,1378,3,8,6
1.44,1754272718,1184,283322.17,-22925.42,260396.75,0,1378,3,8,6
1.74,1754272733,1195,367609.97,-71691.87,295918.1,0,1378,3,8,6
1.17,1754272749,1185,344176.51,-9629.41,334547.1,0,1379,3,8,6
1.49,1754272761,1090,230200.12,-7039.59,223160.53,0,1379,3,8,6
1.14,1754272775,1046,202679.29,-9259.06,193420.23,0,1379,3,8,6
7.12,1754272786,962,145893.75,-355666.13,-209772.38,1,1379,3,8,6
10.59,1754272819,1155,259474.43,-487393.35,-227918.92,1,1380,3,8,6
4.07,1754272858,1259,385651.47,-452510.76,-66859.29,1,1380,3,8,6
1.0,1754272886,1275,214523.55,-0.0,214523.55,0,1381,3,8,6
1.11,1754272899,1145,252402.58,-5818.64,246583.94,0,1381,3,8,6
1.29,1754272910,1012,264028.65,-13626.14,250402.51,0,1381,3,8,6
1.23,1754272924,1042,291462.04,-4698.29,286763.75,0,1382,3,8,6
1.78,1754272935,977,302913.41,-70440.56,232472.85,0,1382,3,8,6
2.01,1754272952,1060,352656.88,-80219.18,272437.7,1,1382,3,8,6
39.31,1754272970,1181,386234.08,-584523.12,-198289.04,1,1382,3,8,6
38.3,1754273025,1301,370430.78,-569431.67,-199000.89,1,1383,3,8,6
1.38,1754273081,1374,345041.55,-31357.63,313683.92,0,1384,3,8,6
1.2,1754273094,1102,267963.91,-3901.21,264062.7,0,1384,3,8,6
1.62,1754273106,990,121749.2,-26175.2,95574.0,0,1385,3,8,6
1.5,1754273123,1111,284092.49,-24292.52,259799.97,0,1385,3,8,6
2.61,1754273137,1088,259066.1,-206173.97,52892.13,1,1385,3,8,6
1.17,1754273159,1468,350200.18,-16817.84,333382.34,0,1385,3,8,6
1.36,1754273172,1192,228495.43,-20079.22,208416.21,0,1386,3,8,6
3.24,1754273185,1077,157553.29,-165227.93,-7674.64,1,1386,3,8,6
3.56,1754273209,1220,242031.84,-347846.88,-105815.04,1,1386,3,8,6
69.34,1754273234,1319,287379.12,-527944.14,-240565.02,1,1387,3,8,6
6.74,1754273295,1370,200565.38,-282799.33,-82233.95,1,1388,3,8,6
1.2,1754273330,1462,348143.52,-31207.17,316936.35,0,1388,3,8,6
1.22,1754273344,1150,197018.0,-13914.08,183103.92,0,1389,3,8,6
3.11,1754273355,1175,278297.93,-162448.9,115849.03,1,1389,3,8,6
7.57,1754273379,1542,411266.54,-738127.02,-326860.48,1,1389,3,8,6
25.07,1754273413,1618,333888.27,-489761.19,-155872.92,1,1390,3,8,6
2.62,1754273462,1602,406429.73,-375571.82,30857.91,1,1391,3,8,6
33.63,1754273486,1436,241554.92,-404447.34,-162892.42,1,1391,3,8,6
2.41,1754273538,1694,409487.13,-228802.18,180684.95,1,1392,3,8,6
1.23,1754273561,1691,399729.66,-4698.29,395031.37,0,1392,3,8,6
9.86,1754273572,1348,247933.4,-407928.95,-159995.55,1,1392,3,8,6
1.42,1754273609,1835,466393.94,-23781.27,442612.67,0,1393,3,8,6
1.55,1754273623,1819,522197.18,-62132.64,460064.54,0,1393,3,8,6
5.25,1754273639,1726,469789.42,-720640.08,-250850.66,1,1393,3,8,6
1.39,1754273669,1942,465559.48,-41486.35,424073.13,0,1394,3,8,6
8.88,1754273682,1701,406022.97,-772904.94,-366881.97,1,1394,3,8,6
1.02,1754273719,1744,347441.5,-2162.8,345278.7,0,1395,3,8,6
4.11,1754273729,1866,568006.84,-692237.89,-124231.05,1,1395,3,8,6
1.06,1754273755,1567,184139.38,-7435.66,176703.72,0,1395,3,8,6
2.08,1754273766,1913,538898.11,-271832.23,267065.88,1,1396,3,8,6
1.02,1754273786,1571,280600.11,-2162.8,278437.31,0,1396,3,8,6
1.09,1754273795,1800,581115.66,-6452.63,574663.03,0,1396,3,8,6
2.02,1754273806,1528,294942.05,-164167.46,130774.59,1,1396,3,8,6
3.33,1754273824,1623,509673.04,-510043.18,-370.14,1,1397,3,8,6
1.95,1754273849,1694,431527.67,-77048.57,354479.1,0,1397,3,8,6
1.38,1754273866,1556,351024.03,-23121.63,327902.4,0,1397,3,8,6
8.3,1754273880,1649,521877.0,-967562.85,-445685.85,1,1398,3,8,6
1.29,1754273915,1850,512933.59,-39519.19,473414.4,0,1398,3,8,6
5.42,1754273930,1566,308133.74,-509289.81,-201156.07,1,1398,3,8,6
33.12,1754273961,1509,289902.4,-628581.87,-338679.47,1,1399,3,8,6
20.96,1754274012,1809,504751.87,-806133.14,-301381.27,1,1400,3,8,6
1.41,1754274060,1877,540287.83,-24415.74,515872.09,0,1401,3,8,6
1.78,1754274075,1568,390470.77,-122102.8,268367.97,0,1401,3,8,6
1.98,1754274091,1686,403689.61,-123279.98,280409.63,0,1401,3,8,6
16.69,1754274111,1825,508621.97,-859823.38,-351201.41,1,1401,3,8,6
1.97,1754274155,2043,282660.1,-82731.78,199928.32,0,1402,3,8,6
2.1,1754274173,1874,484524.16,-286535.33,197988.83,1,1402,3,8,6
3.6,1754274192,1877,594790.41,-727425.36,-132634.95,1,1403,3,8,6
6.52,1754274217,2116,330670.63,-525338.71,-194668.08,1,1403,3,8,6
1.28,1754274251,2088,311043.56,-53734.68,257308.88,0,1404,3,8,6
3.36,1754274263,1756,364674.94,-413987.38,-49312.44,1,1404,3,8,6
1.15,1754274288,2146,306735.45,-6471.61,300263.84,0,1404,3,8,6
32.56,1754274299,2016,353883.77,-671293.74,-317409.97,1,1404,3,8,6
58.36,1754274351,2045,225226.76,-367490.32,-142263.56,1,1405,3,8,6
2.54,1754274410,2189,281955.2,-251303.04,30652.16,1,1406,3,8,6
2.36,1754274431,1955,540226.21,-464262.02,75964.19,1,1407,3,8,6
1.61,1754274452,2054,271200.0,-69276.6,201923.4,0,1407,3,8,6
1.09,1754274467,1931,463426.2,-15601.65,447824.55,0,1407,3,8,6
2.05,1754274482,1727,440728.2,-375100.63,65627.57,1,1408,3,8,6
1.45,1754274501,2146,320423.04,-63681.28,256741.76,0,1408,3,8,6
1.99,1754274515,1907,362671.47,-94903.02,267768.45,0,1408,3,8,6
2.11,1754274535,2125,348515.2,-328596.48,19918.72,1,1408,3,8,6
1.41,1754274554,1934,447220.4,-62067.0,385153.4,0,1409,3,8,6
2.24,1754274569,1725,241201.69,-293454.13,-52252.44,1,1409,3,8,6
2.9,1754274588,1792,342649.89,-368504.11,-25854.22,1,1409,3,8,6
1.06,1754274612,2016,222158.16,-1475.19,220682.97,0,1410,3,8,6
18.85,1754274622,1865,415572.53,-637116.55,-221544.02,1,1410,3,8,6
6.47,1754274669,2182,330889.01,-597083.86,-266194.85,1,1411,3,8,6
1.66,1754274701,2018,228346.8,-85771.4,142575.4,0,1411,3,8,6
1.38,1754274716,2055,289524.4,-34382.4,255142.0,0,1411,3,8,6
1.01,1754274730,1909,470241.51,-0.0,470241.51,0,1412,3,8,6
1.0,1754274742,1814,432223.11,-0.0,432223.11,0,1412,3,8,6
1.12,1754274751,1675,301938.36,-3431.43,298506.93,0,1412,3,8,6
1.49,1754274764,1511,237766.2,-14950.8,222815.4,0,1412,3,8,6
1.11,1754274778,1565,261164.46,-3091.16,258073.3,0,1412,3,8,6
6.52,1754274789,1459,193533.24,-475843.6,-282310.36,1,1413,3,8,6
26.26,1754274822,2018,204615.88,-568239.34,-363623.46,1,1413,3,8,6
1.41,1754274871,2085,283440.13,-39487.52,243952.61,0,1414,3,8,6
2.22,1754274886,1712,367503.9,-269535.24,97968.66,1,1414,3,8,6
7.75,1754274906,1943,547725.88,-1178059.1,-630333.22,1,1415,3,8,6
1.73,1754274942,1994,366607.15,-92869.53,273737.62,0,1415,3,8,6
3.25,1754274958,2094,251239.8,-308194.8,-56955.0,1,1415,3,8,6
2.14,1754274982,2228,314172.16,-159024.64,155147.52,1,1416,3,8,6
1.16,1754275011,1748,341666.95,-40924.45,300742.5,0,1416,3,8,6
2.28,1754275034,1831,573869.84,-407134.2,166735.64,1,1417,3,8,6
1.26,1754275060,2002,359314.18,-9715.4,349598.78,0,1417,3,8,6
3.02,1754275075,1983,512604.06,-526764.92,-14160.86,1,1417,3,8,6
3.19,1754275099,1779,281022.48,-290744.64,-9722.16,1,1418,3,8,6
1.36,1754275122,2023,257579.84,-13810.16,243769.68,0,1418,3,8,6
2.93,1754275138,2053,260044.74,-264829.74,-4785.0,1,1418,3,8,6
12.1,1754275163,2073,300171.35,-537578.5,-237407.15,1,1419,3,8,6
1.53,1754275207,1619,151897.8,-80059.2,71838.6,0,1420,3,8,6
1.04,1754275256,1880,395331.41,-4660.79,390670.62,0,1420,3,8,6
6.33,1754275270,1815,534905.35,-890993.05,-356087.7,1,1421,3,8,6
1.2,1754275306,2185,346276.98,-9386.37,336890.61,0,1421,3,8,6
2.85,1754275320,1824,416138.16,-304067.51,112070.65,1,1422,3,8,6
1.0,1754275344,1881,424715.29,-0.0,424715.29,0,1422,3,8,6
244.64,1754275355,2017,356283.3,-725083.45,-368800.15,1,1422,3,8,6
1.0,1754275431,1944,364161.56,-0.0,364161.56,0,1423,3,8,6
1.49,1754275443,1983,459932.21,-62371.46,397560.75,0,1424,3,8,6
1.42,1754275458,1931,501267.97,-44432.02,456835.95,0,1424,3,8,6
5.64,1754275472,1767,469278.85,-662482.3,-193203.45,1,1424,3,8,6
6.18,1754275503,2128,366994.75,-558396.06,-191401.31,1,1425,3,8,6
1.42,1754275537,2247,375403.77,-45436.23,329967.54,0,1425,3,8,6
1.19,1754275551,1888,531199.39,-11121.77,520077.62,0,1425,3,8,6
2.29,1754275563,1853,550856.75,-415481.33,135375.42,1,1426,3,8,6
2.57,1754275584,2228,493328.64,-602142.08,-108813.44,1,1426,3,8,6
1.07,1754275605,1953,449041.32,-3804.36,445236.96,0,1426,3,8,6
6.18,1754275617,1726,271801.44,-440076.28,-168274.84,1,1426,3,8,6
1.05,1754275651,2169,323381.13,-2410.85,320970.28,0,1427,3,8,6
5.05,1754275662,2161,413448.84,-717035.76,-303586.92,1,1427,3,8,6
8.2,1754275690,1856,412080.32,-776412.74,-364332.42,1,1428,3,8,6
7.92,1754275727,2109,344459.68,-734835.06,-390375.38,1,1428,3,8,6
6.29,1754275762,2276,358008.32,-669850.24,-311841.92,1,1429,3,8,6
1.6,1754275797,2290,364393.25,-45201.0,319192.25,0,1429,3,8,6
1.55,1754275813,2034,317968.8,-58497.39,259471.41,0,1430,3,8,6
3.35,1754275828,1952,489763.41,-298062.0,191701.41,1,1430,3,8,6
32.28,1754275855,2472,522033.18,-972206.55,-450173.37,1,1430,3,8,6
1.63,1754275908,2358,381144.72,-90526.92,290617.8,0,1431,3,8,6
13.93,1754275923,2066,257090.52,-334783.23,-77692.71,1,1432,3,8,6
2.25,1754275965,2422,366427.69,-134022.11,232405.58,1,1432,3,8,6
5.96,1754275984,2260,337869.62,-559707.48,-221837.86,1,1433,3,8,6
4.31,1754276015,2579,423748.42,-756716.6,-332968.18,1,1433,3,8,6
2.75,1754276044,2560,390246.32,-395136.59,-4890.27,1,1434,3,8,6
1.08,1754276066,2474,347821.36,-2854.24,344967.12,0,1434,3,8,6
2.34,1754276078,2202,291604.2,-228954.6,62649.6,1,1434,3,8,6
1.14,1754276097,2575,415662.4,-10030.88,405631.52,0,1434,3,8,6
1.2,1754276110,2468,364386.24,-5677.64,358708.6,0,1435,3,8,6
6.65,1754276122,2080,261285.92,-470375.36,-209089.44,1,1435,3,8,6
2.37,1754276156,2528,380706.2,-191615.9,189090.3,1,1435,3,8,6
126.3,1754276176,2401,333408.0,-675598.08,-342190.08,1,1436,3,8,6
1.77,1754276244,2433,366065.7,-94409.9,271655.8,0,1437,3,8,6
1.33,1754276262,2238,314084.4,-25630.2,288454.2,0,1437,3,8,6
1.74,1754276275,2270,285789.62,-79090.3,206699.32,0,1437,3,8,6
2.45,1754276292,2351,332179.2,-309046.4,23132.8,1,1438,3,8,6
1.52,1754276313,2668,461181.75,-85069.5,376112.25,0,1438,3,8,6
1.2,1754276331,2299,308487.69,-24396.75,284090.94,0,1438,3,8,6
1.26,1754276346,2033,245258.28,-10924.2,234334.08,0,1439,3,8,6
1.51,1754276359,2188,419699.52,-25855.46,393844.06,0,1439,3,8,6
2.06,1754276375,2016,307518.12,-252279.9,55238.22,1,1439,3,8,6
1.0,1754276394,2208,326464.7,-0.0,326464.7,0,1439,3,8,6
2.03,1754276408,1925,344137.5,-158661.0,185476.5,1,0,4,8,0
3.08,1754276430,1880,374033.0,-435346.44,-61313.44,1,0,4,8,0
2.76,1754276455,2243,331251.0,-273085.2,58165.8,1,0,4,8,0
1.11,1754276479,2272,350540.16,-15271.96,335268.2,0,1,4,8,0
1.55,1754276493,2001,305920.77,-43636.49,262284.28,0,1,4,8,0
1.09,1754276508,1870,370723.72,-6452.63,364271.09,0,1,4,8,0
2.9,1754276520,1770,436975.2,-469900.8,-32925.6,1,2,4,8,0
87.3,1754276543,1922,507990.55,-885463.73,-377473.18,1,2,4,8,0
1.14,1754276611,2028,328722.9,-9259.06,319463.84,0,3,4,8,0
1.68,1754276623,1706,344527.4,-32756.97,311770.43,0,3,4,8,0
1.46,1754276641,1799,378343.38,-56390.33,321953.05,0,4,4,8,0
1.68,1754276655,1817,481422.59,-171925.22,309497.37,0,4,4,8,0
13.03,1754276671,1852,519687.49,-675213.87,-155526.38,1,4,4,8,0
1.08,1754276714,2094,336463.02,-2854.24,333608.78,0,5,4,8,0
1.58,1754276725,1802,379577.36,-86248.67,293328.69,0,5,4,8,0
2.01,1754276742,1779,409630.92,-218754.84,190876.08,1,5,4,8,0
1.23,1754276760,1985,483561.37,-35007.27,448554.1,0,6,4,8,0
6.41,1754276774,1704,347933.52,-571088.1,-223154.58,1,6,4,8,0
1.2,1754276806,1908,487836.0,-5677.64,482158.36,0,6,4,8,0
14.98,1754276818,2025,375622.5,-572431.75,-196809.25,1,6,4,8,0
1.54,1754276861,1799,278640.7,-61769.5,216871.2,0,7,4,8,0
2.19,1754276876,2040,354351.78,-243014.58,111337.2,1,7,4,8,0
1.56,1754276898,1827,424793.67,-85497.21,339296.46,0,8,4,8,0
1.16,1754276913,2183,371600.88,-8878.74,362722.14,0,8,4,8,0
1.34,1754276925,1871,444807.34,-54650.48,390156.86,0,8,4,8,0
1.99,1754276939,1741,344529.42,-194442.0,150087.42,0,8,4,8,0
2.48,1754276956,1944,476996.47,-367906.16,109090.31,1,9,4,8,0
1.12,1754276978,1992,514439.1,-26487.0,487952.1,0,9,4,8,0
4.56,1754276991,1685,301724.84,-558793.4,-257068.56,1,9,4,8,0
2.61,1754277020,1790,329186.2,-272301.4,56884.8,1,10,4,8,0
2.49,1754277043,1980,339814.4,-257612.0,82202.4,1,10,4,8,0
3.66,1754277066,1947,413105.16,-658157.76,-245052.6,1,11,4,8,0
3.86,1754277091,2054,272238.4,-379141.84,-106903.44,1,11,4,8,0
4.25,1754277117,2093,267679.44,-475398.0,-207718.56,1,11,4,8,0
1.29,1754277146,2085,259946.4,-9623.6,250322.8,0,12,4,8,0
3.56,1754277159,1792,215451.81,-253105.11,-37653.3,1,12,4,8,0
124.02,1754277184,2132,348606.3,-761409.99,-412803.69,1,13,4,8,0
1.11,1754277253,2090,286927.85,-31864.25,255063.6,0,14,4,8,0
5.08,1754277264,1836,349526.92,-515894.65,-166367.73,1,14,4,8,0
14.65,1754277295,2260,381701.4,-658844.4,-277143.0,1,14,4,8,0
5.18,1754277337,2090,213798.63,-238425.51,-24626.88,1,15,4,8,0
1.68,1754277369,2455,398874.45,-82892.55,315981.9,0,16,4,8,0
3.05,1754277386,2285,314964.34,-283013.88,31950.46,1,16,4,8,0
1.71,1754277413,2515,446134.4,-57778.92,388355.48,0,16,4,8,0
1.97,1754277430,2510,446648.73,-128124.03,318524.7,0,17,4,8,0
4.49,1754277448,2322,436045.05,-641684.61,-205639.56,1,17,4,8,0
1.29,1754277476,2502,328661.52,-14193.96,314467.56,0,17,4,8,0
4.28,1754277490,2205,284400.1,-396509.46,-112109.36,1,18,4,8,0
20.29,1754277518,2133,284106.5,-485831.92,-201725.42,1,18,4,8,0
1.01,1754277565,2402,352351.8,-0.0,352351.8,0,19,4,8,0
1.1,1754277576,2279,309986.22,-4153.82,305832.4,0,19,4,8,0
1.05,1754277588,2130,348175.3,-2410.85,345764.45,0,19,4,8,0
1.02,1754277599,1909,471452.98,-2162.8,469290.18,0,19,4,8,0
25.6,1754277610,1784,346241.72,-583508.68,-237266.96,1,20,4,8,0
2.23,1754277659,2471,392994.0,-279581.4,113412.6,1,20,4,8,0
1.08,1754277678,2362,304599.6,-2854.24,301745.36,0,21,4,8,0
1.4,1754277692,2020,244006.44,-21288.93,222717.51,0,21,4,8,0
1.67,1754277705,2018,237350.61,-40290.74,197059.87,0,21,4,8,0
1.33,1754277723,2178,280196.4,-30574.5,249621.9,0,22,4,8,0
1.01,1754277736,2163,350589.12,-0.0,350589.12,0,22,4,8,0
6.05,1754277746,2037,314741.03,-518935.72,-204194.69,1,22,4,8,0
1.0,1754277778,2511,463765.25,-0.0,463765.25,0,22,4,8,0
2.22,1754277790,2134,350423.7,-193110.5,157313.2,1,23,4,8,0
1.9,1754277809,2094,315367.49,-18189.07,297178.42,0,23,4,8,0
2.55,1754277827,2283,395764.34,-428580.51,-32816.17,1,23,4,8,0
1.24,1754277848,1915,359899.92,-60906.96,298992.96,0,24,4,8,0
1.07,1754277863,2194,389394.1,-49682.13,339711.97,0,24,4,8,0
1.85,1754277873,1826,393607.24,-182695.64,210911.6,0,24,4,8,0
3.5,1754277891,1816,369872.43,-446702.55,-76830.12,1,24,4,8,0
3.87,1754277915,1998,422523.75,-717040.5,-294516.75,1,25,4,8,0
13.58,1754277942,2148,296538.48,-565877.2,-269338.72,1,25,4,8,0
5.87,1754277984,2124,272889.58,-512063.21,-239173.63,1,26,4,8,0
17.02,1754278015,2236,246873.84,-587381.58,-340507.74,1,26,4,8,0
1.03,1754278060,2388,335216.4,-1289.69,333926.71,0,27,4,8,0
1.68,1754278070,1913,342540.92,-42091.64,300449.28,0,27,4,8,0
1.08,1754278086,1985,435991.12,-2854.24,433136.88,0,28,4,8,0
1.76,1754278098,1869,374641.71,-137711.58,236930.13,0,28,4,8,0
1.15,1754278115,2062,290149.08,-14560.0,275589.08,0,28,4,8,0
2.81,1754278126,1982,367871.25,-377065.5,-9194.25,1,28,4,8,0
6.38,1754278151,2420,274121.22,-575092.78,-300971.56,1,29,4,8,0
5.24,1754278183,2628,357705.16,-540320.52,-182615.36,1,29,4,8,0
1.06,1754278213,2693,390054.0,-1475.19,388578.81,0,30,4,8,0
3.77,1754278225,2068,243940.68,-359375.94,-115435.26,1,30,4,8,0
1.36,1754278249,2597,375097.8,-34777.38,340320.42,0,30,4,8,0
1.03,1754278264,2517,433721.0,-1289.69,432431.31,0,31,4,8,0
1.2,1754278275,2177,315470.49,-37793.28,277677.21,0,31,4,8,0
1.29,1754278288,2051,243589.06,-29220.49,214368.57,0,31,4,8,0
2.46,1754278300,1961,369974.84,-308661.08,61313.76,1,31,4,8,0
2.96,1754278323,2332,348741.54,-468752.13,-120010.59,1,32,4,8,0
1.29,1754278346,2406,335540.4,-10761.4,324779.0,0,32,4,8,0
1.06,1754278361,1842,304231.68,-1475.19,302756.49,0,32,4,8,0
1.11,1754278373,1676,358603.05,-3091.16,355511.89,0,32,4,8,0
19.37,1754278385,1549,271434.81,-595815.04,-324380.23,1,33,4,8,0
2.99,1754278430,2219,300863.1,-171020.52,129842.58,1,33,4,8,0
1.32,1754278454,2219,295310.93,-63679.29,231631.64,0,34,4,8,0
1.0,1754278469,1839,347071.2,-0.0,347071.2,0,34,4,8,0
6.87,1754278481,1784,450748.8,-870248.88,-419500.08,1,34,4,8,0
4.49,1754278515,2426,441380.55,-489719.75,-48339.2,1,35,4,8,0
1.03,1754278544,2190,376189.17,-1289.69,374899.48,0,35,4,8,0
9.6,1754278555,1815,413244.85,-772376.34,-359131.49,1,35,4,8,0
1.38,1754278595,2525,511665.66,-51359.88,460305.78,0,36,4,8,0
1.07,1754278609,2474,516789.09,-3804.36,512984.73,0,36,4,8,0
4.05,1754278619,2282,437051.02,-585423.22,-148372.2,1,36,4,8,0
2.65,1754278645,2477,355062.84,-399635.94,-44573.1,1,37,4,8,0
9.35,1754278668,2336,328085.4,-616526.14,-288440.74,1,37,4,8,0
1.84,1754278705,2578,411237.48,-140900.08,270337.4,0,38,4,8,0
1.1,1754278724,2361,377560.89,-4153.82,373407.07,0,38,4,8,0
1.49,1754278735,2316,365051.66,-39146.8,325904.86,0,38,4,8,0
52.15,1754278751,2403,461268.2,-840984.0,-379715.8,1,39,4,8,0
3.09,1754278809,2712,438088.14,-444894.66,-6806.52,1,40,4,8,0
1.06,1754278833,2643,430673.22,-1475.19,429198.03,0,40,4,8,0
12.79,1754278845,2145,368672.01,-741356.25,-372684.24,1,40,4,8,0
1.27,1754278886,2764,514107.61,-26422.35,487685.26,0,41,4,8,0
1.08,1754278901,2706,585878.29,-2854.24,583024.05,0,41,4,8,0
1.57,1754278915,2542,482617.08,-52959.76,429657.32,0,41,4,8,0
2.66,1754278930,2650,537537.0,-588685.3,-51148.3,1,42,4,8,0
1.35,1754278954,2882,542063.16,-52734.88,489328.28,0,42,4,8,0
3.51,1754278968,2439,455638.4,-607683.2,-152044.8,1,42,4,8,0
3.04,1754278994,2435,413723.96,-454177.94,-40453.98,1,43,4,8,0
1.2,1754279017,2726,440176.57,-22040.53,418136.04,0,43,4,8,0
5.61,1754279032,2467,392894.45,-672688.25,-279793.8,1,43,4,8,0
6.83,1754279062,2794,506266.5,-1104032.25,-597765.75,1,44,4,8,0
2.78,1754279096,2606,388787.6,-411972.95,-23185.35,1,44,4,8,0
1.8,1754279121,2543,384634.53,-66361.68,318272.85,0,45,4,8,0
1.93,1754279143,2615,456921.24,-240123.31,216797.93,0,45,4,8,0
3.9,1754279163,2647,459462.03,-632420.19,-172958.16,1,46,4,8,0
1.19,1754279190,3033,349772.78,-11121.77,338651.01,0,46,4,8,0
3.49,1754279205,2642,498677.02,-699857.65,-201180.63,1,46,4,8,0
1.74,1754279230,2630,426666.68,-182373.96,244292.72,0,47,4,8,0
1.92,1754279248,2961,613528.1,-240233.76,373294.34,0,47,4,8,0
1.05,1754279268,2877,612977.59,-2410.85,610566.74,0,47,4,8,0
1.95,1754279279,2542,559618.45,-141676.24,417942.21,0,47,4,8,0
2.34,1754279298,2571,502192.08,-234823.68,267368.4,1,48,4,8,0
1.05,1754279318,2609,557067.38,-2410.85,554656.53,0,48,4,8,0
1.34,1754279329,2225,449913.24,-23007.6,426905.64,0,48,4,8,0
1.6,1754279342,2033,352405.9,-22730.4,329675.5,0,49,4,8,0
6.34,1754279360,1933,461352.75,-743712.75,-282360.0,1,49,4,8,0
8.08,1754279397,2258,265366.24,-520324.96,-254958.72,1,49,4,8,0
1.94,1754279434,2397,293833.8,-95870.4,197963.4,0,50,4,8,0
13.8,1754279456,2320,365834.4,-655173.0,-289338.6,1,50,4,8,0
1.04,1754279500,2557,337325.56,-4660.79,332664.77,0,51,4,8,0
2.9,1754279512,2385,405397.2,-401073.4,4323.8,1,51,4,8,0
1.38,1754279535,2347,293655.22,-22529.13,271126.09,0,52,4,8,0
1.45,1754279550,2598,453239.86,-80004.93,373234.93,0,52,4,8,0
1.14,1754279565,2285,324512.68,-9259.06,315253.62,0,52,4,8,0
7.59,1754279578,2141,373669.06,-624021.42,-250352.36,1,52,4,8,0
5.72,1754279611,2556,357024.24,-660681.64,-303657.4,1,53,4,8,0
1.03,1754279643,2578,345304.0,-1289.69,344014.31,0,54,4,8,0
1.38,1754279655,2269,347866.95,-16399.64,331467.31,0,54,4,8,0
1.27,1754279668,2210,423091.44,-29654.82,393436.62,0,54,4,8,0
1.56,1754279681,2285,458328.18,-36585.58,421742.6,0,54,4,8,0
11.48,1754279698,2301,411516.63,-765108.54,-353591.91,1,54,4,8,0
3.11,1754279738,2674,391790.78,-362845.5,28945.28,1,55,4,8,0
1.15,1754279763,2542,311259.96,-6471.61,304788.35,0,56,4,8,0
1.0,1754279775,2210,299132.1,-0.0,299132.1,0,56,4,8,0
3.82,1754279786,2135,331486.35,-371561.34,-40074.99,1,56,4,8,0
2.18,1754279811,2664,422813.52,-309116.16,113697.36,1,56,4,8,0
1.45,1754279831,2401,298940.16,-26337.28,272602.88,0,57,4,8,0
31.02,1754279847,2107,298451.45,-571200.85,-272749.4,1,57,4,8,0
6.12,1754279898,2565,326844.05,-451894.95,-125050.9,1,58,4,8,0
2.01,1754279929,2493,332578.26,-110033.91,222544.35,1,58,4,8,0
6.34,1754279948,2444,303153.96,-509780.12,-206626.16,1,59,4,8,0
5.48,1754279980,2790,389346.23,-556960.07,-167613.84,1,59,4,8,0
2.25,1754280013,2883,358176.28,-147285.9,210890.38,1,60,4,8,0
3.98,1754280035,2754,368482.08,-452370.9,-83888.82,1,60,4,8,0
2.24,1754280061,2964,358781.25,-376841.25,-18060.0,1,61,4,8,0
3.19,1754280081,2904,406072.72,-504968.01,-98895.29,1,61,4,8,0
7.61,1754280106,3056,272454.32,-593995.7,-321541.38,1,61,4,8,0
3.55,1754280140,3215,286832.77,-317954.14,-31121.37,1,62,4,8,0
1.38,1754280166,3251,250136.18,-16072.49,234063.69,0,62,4,8,0
1.1,1754280182,2573,298499.67,-4153.82,294345.85,0,63,4,8,0
1.51,1754280196,2217,196401.4,-10858.12,185543.28,0,63,4,8,0
1.34,1754280212,2380,319036.48,-11328.8,307707.68,0,63,4,8,0
1.15,1754280226,2189,246057.5,-15343.0,230714.5,0,63,4,8,0
1.28,1754280238,2041,267783.53,-12625.83,255157.7,0,63,4,8,0
5.35,1754280253,1966,364951.44,-488397.6,-123446.16,1,64,4,8,0
1.48,1754280283,2838,448696.5,-59957.1,388739.4,0,64,4,8,0
1.46,1754280303,2525,379278.0,-97469.4,281808.6,0,65,4,8,0
5.69,1754280321,2274,324029.75,-516530.3,-192500.55,1,65,4,8,0
2.97,1754280351,2740,418201.27,-446984.47,-28783.2,1,65,4,8,0
11.65,1754280379,2845,445679.07,-752222.99,-306543.92,1,66,4,8,0
9.52,1754280423,3100,248713.19,-502746.31,-254033.12,1,67,4,8,0
1.36,1754280463,3142,224522.4,-16660.32,207862.08,0,67,4,8,0
1.47,1754280481,2572,313578.72,-26216.82,287361.9,0,68,4,8,0
1.0,1754280495,2662,330211.05,-0.0,330211.05,0,68,4,8,0
1.18,1754280507,2483,353493.0,-6034.28,347458.72,0,68,4,8,0
1.9,1754280522,2435,353175.56,-186718.58,166456.98,0,68,4,8,0
2.28,1754280542,2733,484575.48,-360917.48,123658.0,1,69,4,8,0
4.47,1754280566,3123,339139.2,-527310.24,-188171.04,1,69,4,8,0
1.44,1754280597,3193,302474.88,-10128.0,292346.88,0,69,4,8,0
1.26,1754280615,2652,451656.48,-28229.52,423426.96,0,70,4,8,0
1.82,1754280629,2425,388959.48,-131401.56,257557.92,0,70,4,8,0
1.57,1754280647,2598,426098.56,-115106.0,310992.56,0,70,4,8,0
7.8,1754280664,2436,421742.16,-529223.94,-107481.78,1,71,4,8,0
2.46,1754280699,3045,276766.21,-292204.15,-15437.94,1,71,4,8,0
28.1,1754280722,2752,387607.5,-615782.3,-228174.8,1,72,4,8,0
2.1,1754280778,3039,288251.94,-245480.53,42771.41,1,72,4,8,0
1.37,1754280798,2812,404464.28,-79883.52,324580.76,0,73,4,8,0
1.97,1754280816,2344,358347.03,-190817.76,167529.27,0,73,4,8,0
2.58,1754280834,2632,431285.58,-444864.42,-13578.84,1,73,4,8,0
1.72,1754280857,3107,363923.49,-168942.69,194980.8,0,74,4,8,0
1.6,1754280877,2735,489552.93,-176550.99,313001.94,0,74,4,8,0
1.57,1754280896,2738,432329.85,-134646.6,297683.25,0,74,4,8,0
1.56,1754280916,2473,458749.62,-132435.45,326314.17,0,75,4,8,0
2.69,1754280935,2271,360287.76,-310546.88,49740.88,1,75,4,8,0
1.14,1754280961,2671,479729.8,-47600.68,432129.12,0,76,4,8,0
3.02,1754280978,2067,302748.5,-379601.0,-76852.5,1,76,4,8,0
1.35,1754281003,2387,356565.0,-20499.6,336065.4,0,76,4,8,0
1.69,1754281019,2394,448116.48,-172906.24,275210.24,0,76,4,8,0
1.51,1754281039,2246,385295.4,-35180.4,350115.0,0,77,4,8,0
1.44,1754281055,1998,662918.08,-143279.12,519638.96,0,77,4,8,0
1.0,1754281074,1869,640017.39,-0.0,640017.39,0,77,4,8,0
1.75,1754281088,1795,534357.32,-101283.33,433073.99,0,78,4,8,0
1.27,1754281108,1926,539788.48,-20290.42,519498.06,0,78,4,8,0
1.77,1754281122,1679,377510.25,-75055.5,302454.75,0,78,4,8,0
1.66,1754281142,1815,459164.3,-63303.1,395861.2,0,79,4,8,0
3.68,1754281162,1838,447015.8,-574606.9,-127591.1,1,79,4,8,0
1.06,1754281190,2046,276258.24,-1475.19,274783.05,0,79,4,8,0
4.46,1754281205,1862,418138.29,-624918.38,-206780.09,1,80,4,8,0
1.49,1754281237,2013,229506.0,-49539.5,179966.5,0,80,4,8,0
1.08,1754281251,2174,354057.76,-2854.24,351203.52,0,80,4,8,0
1.03,1754281265,1844,435056.3,-1289.69,433766.61,0,81,4,8,0
1.54,1754281279,1626,399123.76,-103552.4,295571.36,0,81,4,8,0
1.43,1754281295,1571,389497.2,-87415.2,302082.0,0,81,4,8,0
1.03,1754281310,1456,430148.4,-1289.69,428858.71,0,81,4,8,0
2.69,1754281320,1400,348388.56,-305635.14,42753.42,1,82,4,8,0
3.76,1754281342,1701,427150.24,-417741.74,9408.5,1,82,4,8,0
9.2,1754281368,1874,477993.08,-799267.24,-321274.16,1,82,4,8,0
1.36,1754281408,2129,317814.15,-51209.1,266605.05,0,83,4,8,0
1.06,1754281424,1788,363528.32,-1475.19,362053.13,0,83,4,8,0
9.82,1754281438,1648,365358.6,-512149.2,-146790.6,1,83,4,8,0
2.13,1754281479,2347,292284.6,-129814.08,162470.52,1,84,4,8,0
1.07,1754281500,2206,263434.38,-3804.36,259630.02,0,85,4,8,0
23.98,1754281514,1815,295713.0,-662302.08,-366589.08,1,85,4,8,0
1.01,1754281562,2422,268883.36,-0.0,268883.36,0,86,4,8,0
1.1,1754281573,2166,310693.95,-4153.82,306540.13,0,86,4,8,0
1.01,1754281585,2003,253164.87,-0.0,253164.87,0,86,4,8,0
7.51,1754281595,1856,343172.2,-532311.48,-189139.28,1,86,4,8,0
6.67,1754281631,2312,298613.7,-507615.35,-209001.65,1,87,4,8,0
1.67,1754281665,2411,309427.68,-103524.78,205902.9,0,87,4,8,0
1.09,1754281681,2096,273332.0,-6452.63,266879.37,0,88,4,8,0
1.59,1754281692,2087,264951.63,-33496.8,231454.83,0,88,4,8,0
1.85,1754281708,2302,357056.2,-95523.95,261532.25,0,88,4,8,0
15.0,1754281726,2287,309992.02,-510067.08,-200075.06,1,88,4,8,0
72.39,1754281769,2602,348807.66,-446315.06,-97507.4,1,89,4,8,0
1.83,1754281769,2161,171766.08,-36338.88,135427.2,0,89,4,8,0
1.51,1754281900,2430,357580.16,-10816.4,346763.76,0,91,4,8,0
6.79,1754281915,2501,324022.14,-434481.01,-110458.87,1,91,4,8,0
1.24,1754281949,3301,311910.72,-12284.66,299626.06,0,92,4,8,0
2.26,1754281961,2749,386163.2,-284069.12,102094.08,1,92,4,8,0
4.17,1754281982,2829,437568.12,-387702.48,49865.64,1,93,4,8,0
1.2,1754282009,3196,310724.1,-5677.64,305046.46,0,93,4,8,0
5.53,1754282023,2897,444209.58,-425041.38,19168.2,1,93,4,8,0
1.16,1754282053,3233,311360.66,-8878.74,302481.92,0,94,4,8,0
1.0,1754282065,3086,279845.28,-0.0,279845.28,0,94,4,8,0
1.41,1754282075,2763,445224.78,-12747.9,432476.88,0,94,4,8,0
1.03,1754282090,2756,415749.12,-1289.69,414459.43,0,94,4,8,0
1.45,1754282100,2461,365075.88,-42696.99,322378.89,0,95,4,8,0
2.23,1754282114,2369,324801.36,-168281.82,156519.54,1,95,4,8,0
1.28,1754282134,2634,461371.68,-31248.63,430123.05,0,95,4,8,0
1.08,1754282147,2269,329367.44,-2854.24,326513.2,0,95,4,8,0
1.89,1754282160,1940,423819.22,-145929.35,277889.87,0,96,4,8,0
1.36,1754282178,2035,280631.36,-20106.6,260524.76,0,96,4,8,0
78.2,1754282192,1885,371033.52,-462305.58,-91272.06,1,96,4,8,0
5.22,1754282255,2558,326727.84,-345679.23,-18951.39,1,97,4,8,0
6.19,1754282284,2650,333667.56,-499302.08,-165634.52,1,98,4,8,0
1.0,1754282319,2850,310743.32,-0.0,310743.32,0,98,4,8,0
1.32,1754282330,2326,210813.33,-12389.28,198424.05,0,98,4,8,0
2.69,1754282342,2248,179828.04,-97698.65,82129.39,1,99,4,8,0
2.14,1754282364,2871,375573.19,-269132.3,106440.89,1,99,4,8,0
2.92,1754282387,2586,193771.6,-150228.1,43543.5,1,99,4,8,0
2.58,1754282413,2709,290168.2,-201419.5,88748.7,1,100,4,8,0
6.4,1754282438,2833,305941.12,-370380.8,-64439.68,1,100,4,8,0
1.27,1754282475,3029,246463.6,-20290.42,226173.18,0,101,4,8,0
1.58,1754282490,2563,324438.48,-14814.9,309623.58,0,101,4,8,0
7.31,1754282509,2647,343979.44,-490766.13,-146786.69,1,101,4,8,0
1.62,1754282543,3290,288548.55,-41239.8,247308.75,0,102,4,8,0
1.32,1754282567,2975,435609.88,-13158.8,422451.08,0,102,4,8,0
5.44,1754282591,3045,280451.6,-236041.52,44410.08,1,103,4,8,0
27.6,1754282623,3158,253961.82,-341019.84,-87058.02,1,103,4,8,0
2.0,1754282674,3364,223958.25,-74515.05,149443.2,1,104,4,8,0
6.55,1754282694,3128,234917.17,-267986.32,-33069.15,1,104,4,8,0
5.45,1754282729,3505,262405.92,-498163.68,-235757.76,1,105,4,8,0
1.26,1754282763,3677,283823.67,-9007.99,274815.68,0,106,4,8,0
5.63,1754282780,2941,255120.39,-464455.53,-209335.14,1,106,4,8,0
2.33,1754282813,3850,291060.54,-88736.04,202324.5,1,106,4,8,0
1.6,1754282834,3886,322538.7,-32684.85,289853.85,0,107,4,8,0
1.35,1754282850,3636,279518.76,-9493.14,270025.62,0,107,4,8,0
1.26,1754282864,3336,258427.62,-9007.99,249419.63,0,107,4,8,0
1.2,1754282876,3029,247311.12,-5677.64,241633.48,0,107,4,8,0
2.45,1754282889,2772,119155.98,-81040.08,38115.9,1,108,4,8,0
1.2,1754282911,3520,306627.36,-11421.28,295206.08,0,108,4,8,0
2.2,1754282924,2862,383127.33,-291925.2,91202.13,1,108,4,8,0
1.04,1754282944,2866,283561.74,-4660.79,278900.95,0,109,4,8,0
1.47,1754282954,2826,455491.27,-72043.7,383447.57,0,109,4,8,0
1.04,1754282971,2575,339607.8,-4660.79,334947.01,0,109,4,8,0
2.26,1754282981,2268,279913.15,-130429.2,149483.95,1,109,4,8,0
1.28,1754283002,2533,362905.47,-9401.93,353503.54,0,110,4,8,0
10.32,1754283015,2118,287171.5,-485234.5,-198063.0,1,110,4,8,0
2.11,1754283054,2708,346587.36,-315641.45,30945.91,1,110,4,8,0
1.96,1754283075,2647,217432.67,-86107.6,131325.07,0,111,4,8,0
21.8,1754283096,2700,249681.0,-532090.2,-282409.2,1,111,4,8,0
1.0,1754283144,2946,330206.31,-0.0,330206.31,0,112,4,8,0
2.15,1754283157,2775,382898.25,-196627.41,186270.84,1,112,4,8,0
1.35,1754283180,2920,324428.8,-22091.52,302337.28,0,113,4,8,0
1.98,1754283222,2719,314877.69,-143774.74,171102.95,0,113,4,8,0
3.1,1754283244,2840,399213.36,-525948.57,-126735.21,1,114,4,8,0
4.78,1754283271,3046,187873.2,-302840.0,-114966.8,1,114,4,8,0
4.75,1754283302,3009,179778.19,-253930.63,-74152.44,1,115,4,8,0
1.75,1754283335,3262,210304.58,-67422.86,142881.72,0,115,4,8,0
319.69,1754283357,2955,232021.36,-442052.56,-210031.2,1,115,4,8,0
3.98,1754283440,3783,227137.0,-416094.0,-188957.0,1,117,4,8,0
1.17,1754283467,3808,234084.76,-9629.41,224455.35,0,117,4,8,0
3.61,1754283479,3360,186158.7,-207743.85,-21585.15,1,117,4,8,0
2.21,1754283506,3908,263294.46,-153434.47,109859.99,1,118,4,8,0
2.7,1754283527,3609,233317.44,-244808.64,-11491.2,1,118,4,8,0
1.7,1754283549,3965,254060.95,-90946.9,163114.05,0,119,4,8,0
2.15,1754283566,3800,288979.08,-194202.32,94776.76,1,119,4,8,0
18.93,1754283586,3946,323516.7,-487972.08,-164455.38,1,119,4,8,0
1.25,1754283632,4217,369179.88,-16721.52,352458.36,0,120,4,8,0
1.14,1754283646,3815,317847.92,-7280.0,310567.92,0,120,4,8,0
1.13,1754283658,3424,265630.22,-4397.52,261232.7,0,120,4,8,0
1.14,1754283671,3092,213336.8,-9259.06,204077.74,0,121,4,8,0
2.4,1754283682,2906,333536.64,-206876.16,126660.48,1,121,4,8,0
8.4,1754283703,3773,305103.93,-460964.52,-155860.59,1,121,4,8,0
1.28,1754283740,3929,297270.5,-56333.5,240937.0,0,122,4,8,0
1.42,1754283758,3338,242050.47,-29362.56,212687.91,0,122,4,8,0
1.75,1754283776,3218,236253.07,-76214.49,160038.58,0,122,4,8,0
1.29,1754283796,3451,233368.16,-11061.45,222306.71,0,123,4,8,0
1.4,1754283811,3218,252306.12,-18593.08,233713.04,0,123,4,8,0
14.63,1754283826,2922,327867.8,-574213.9,-246346.1,1,123,4,8,0
1.2,1754283874,3718,281840.0,-11871.5,269968.5,0,124,4,8,0
2.34,1754283890,3160,187763.8,-121833.62,65930.18,1,124,4,8,0
2.68,1754283913,3332,243998.1,-215415.45,28582.65,1,125,4,8,0
7.41,1754283937,3516,214367.94,-403277.86,-188909.92,1,125,4,8,0
1.23,1754283975,3862,257550.28,-4698.29,252851.99,0,126,4,8,0
5.26,1754283989,3353,204149.44,-254397.88,-50248.44,1,126,4,8,0
2.46,1754284019,3935,307944.31,-250896.7,57047.61,1,126,4,8,0
6.37,1754284041,3860,315845.02,-449088.08,-133243.06,1,127,4,8,0
4.0,1754284076,3841,236098.0,-287651.0,-51553.0,1,127,4,8,0
1.29,1754284104,4085,301213.08,-21501.18,279711.9,0,128,4,8,0
2.15,1754284121,3631,271267.55,-150760.02,120507.53,1,128,4,8,0
1.73,1754284142,4129,323920.24,-73934.0,249986.24,0,129,4,8,0
1.92,1754284160,3900,292903.56,-88546.5,204357.06,0,129,4,8,0
1.75,1754284180,3732,261363.27,-56298.39,205064.88,0,129,4,8,0
1.09,1754284198,3571,306494.51,-6452.63,300041.88,0,129,4,8,0
4.24,1754284209,3154,267942.6,-364836.6,-96894.0,1,130,4,8,0
1.55,1754284236,3845,325635.12,-15224.76,310410.36,0,130,4,8,0
2.75,1754284251,3350,240066.64,-336757.72,-96691.08,1,130,4,8,0
1.39,1754284274,3282,198720.0,-22551.3,176168.7,0,131,4,8,0
24.41,1754284288,3419,267044.16,-549570.9,-282526.74,1,131,4,8,0
6.43,1754284338,3399,202156.2,-422671.95,-220515.75,1,132,4,8,0
1.56,1754284370,3650,246170.37,-10181.64,235988.73,0,132,4,8,0
3.05,1754284386,3445,290126.4,-370290.24,-80163.84,1,133,4,8,0
1.03,1754284409,3764,256781.2,-1289.69,255491.51,0,133,4,8,0
1.14,1754284420,3561,274850.22,-9259.06,265591.16,0,133,4,8,0
1.72,1754284431,3155,240875.68,-61758.32,179117.36,0,133,4,8,0
2.02,1754284449,3207,266036.85,-164487.6,101549.25,1,134,4,8,0
3.64,1754284468,3449,254182.6,-431979.1,-177796.5,1,134,4,8,0
1.0,1754284494,3646,293138.31,-0.0,293138.31,0,134,4,8,0
1.87,1754284504,3045,254029.44,-56524.44,197505.0,0,135,4,8,0
2.2,1754284526,3182,253790.1,-177119.55,76670.55,1,135,4,8,0
1.33,1754284547,3408,327810.0,-27503.21,300306.79,0,135,4,8,0
1.53,1754284560,2854,455813.52,-66030.04,389783.48,0,136,4,8,0
2.76,1754284578,2841,399594.18,-421823.91,-22229.73,1,136,4,8,0
10.18,1754284599,2766,336637.35,-428841.63,-92204.28,1,136,4,8,0
1.14,1754284639,3089,214999.26,-19775.28,195223.98,0,137,4,8,0
1.94,1754284657,2710,309701.7,-91499.94,218201.76,0,137,4,8,0
6.59,1754284678,2851,468076.02,-692901.07,-224825.05,1,137,4,8,0
40.33,1754284716,3428,276323.04,-498007.2,-221684.16,1,138,4,8,0
1.32,1754284770,3365,262936.52,-19752.48,243184.04,0,139,4,8,0
4.61,1754284783,2905,290156.8,-515213.44,-225056.64,1,139,4,8,0
2.94,1754284812,3672,301230.93,-274092.28,27138.65,1,140,4,8,0
1.24,1754284834,3555,297220.95,-34303.89,262917.06,0,140,4,8,0
1.84,1754284848,3527,288005.34,-120386.63,167618.71,0,140,4,8,0
15.44,1754284866,3685,419467.88,-592479.16,-173011.28,1,141,4,8,0
1.0,1754284909,4086,358937.46,-0.0,358937.46,0,141,4,8,0
1.71,1754284919,3510,224590.08,-52395.84,172194.24,0,141,4,8,0
1.67,1754284936,3932,360488.15,-53595.3,306892.85,0,142,4,8,0
1.89,1754284954,3688,342729.18,-99785.58,242943.6,0,142,4,8,0
4.09,1754284971,3668,325773.21,-422438.1,-96664.89,1,142,4,8,0
1.3,1754284998,4040,357417.2,-8935.34,348481.86,0,143,4,8,0
1.47,1754285012,3485,270727.45,-19982.69,250744.76,0,143,4,8,0
2.75,1754285028,3310,271764.45,-272635.2,-870.75,1,143,4,8,0
3.67,1754285050,3581,291175.15,-471088.45,-179913.3,1,144,4,8,0
3.89,1754285076,3694,307798.4,-490954.03,-183155.63,1,144,4,8,0
1.14,1754285102,3898,332153.12,-7759.73,324393.39,0,145,4,8,0
1.02,1754285117,3262,207157.23,-2162.8,204994.43,0,145,4,8,0
10.27,1754285126,3168,253528.44,-412262.84,-158734.4,1,145,4,8,0
1.22,1754285164,3872,335423.4,-27571.96,307851.44,0,146,4,8,0
3.14,1754285177,3386,225130.05,-241859.25,-16729.2,1,146,4,8,0
4.53,1754285203,3587,265603.68,-405561.12,-139957.44,1,146,4,8,0
1.22,1754285233,3922,309109.78,-5539.3,303570.48,0,147,4,8,0
1.38,1754285245,3703,294537.5,-10115.0,284422.5,0,147,4,8,0
1.0,1754285261,3716,329239.56,-0.0,329239.56,0,147,4,8,0
1.13,1754285271,3323,243055.72,-8623.16,234432.56,0,147,4,8,0
1.96,1754285283,2939,329617.89,-118645.61,210972.28,0,148,4,8,0
1.33,1754285301,3151,264996.6,-34552.5,230444.1,0,148,4,8,0
9.48,1754285314,2685,307423.2,-667270.2,-359847.0,1,148,4,8,0
11.71,1754285355,3421,253427.85,-510162.3,-256734.45,1,149,4,8,0
1.47,1754285393,3549,191066.98,-37455.5,153611.48,0,149,4,8,0
2.25,1754285408,3051,188622.72,-128864.19,59758.53,1,150,4,8,0
1.67,1754285427,3566,263214.57,-28020.46,235194.11,0,150,4,8,0
11.75,1754285444,3469,313558.56,-493269.12,-179710.56,1,150,4,8,0
1.15,1754285484,3458,173216.12,-7736.96,165479.16,0,151,4,8,0
8.12,1754285498,3503,260145.47,-460862.26,-200716.79,1,151,4,8,0
1.34,1754285534,3436,198255.8,-7290.22,190965.58,0,152,4,8,0
1.0,1754285547,3874,322099.55,-0.0,322099.55,0,152,4,8,0
1.12,1754285558,3449,298573.14,-3431.43,295141.71,0,152,4,8,0
2.5,1754285571,3000,305045.65,-265211.7,39833.95,1,152,4,8,0
1.75,1754285593,3512,238669.16,-58243.82,180425.34,0,153,4,8,0
1.8,1754285611,3282,255434.19,-54654.72,200779.47,0,153,4,8,0
5.73,1754285628,3111,236179.6,-304583.2,-68403.6,1,153,4,8,0
1.6,1754285661,3430,290844.66,-32018.76,258825.9,0,154,4,8,0
1.69,1754285676,3236,292569.42,-62472.98,230096.44,0,154,4,8,0
1.16,1754285695,3426,298359.29,-8878.74,289480.55,0,154,4,8,0
5.14,1754285707,2917,346132.38,-538263.66,-192131.28,1,155,4,8,0
14.26,1754285737,3022,174040.23,-367839.57,-193799.34,1,155,4,8,0
8.13,1754285781,3256,182561.6,-309090.8,-126529.2,1,156,4,8,0
1.52,1754285821,3527,227782.28,-18904.16,208878.12,0,157,4,8,0
1.28,1754285840,3118,221133.6,-9902.8,211230.8,0,157,4,8,0
1.22,1754285856,2921,275644.56,-11515.88,264128.68,0,157,4,8,0
18.0,1754285871,2918,272253.6,-665376.6,-393123.0,1,157,4,8,0
1.51,1754285920,3768,240876.41,-18896.91,221979.5,0,158,4,8,0
2.37,1754285937,3313,175266.8,-162651.2,12615.6,1,158,4,8,0
1.02,1754285960,3596,233657.92,-2162.8,231495.12,0,159,4,8,0
2.46,1754285974,3560,242280.77,-242394.98,-114.21,1,159,4,8,0
5.0,1754285997,3276,183686.0,-221078.4,-37392.4,1,159,4,8,0
179.84,1754286026,3894,251530.0,-404925.0,-153395.0,1,160,4,8,0
1.16,1754286099,3934,252334.5,-9545.0,242789.5,0,161,4,8,0
4.6,1754286114,3472,230757.75,-337734.9,-106977.15,1,161,4,8,0
1.12,1754286142,4084,247787.72,-9753.06,238034.66,0,162,4,8,0
1.46,1754286154,3942,297947.98,-21784.06,276163.92,0,162,4,8,0
7.41,1754286169,3670,217752.96,-470425.92,-252672.96,1,162,4,8,0
3.65,1754286204,4210,280901.5,-354052.6,-73151.1,1,163,4,8,0
5.11,1754286231,4144,265078.97,-395281.42,-130202.45,1,163,4,8,0
5.39,1754286263,4448,305496.63,-490747.2,-185250.57,1,164,4,8,0
1.0,1754286294,4608,297978.0,-0.0,297978.0,0,164,4,8,0
1.28,1754286306,3917,244061.01,-16779.57,227281.44,0,165,4,8,0
3.82,1754286320,3862,242173.0,-339695.5,-97522.5,1,165,4,8,0
1.15,1754286347,4866,361554.11,-6471.61,355082.5,0,165,4,8,0
1.16,1754286360,4160,285056.82,-8878.74,276178.08,0,166,4,8,0
1.91,1754286371,4214,309663.16,-81974.88,227688.28,0,166,4,8,0
1.43,1754286390,4106,326529.28,-22359.12,304170.16,0,166,4,8,0
1.11,1754286404,3727,228142.5,-11057.5,217085.0,0,166,4,8,0
1.23,1754286416,3296,239705.4,-4698.29,235007.11,0,166,4,8,0
1.11,1754286428,3195,215113.95,-10144.56,204969.39,0,167,4,8,0
9.19,1754286441,2974,332756.82,-657117.78,-324360.96,1,167,4,8,0
1.05,1754286479,4116,293458.55,-2410.85,291047.7,0,167,4,8,0
4.03,1754286490,3546,214501.42,-226919.76,-12418.34,1,168,4,8,0
2.91,1754286517,3745,235701.71,-220861.93,14839.78,1,168,4,8,0
1.04,1754286542,4135,303018.1,-4660.79,298357.31,0,169,4,8,0
1.54,1754286554,3732,266076.5,-20640.0,245436.5,0,169,4,8,0
1.9,1754286569,3627,318838.59,-167561.38,151277.21,0,169,4,8,0
2.39,1754286589,3503,265621.44,-225746.88,39874.56,1,169,4,8,0
1.87,1754286610,3698,251879.82,-105383.85,146495.97,0,170,4,8,0
9.79,1754286628,3276,241536.15,-352397.7,-110861.55,1,170,4,8,0
1.42,1754286667,3465,226167.28,-35621.02,190546.26,0,171,4,8,0
1.72,1754286682,3535,275137.5,-83937.5,191200.0,0,171,4,8,0
28.92,1754286698,3362,259185.16,-299704.26,-40519.1,1,171,4,8,0
1.89,1754286749,3680,216890.9,-70578.96,146311.94,0,172,4,8,0
1.55,1754286768,3561,168147.48,-45502.28,122645.2,0,172,4,8,0
1.11,1754286782,3697,235996.0,-3091.16,232904.84,0,173,4,8,0
3.67,1754286793,3373,250182.45,-316356.3,-66173.85,1,173,4,8,0
1.92,1754286819,3818,300995.5,-135439.5,165556.0,0,173,4,8,0
1.87,1754286839,3595,229384.44,-88148.03,141236.41,0,173,4,8,0
1.21,1754286860,3506,262746.9,-9796.95,252949.95,0,174,4,8,0
15.28,1754286873,3440,333919.96,-502798.95,-168878.99,1,174,4,8,0
1.1,1754286919,3681,230409.12,-4153.82,226255.3,0,175,4,8,0
16.82,1754286932,3138,166404.4,-229776.8,-63372.4,1,175,4,8,0
3.45,1754286976,3565,239058.0,-238959.45,98.55,1,176,4,8,0
4.27,1754287005,3941,296338.12,-417979.12,-121641.0,1,176,4,8,0
2.33,1754287034,4183,319927.85,-251527.65,68400.2,1,177,4,8,0
4.58,1754287057,4106,300979.05,-437353.88,-136374.83,1,177,4,8,0
2.16,1754287086,4435,335993.91,-300054.27,35939.64,1,178,4,8,0
2.44,1754287109,4259,322845.04,-290631.04,32214.0,1,178,4,8,0
2.91,1754287131,4458,319515.04,-371747.52,-52232.48,1,178,4,8,0
2.13,1754287156,4288,334602.25,-292959.62,41642.63,1,179,4,8,0
1.06,1754287181,4168,244114.08,-1475.19,242638.89,0,179,4,8,0
1.32,1754287194,3600,234799.35,-11260.41,223538.94,0,179,4,8,0
21.39,1754287212,3349,183967.2,-286465.6,-102498.4,1,180,4,8,0
12.76,1754287263,4214,286762.21,-559628.02,-272865.81,1,181,4,8,0
1.11,1754287308,4366,287667.54,-8691.93,278975.61,0,181,4,8,0
2.29,1754287324,3671,236177.1,-139846.5,96330.6,1,182,4,8,0
1.13,1754287348,4517,312358.48,-4397.52,307960.96,0,182,4,8,0
1.7,1754287363,4314,351667.12,-41266.96,310400.16,0,182,4,8,0
5.29,1754287383,4334,349280.25,-448269.25,-98989.0,1,183,4,8,0
1.55,1754287415,4822,364635.0,-59428.8,305206.2,0,183,4,8,0
1.8,1754287432,4342,320139.6,-82782.15,237357.45,0,183,4,8,0
1.9,1754287451,4554,407793.22,-80393.54,327399.68,0,184,4,8,0
2.74,1754287470,4400,364176.91,-468022.81,-103845.9,1,184,4,8,0
1.52,1754287497,4486,311993.18,-91006.16,220987.02,0,184,4,8,0
424.59,1754287512,3941,255655.86,-412425.27,-156769.41,1,185,4,8,0
2.19,1754287597,4566,296230.94,-237953.7,58277.24,1,186,4,8,0
2.02,1754287615,4442,340785.33,-224459.73,116325.6,1,186,4,8,0
1.24,1754287637,4399,357574.64,-8194.24,349380.4,0,187,4,8,0
1.68,1754287649,4002,305302.32,-97297.8,208004.52,0,187,4,8,0
7.61,1754287668,4062,326749.24,-550260.84,-223511.6,1,187,4,8,0
10.48,1754287701,4938,394414.15,-729092.0,-334677.85,1,188,4,8,0
1.95,1754287742,4903,424812.22,-160058.58,264753.64,0,189,4,8,0
5.71,1754287760,4493,353573.28,-509123.43,-155550.15,1,189,4,8,0
2.07,1754287793,5176,439157.4,-205596.6,233560.8,1,189,4,8,0
1.41,1754287816,4630,387877.32,-55145.24,332732.08,0,190,4,8,0
9.36,1754287831,4815,433763.78,-718827.38,-285063.6,1,190,4,8,0
1.89,1754287872,5610,488568.56,-130946.67,357621.89,0,191,4,8,0
1.36,1754287892,5134,475612.2,-11266.5,464345.7,0,191,4,8,0
1.03,1754287906,4551,461835.27,-1289.69,460545.58,0,191,4,8,0
6.98,1754287917,4425,388439.04,-737670.06,-349231.02,1,191,4,8,0
1.16,1754287951,5362,489277.68,-8878.74,480398.94,0,192,4,8,0
1.88,1754287965,4582,390266.92,-31862.88,358404.04,0,192,4,8,0
4.8,1754287983,4753,449375.41,-686573.91,-237198.5,1,193,4,8,0
1.13,1754288014,5083,423003.75,-10564.45,412439.3,0,193,4,8,0
2.04,1754288027,4509,385527.6,-171522.6,214005.0,1,193,4,8,0
1.0,1754288048,4559,397205.11,-0.0,397205.11,0,194,4,8,0
1.44,1754288058,4616,401336.32,-61777.28,339559.04,0,194,4,8,0
1.66,1754288075,4283,384780.78,-106894.38,277886.4,0,194,4,8,0
5.7,1754288091,4041,332329.5,-447773.94,-115444.44,1,194,4,8,0
4.12,1754288123,4371,326893.84,-515629.52,-188735.68,1,195,4,8,0
2.52,1754288152,4502,371664.6,-317862.5,53802.1,1,195,4,8,0
2.72,1754288174,4405,370494.88,-417642.4,-47147.52,1,196,4,8,0
1.18,1754288197,4600,377215.46,-37217.93,339997.53,0,196,4,8,0
1.62,1754288209,3930,319550.19,-91417.5,228132.69,0,196,4,8,0
7.47,1754288224,3980,349399.44,-591316.96,-241917.52,1,197,4,8,0
1.12,1754288260,4813,512946.2,-3431.43,509514.77,0,197,4,8,0
1.21,1754288274,4086,310901.22,-8500.53,302400.69,0,197,4,8,0
2.41,1754288286,4058,326451.95,-146596.45,179855.5,1,198,4,8,0
1.13,1754288312,4019,293137.0,-20804.68,272332.32,0,198,4,8,0
3.87,1754288326,3482,291350.2,-237991.58,53358.62,1,198,4,8,0
1.49,1754288356,3724,275485.92,-14242.08,261243.84,0,199,4,8,0
1.69,1754288375,4007,310542.4,-82558.56,227983.84,0,199,4,8,0
1.72,1754288395,3814,300949.56,-158382.0,142567.56,0,199,4,8,0
6.82,1754288415,3578,282375.0,-433572.5,-151197.5,1,200,4,8,0
4.99,1754288447,3819,271044.8,-507813.28,-236768.48,1,200,4,8,0
1.01,1754288476,4083,279888.56,-0.0,279888.56,0,201,4,8,0
18.58,1754288488,3533,237292.38,-368379.5,-131087.12,1,201,4,8,0
2.34,1754288536,4169,345049.74,-248369.22,96680.52,1,202,4,8,0
17.3,1754288558,3948,281214.51,-475371.51,-194157.0,1,202,4,8,0
1.92,1754288602,4355,331364.0,-121932.25,209431.75,0,203,4,8,0
1.4,1754288623,4273,313510.96,-36687.28,276823.68,0,203,4,8,0
1.33,1754288639,4029,306698.6,-28717.0,277981.6,0,203,4,8,0
3.77,1754288652,3857,279209.19,-529014.33,-249805.14,1,204,4,8,0
1.74,1754288695,4566,320833.26,-91037.08,229796.18,0,204,4,8,0
65.6,1754288713,4205,310339.92,-589383.99,-279044.07,1,205,4,8,0
2.99,1754288778,4573,318503.24,-347259.84,-28756.6,1,206,4,8,0
4.3,1754288800,4592,281290.17,-400005.84,-118715.67,1,206,4,8,0
1.33,1754288828,4887,334738.56,-37068.8,297669.76,0,207,4,8,0
1.83,1754288843,4375,297566.64,-105870.8,191695.84,0,207,4,8,0
3.03,1754288862,4591,316440.01,-378095.01,-61655.0,1,207,4,8,0
1.91,1754288886,5097,388321.48,-214036.8,174284.68,0,208,4,8,0
1.68,1754288904,4775,316144.08,-107549.19,208594.89,0,208,4,8,0
3.19,1754288920,4845,392517.84,-512826.6,-120308.76,1,208,4,8,0
1.03,1754288945,4630,269830.6,-1289.69,268540.91,0,209,4,8,0
1.4,1754288956,4072,214706.43,-18865.92,195840.51,0,209,4,8,0
10.8,1754288970,4497,364242.59,-578849.74,-214607.15,1,209,4,8,0
1.87,1754289011,4677,243633.0,-91336.2,152296.8,0,210,4,8,0
3.05,1754289028,4374,233672.32,-344237.6,-110565.28,1,210,4,8,0
2.19,1754289054,4615,231794.1,-230535.5,1258.6,1,210,4,8,0
7.01,1754289076,4817,252907.3,-536497.78,-283590.48,1,211,4,8,0
7.08,1754289110,5160,303865.32,-625709.04,-321843.72,1,211,4,8,0
7.18,1754289146,5382,296156.32,-647061.48,-350905.16,1,212,4,8,0
1.42,1754289181,5514,319738.41,-24729.04,295009.37,0,213,4,8,0
1.8,1754289196,4828,268005.73,-24609.49,243396.24,0,213,4,8,0
22.55,1754289214,4961,311245.8,-575323.2,-264077.4,1,213,4,8,0
7.7,1754289264,5790,361004.71,-757883.08,-396878.37,1,214,4,8,0
2.37,1754289302,5881,330825.0,-181767.0,149058.0,1,215,4,8,0
1.1,1754289322,5185,327155.64,-4153.82,323001.82,0,215,4,8,0
1.0,1754289334,4610,296589.96,-0.0,296589.96,0,215,4,8,0
1.16,1754289346,4973,307286.28,-8878.74,298407.54,0,215,4,8,0
1.23,1754289360,4731,297346.28,-4698.29,292647.99,0,216,4,8,0
1.86,1754289372,4524,282278.52,-85628.88,196649.64,0,216,4,8,0
1.45,1754289390,4931,374180.94,-60776.1,313404.84,0,216,4,8,0
5.1,1754289407,4611,300777.03,-582162.66,-281385.63,1,216,4,8,0
8.52,1754289437,5646,349382.6,-741181.7,-391799.1,1,217,4,8,0
1.33,1754289473,5949,385774.58,-30047.7,355726.88,0,217,4,8,0
1.22,1754289488,5029,324669.6,-26376.6,298293.0,0,218,4,8,0
28.79,1754289502,4699,278292.0,-612532.48,-334240.48,1,218,4,8,0
1.37,1754289556,6106,300750.84,-29269.46,271481.38,0,219,4,8,0
2.57,1754289573,4168,245916.48,-218970.24,26946.24,1,219,4,8,0
1.84,1754289595,5664,366258.21,-195748.17,170510.04,0,219,4,8,0
1.34,1754289612,4962,313469.73,-71842.68,241627.05,0,220,4,8,0
1.17,1754289627,5497,398230.0,-9629.41,388600.59,0,220,4,8,0
2.21,1754289641,4656,311297.6,-229407.4,81890.2,1,220,4,8,0
96.03,1754289664,5363,335690.1,-627430.21,-291740.11,1,221,4,8,0
10.4,1754289728,5606,412768.16,-613632.68,-200864.52,1,222,4,8,0
1.07,1754289767,5644,311378.12,-3804.36,307573.76,0,222,4,8,0
3.43,1754289781,4380,261500.2,-311613.64,-50113.44,1,223,4,8,0
6.91,1754289809,5694,351900.0,-663080.34,-311180.34,1,223,4,8,0
21.24,1754289843,5996,381537.0,-811299.0,-429762.0,1,224,4,8,0
1.03,1754289894,5871,423962.64,-1289.69,422672.95,0,224,4,8,0
6.02,1754289918,5012,312022.93,-535016.97,-222994.04,1,225,4,8,0
3.15,1754289947,6796,448182.0,-490025.52,-41843.52,1,225,4,8,0
1.78,1754289973,6001,425057.22,-154724.85,270332.37,0,226,4,8,0
3.37,1754289991,5503,493697.4,-623879.2,-130181.8,1,226,4,8,0
1.03,1754290021,7046,476709.0,-1289.69,475419.31,0,227,4,8,0
5.01,1754290035,5918,513837.94,-947949.31,-434111.37,1,227,4,8,0
8.55,1754290064,6349,313645.8,-575357.4,-261711.6,1,227,4,8,0
4.8,1754290105,6517,315679.77,-597012.57,-281332.8,1,228,4,8,0
8.29,1754290143,6500,325549.44,-675169.92,-349620.48,1,229,4,8,0
1.78,1754290182,7039,452331.06,-137452.45,314878.61,0,229,4,8,0
3.05,1754290202,4939,309456.56,-242113.2,67343.36,1,230,4,8,0
1.07,1754290224,5394,357916.0,-3804.36,354111.64,0,230,4,8,0
1.39,1754290237,6512,452973.96,-23016.41,429957.55,0,230,4,8,0
1.82,1754290256,5628,441506.1,-217392.0,224114.1,0,230,4,8,0
1.0,1754290274,6157,420707.07,-0.0,420707.07,0,231,4,8,0
83.65,1754290287,5932,486907.5,-1053181.5,-566274.0,1,231,4,8,0
13.37,1754290358,6927,461406.45,-839082.09,-377675.64,1,232,4,8,0
1.51,1754290396,7298,447361.84,-39155.2,408206.64,0,233,4,8,0
1.73,1754290418,4950,234615.86,-45630.6,188985.26,0,233,4,8,0
2.07,1754290433,5670,375912.16,-306427.72,69484.44,1,233,4,8,0
2.7,1754290454,5347,349457.28,-421486.72,-72029.44,1,234,4,8,0
1.57,1754290478,7083,425370.27,-71371.37,353998.9,0,234,4,8,0
1.63,1754290497,5023,346968.72,-76382.46,270586.26,0,234,4,8,0
1.53,1754290513,6524,456512.28,-74313.0,382199.28,0,235,4,8,0
3.67,1754290531,6220,464424.18,-638348.04,-173923.86,1,235,4,8,0
2.66,1754290558,7459,569907.58,-684750.67,-114843.09,1,235,4,8,0
1.0,1754290586,4405,241827.0,-0.0,241827.0,0,236,4,8,0
6.65,1754290593,5285,336319.36,-560213.12,-223893.76,1,236,4,8,0
3.19,1754290628,7581,488108.4,-620068.8,-131960.4,1,237,4,8,0
1.5,1754290654,5599,346920.6,-27968.2,318952.4,0,237,4,8,0
4.38,1754290671,4708,299959.54,-439745.88,-139786.34,1,237,4,8,0
2.13,1754290700,7184,490011.75,-417770.25,72241.5,1,238,4,8,0
1.53,1754290724,5041,193192.78,-20750.66,172442.12,0,238,4,8,0
3.88,1754290745,5144,319962.51,-525219.66,-205257.15,1,239,4,8,0
1.59,1754290777,7565,453690.9,-69954.3,383736.6,0,239,4,8,0
5.43,1754290799,5386,398989.74,-764653.17,-365663.43,1,239,4,8,0
1.18,1754290833,6787,337581.24,-6034.28,331546.96,0,240,4,8,0
2.27,1754290851,4491,285841.89,-282495.99,3345.9,1,240,4,8,0
1.56,1754290872,6281,348211.08,-59334.03,288877.05,0,241,4,8,0
2.99,1754290888,5115,422083.2,-578855.64,-156772.44,1,241,4,8,0
1.43,1754290915,5971,424562.89,-26317.96,398244.93,0,241,4,8,0
1.76,1754290933,5631,539138.6,-89286.12,449852.48,0,242,4,8,0
2.04,1754290951,5576,441969.74,-268775.05,173194.69,1,242,4,8,0
24.95,1754290983,5476,549421.48,-821361.64,-271940.16,1,243,4,8,0
1.33,1754291032,6462,372648.16,-34552.5,338095.66,0,243,4,8,0
25.29,1754291049,5708,357753.6,-998641.44,-640887.84,1,244,4,8,0
1.06,1754291100,6597,402525.32,-1475.19,401050.13,0,245,4,8,0
1.46,1754291118,4261,290766.3,-39065.95,251700.35,0,245,4,8,0
16.41,1754291131,6398,408344.08,-907997.2,-499653.12,1,245,4,8,0
1.79,1754291181,6794,395159.55,-74711.13,320448.42,0,246,4,8,0
6.21,1754291199,5010,326431.2,-548038.8,-221607.6,1,246,4,8,0
1.43,1754291232,7047,469089.97,-52860.03,416229.94,0,247,4,8,0
1.17,1754291252,5380,371858.2,-21961.1,349897.1,0,247,4,8,0
58.19,1754291263,4975,328493.44,-575733.12,-247239.68,1,247,4,8,0
1.67,1754291330,5572,364867.75,-89352.9,275514.85,0,248,4,8,0
1.46,1754291342,4461,298090.55,-9190.2,288900.35,0,249,4,8,0
2.55,1754291356,5242,326384.64,-279759.36,46625.28,1,249,4,8,0
30.47,1754291379,6838,459175.68,-865234.47,-406058.79,1,249,4,8,0
3.79,1754291433,7512,515322.68,-569790.38,-54467.7,1,250,4,8,0
1.32,1754291463,6245,340411.11,-21991.72,318419.39,0,251,4,8,0
3.65,1754291484,5759,380314.44,-612819.9,-232505.46,1,251,4,8,0
1.05,1754291513,7304,513774.0,-2410.85,511363.15,0,251,4,8,0
1.08,1754291528,6114,342150.83,-2854.24,339296.59,0,252,4,8,0
1.1,1754291542,6341,351197.14,-4153.82,347043.32,0,252,4,8,0
1.21,1754291559,4980,272601.36,-8500.53,264100.83,0,252,4,8,0
1.2,1754291571,4609,258864.55,-5677.64,253186.91,0,252,4,8,0
41.55,1754291588,5652,334465.2,-693554.4,-359089.2,1,253,4,8,0
3.65,1754291649,7356,347323.31,-706646.32,-359323.01,1,254,4,8,0
1.78,1754291679,5704,305153.46,-86393.9,218759.56,0,254,4,8,0
1.13,1754291700,4748,243388.88,-13720.0,229668.88,0,255,4,8,0
1.77,1754291714,5550,341504.68,-63866.82,277637.86,0,255,4,8,0
2.24,1754291736,5769,360414.81,-247219.56,113195.25,1,255,4,8,0
1.0,1754291761,5762,326281.07,-0.0,326281.07,0,256,4,8,0
1.01,1754291775,5768,387098.97,-0.0,387098.97,0,256,4,8,0
2.49,1754291791,5880,385125.57,-265774.2,119351.37,1,256,4,8,0
1.0,1754291814,6501,392178.15,-0.0,392178.15,0,256,4,8,0
112.53,1754291830,6311,361721.64,-870872.46,-509150.82,1,257,4,8,0
1.6,1754291897,7302,346793.2,-90134.0,256659.2,0,258,4,8,0
2.39,1754291917,5154,332153.24,-325301.12,6852.12,1,258,4,8,0
1.49,1754291936,6452,328016.4,-54585.0,273431.4,0,258,4,8,0
1.66,1754291954,5434,346456.96,-46259.84,300197.12,0,259,4,8,0
6.43,1754291971,5810,426562.87,-754698.72,-328135.85,1,259,4,8,0
4.08,1754292006,7593,503863.2,-923227.2,-419364.0,1,260,4,8,0
1.55,1754292035,6447,243309.6,-72352.2,170957.4,0,260,4,8,0
1.06,1754292054,5646,269272.08,-1475.19,267796.89,0,260,4,8,0
2.75,1754292067,5460,365239.78,-372233.91,-6994.13,1,261,4,8,0
1.66,1754292090,7306,478806.0,-111240.0,367566.0,0,261,4,8,0
1.3,1754292112,4005,179702.16,-17062.32,162639.84,0,261,4,8,0
3.81,1754292125,6873,501412.1,-855283.8,-353871.7,1,262,4,8,0
17.45,1754292154,6661,352318.08,-643535.36,-291217.28,1,262,4,8,0
2.0,1754292204,7310,372813.46,-255964.12,116849.34,1,263,4,8,0
2.38,1754292226,5105,262324.26,-233812.29,28511.97,1,263,4,8,0
4.31,1754292245,7738,486759.75,-827841.0,-341081.25,1,264,4,8,0
5.03,1754292280,7246,399824.6,-770829.5,-371004.9,1,264,4,8,0
1.49,1754292314,7803,454394.12,-75921.72,378472.4,0,265,4,8,0
1.44,1754292330,4773,272029.39,-50762.34,221267.05,0,265,4,8,0
1.03,1754292343,5809,340707.2,-1289.69,339417.51,0,265,4,8,0
1.79,1754292359,5107,336515.4,-137467.8,199047.6,0,265,4,8,0
1.4,1754292376,6650,383916.06,-12677.73,371238.33,0,266,4,8,0
2.41,1754292397,4523,201637.0,-154224.5,47412.5,1,266,4,8,0
2.64,1754292418,7226,570910.5,-735654.0,-164743.5,1,266,4,8,0
23.08,1754292441,5954,472519.44,-922214.88,-449695.44,1,267,4,8,0
1.01,1754292491,7712,529464.08,-0.0,529464.08,0,268,4,8,0
2.58,1754292506,5549,351493.12,-420485.76,-68992.64,1,268,4,8,0
4.36,1754292527,6279,340878.0,-535941.6,-195063.6,1,268,4,8,0
1.23,1754292558,7921,518758.5,-63614.46,455144.04,0,269,4,8,0
1.19,1754292577,6017,316500.78,-11121.77,305379.01,0,269,4,8,0
32.37,1754292588,5617,346483.13,-669738.7,-323255.57,1,269,4,8,0
1.17,1754292643,6847,353895.04,-9629.41,344265.63,0,270,4,8,0
4.68,1754292661,4215,238662.72,-424171.06,-185508.34,1,271,4,8,0
2.34,1754292690,7167,388424.84,-321967.76,66457.08,1,271,4,8,0
1.9,1754292712,4716,203660.85,-110133.99,93526.86,0,271,4,8,0
6.71,1754292730,6153,310409.62,-556899.18,-246489.56,1,272,4,8,0
1.02,1754292764,6929,423990.0,-2162.8,421827.2,0,272,4,8,0
1.12,1754292782,4111,284789.67,-3431.43,281358.24,0,273,4,8,0
1.38,1754292792,6813,348885.08,-15700.78,333184.3,0,273,4,8,0
1.49,1754292813,6119,334753.02,-17172.54,317580.48,0,273,4,8,0
1.58,1754292827,5762,345793.14,-66087.78,279705.36,0,273,4,8,0
1.32,1754292846,6572,383480.96,-21578.24,361902.72,0,274,4,8,0
7.3,1754292864,5723,399213.47,-865356.59,-466143.12,1,274,4,8,0
1.01,1754292902,7464,465969.6,-0.0,465969.6,0,275,4,8,0
2.11,1754292917,5076,358443.93,-368688.54,-10244.61,1,275,4,8,0
3.68,1754292933,6204,421822.86,-774327.8,-352504.94,1,275,4,8,0
3.12,1754292960,7111,585004.77,-888287.37,-303282.6,1,276,4,8,0
3.7,1754292988,6226,386274.18,-741272.46,-354998.28,1,276,4,8,0
2.38,1754293018,7365,566755.2,-587376.0,-20620.8,1,276,4,8,0
1.15,1754293039,5157,400083.72,-35293.21,364790.51,0,277,4,8,0
1.0,1754293053,5660,432627.36,-0.0,432627.36,0,277,4,8,0
3.18,1754293064,5051,406799.36,-651095.48,-244296.12,1,277,4,8,0
2.2,1754293093,6655,529139.96,-405020.24,124119.72,1,278,4,8,0
3.09,1754293114,5496,536003.04,-775024.56,-239021.52,1,278,4,8,0
2.19,1754293137,6643,556184.24,-583560.36,-27376.12,1,278,4,8,0
1.0,1754293161,5112,368400.0,-0.0,368400.0,0,279,4,8,0
5.68,1754293170,5509,396625.93,-876411.59,-479785.66,1,279,4,8,0
1.45,1754293205,6762,473925.81,-79074.0,394851.81,0,280,4,8,0
1.16,1754293220,5219,441541.1,-20392.45,421148.65,0,280,4,8,0
1.24,1754293231,5535,404500.77,-12284.66,392216.11,0,280,4,8,0
1.13,1754293246,4772,321984.1,-16538.12,305445.98,0,280,4,8,0
1.46,1754293258,4509,301495.27,-30939.81,270555.46,0,280,4,8,0
1.04,1754293276,4372,325654.79,-4660.79,320994.0,0,281,4,8,0
4.25,1754293287,4212,321397.41,-510199.92,-188802.51,1,281,4,8,0
2.41,1754293315,5272,430305.12,-367028.55,63276.57,1,281,4,8,0
6.21,1754293336,5288,432564.48,-755777.28,-323212.8,1,282,4,8,0
2.33,1754293370,5793,445465.28,-524262.32,-78797.04,1,282,4,8,0
1.3,1754293391,5665,458134.38,-23418.12,434716.26,0,283,4,8,0
1.43,1754293407,4946,382385.64,-120045.42,262340.22,0,283,4,8,0
3.57,1754293424,4756,392660.24,-500181.92,-107521.68,1,283,4,8,0
1.76,1754293451,5778,470072.4,-81323.2,388749.2,0,284,4,8,0
1.38,1754293472,4946,481170.84,-28071.12,453099.72,0,284,4,8,0
1.05,1754293488,4969,513169.04,-2410.85,510758.19,0,284,4,8,0
4.25,1754293502,4260,395761.07,-620151.94,-224390.87,1,285,4,8,0
1.24,1754293531,5015,410607.47,-10074.15,400533.32,0,285,4,8,0
5.18,1754293544,4193,323256.87,-536573.55,-213316.68,1,285,4,8,0
5.77,1754293574,4616,274943.33,-444794.02,-169850.69,1,286,4,8,0
1.0,1754293606,5327,419153.8,-0.0,419153.8,0,286,4,8,0
10.15,1754293618,4475,382105.16,-718924.5,-336819.34,1,286,4,8,0
2.45,1754293656,5560,405414.9,-468070.02,-62655.12,1,287,4,8,0
2.88,1754293677,5171,304845.67,-323032.21,-18186.54,1,287,4,8,0
2.63,1754293699,5730,471107.16,-554047.92,-82940.76,1,288,4,8,0
1.97,1754293726,5751,412566.18,-204418.71,208147.47,0,288,4,8,0
1.82,1754293742,5296,422623.53,-236721.24,185902.29,0,289,4,8,0
3.19,1754293760,5097,345333.18,-465776.24,-120443.06,1,289,4,8,0
1.76,1754293786,5547,414273.73,-95513.86,318759.87,0,289,4,8,0
13.32,1754293802,4746,362189.74,-633858.86,-271669.12,1,290,4,8,0
168.59,1754293843,5505,299172.48,-613254.4,-314081.92,1,290,4,8,0
9.33,1754293918,5989,339238.2,-695894.5,-356656.3,1,291,4,8,0
4.96,1754293953,6188,297940.86,-632863.35,-334922.49,1,292,4,8,0
1.18,1754293986,6394,316840.26,-43185.12,273655.14,0,293,4,8,0
2.31,1754293999,4519,209629.31,-190713.08,18916.23,1,293,4,8,0
1.37,1754294018,6120,309736.96,-23424.64,286312.32,0,293,4,8,0
4.11,1754294036,4967,329113.89,-590274.72,-261160.83,1,293,4,8,0
2.0,1754294065,5903,316468.3,-98450.73,218017.57,1,294,4,8,0
1.27,1754294082,5051,300021.75,-15920.1,284101.65,0,294,4,8,0
1.18,1754294097,4892,346288.8,-6034.28,340254.52,0,294,4,8,0
1.5,1754294110,5426,414983.1,-9170.7,405812.4,0,295,4,8,0
1.21,1754294127,5121,323843.31,-8500.53,315342.78,0,295,4,8,0
8.15,1754294140,4684,271783.68,-580834.8,-309051.12,1,295,4,8,0
1.01,1754294175,6241,331571.5,-0.0,331571.5,0,296,4,8,0
5.03,1754294187,4852,285713.82,-505051.47,-219337.65,1,296,4,8,0
1.1,1754294220,5593,312780.0,-4153.82,308626.18,0,297,4,8,0
6.03,1754294231,5392,388634.4,-935711.7,-547077.3,1,297,4,8,0
5.33,1754294265,5279,234091.94,-379081.49,-144989.55,1,297,4,8,0
58.24,1754294301,6379,352128.38,-627260.2,-275131.82,1,298,4,8,0
1.78,1754294365,6671,397217.7,-149187.06,248030.64,0,299,4,8,0
1.17,1754294388,4417,234278.72,-9629.41,224649.31,0,299,4,8,0
1.19,1754294397,5799,344718.48,-30575.97,314142.51,0,299,4,8,0
1.8,1754294413,4495,223881.3,-55404.54,168476.76,0,300,4,8,0
2.77,1754294431,6065,357135.5,-338512.56,18622.94,1,300,4,8,0
2.03,1754294455,6146,381782.4,-158691.84,223090.56,1,300,4,8,0
1.94,1754294478,5376,344692.26,-139326.66,205365.6,0,301,4,8,0
10.6,1754294497,6361,395600.4,-707049.2,-311448.8,1,301,4,8,0
4.72,1754294540,6893,458918.88,-639314.29,-180395.41,1,302,4,8,0
1.9,1754294569,7064,429718.89,-103044.6,326674.29,0,302,4,8,0
1.44,1754294590,5366,329221.1,-20042.1,309179.0,0,303,4,8,0
3.38,1754294606,4646,221780.52,-268713.12,-46932.6,1,303,4,8,0
1.37,1754294635,7198,423754.34,-20111.72,403642.62,0,303,4,8,0
15.33,1754294653,4959,234357.2,-499296.56,-264939.36,1,304,4,8,0
2.18,1754294695,6985,363863.24,-328523.64,35339.6,1,304,4,8,0
1.31,1754294716,4886,270548.3,-9183.35,261364.95,0,305,4,8,0
4.45,1754294729,5096,342843.0,-476392.2,-133549.2,1,305,4,8,0
1.13,1754294760,7384,475451.48,-4397.52,471053.96,0,306,4,8,0
16.85,1754294780,5262,338889.6,-737256.96,-398367.36,1,306,4,8,0
1.3,1754294823,7017,377147.02,-20394.8,356752.22,0,307,4,8,0
1.32,1754294846,4296,204264.96,-12456.15,191808.81,0,307,4,8,0
6.71,1754294855,5961,369882.1,-781909.8,-412027.7,1,307,4,8,0
2.14,1754294892,7264,337564.53,-246519.81,91044.72,1,308,4,8,0
2.81,1754294921,4745,240152.64,-259265.76,-19113.12,1,308,4,8,0
1.93,1754294943,7383,417916.24,-258987.21,158929.03,0,309,4,8,0
2.9,1754294967,5306,270622.8,-248055.0,22567.8,1,309,4,8,0
2.91,1754294988,6394,316165.2,-368201.6,-52036.4,1,309,4,8,0
16.68,1754295015,6532,358003.68,-728511.88,-370508.2,1,310,4,8,0
1.0,1754295061,7680,448060.5,-0.0,448060.5,0,311,4,8,0
1.25,1754295080,4446,223900.2,-12111.01,211789.19,0,311,4,8,0
3.94,1754295088,5606,317470.4,-479705.2,-162234.8,1,311,4,8,0
10.89,1754295122,7243,352568.1,-712734.04,-360165.94,1,312,4,8,0
1.35,1754295162,6471,245764.9,-8211.98,237552.92,0,312,4,8,0
2.75,1754295182,4734,214768.72,-170544.99,44223.73,1,313,4,8,0
12.05,1754295209,7119,444794.76,-801893.6,-357098.84,1,313,4,8,0
1.09,1754295249,7509,377723.17,-6452.63,371270.54,0,314,4,8,0
1.18,1754295268,2122,264617.65,-6034.28,258583.37,0,314,4,8,0
1.4,1754295277,7403,466104.6,-50125.92,415978.68,0,314,4,8,0
3.6,1754295299,5135,366864.0,-639586.56,-272722.56,1,314,4,8,0
43.54,1754295328,7207,465849.23,-843345.58,-377496.35,1,315,4,8,0
1.08,1754295380,6285,303119.24,-2854.24,300265.0,0,316,4,8,0
5.89,1754295397,4299,197634.06,-428268.23,-230634.17,1,316,4,8,0
156.8,1754295429,6449,333477.9,-746572.05,-413094.15,1,317,4,8,0
2.28,1754295502,6327,267202.15,-96524.59,170677.56,1,318,4,8,0
5.23,1754295521,4083,269231.52,-407157.66,-137926.14,1,318,4,8,0
2.38,1754295556,7306,388353.43,-266514.24,121839.19,1,319,4,8,0
3.68,1754295575,5085,260607.86,-305947.94,-45340.08,1,319,4,8,0
4.0,1754295601,6832,339046.8,-594821.98,-255775.18,1,320,4,8,0
1.2,1754295635,6807,412028.32,-30132.84,381895.48,0,320,4,8,0
4.62,1754295648,5061,293537.98,-599891.94,-306353.96,1,320,4,8,0
1.18,1754295681,7450,466826.78,-10075.1,456751.68,0,321,4,8,0
1.1,1754295694,5211,384532.43,-4153.82,380378.61,0,321,4,8,0
1.0,1754295704,4990,341013.18,-0.0,341013.18,0,321,4,8,0
1.72,1754295716,5426,366520.82,-68726.59,297794.23,0,321,4,8,0
2.16,1754295736,4072,223930.56,-124527.84,99402.72,1,322,4,8,0
1.66,1754295760,5831,409960.6,-140416.5,269544.1,0,322,4,8,0
1.81,1754295774,4886,342002.28,-127304.94,214697.34,0,322,4,8,0
2.67,1754295791,5346,371268.48,-340732.8,30535.68,1,323,4,8,0
2.42,1754295814,6749,445359.2,-409589.16,35770.04,1,323,4,8,0
14.23,1754295837,5725,417054.63,-778128.18,-361073.55,1,323,4,8,0
2.69,1754295881,7195,336037.1,-275910.6,60126.5,1,324,4,8,0
1.51,1754295904,6092,306625.65,-93478.23,213147.42,0,325,4,8,0
1.9,1754295926,4876,289421.74,-128632.4,160789.34,0,325,4,8,0
1.45,1754295942,5566,362652.5,-30276.4,332376.1,0,325,4,8,0
1.13,1754295962,4458,269171.37,-13022.34,256149.03,0,326,4,8,0
1.65,1754295970,5622,378930.3,-89432.0,289498.3,0,326,4,8,0
2.28,1754295988,5393,346393.08,-315110.4,31282.68,1,326,4,8,0
1.95,1754296009,5775,383024.41,-281419.86,101604.55,0,326,4,8,0
1.55,1754296031,4841,303765.76,-42890.88,260874.88,0,327,4,8,0
3.7,1754296051,5118,306666.88,-469833.52,-163166.64,1,327,4,8,0
1.47,1754296077,7066,375847.07,-113313.52,262533.55,0,327,4,8,0
3.13,1754296095,5148,342029.35,-519091.95,-177062.6,1,328,4,8,0
1.1,1754296121,6228,344491.84,-19815.2,324676.64,0,328,4,8,0
39.16,1754296131,5931,437530.86,-844924.86,-407394.0,1,328,4,8,0
3.62,1754296188,6494,276985.15,-402966.2,-125981.05,1,329,4,8,0
1.07,1754296215,6505,335255.94,-3804.36,331451.58,0,330,4,8,0
1.44,1754296233,3819,200235.98,-5129.58,195106.4,0,330,4,8,0
1.71,1754296244,6285,391329.9,-124923.5,266406.4,0,330,4,8,0
2.87,1754296265,5343,380281.16,-439543.84,-59262.68,1,331,4,8,0
3.25,1754296265,5867,354745.11,-524570.01,-169824.9,1,331,4,8,0
40.96,1754296355,6649,415986.87,-814537.56,-398550.69,1,332,4,8,0
3.66,1754296408,6728,398089.21,-640933.39,-242844.18,1,333,4,8,0
10.5,1754296436,6262,371799.04,-831380.48,-459581.44,1,333,4,8,0
1.44,1754296478,6495,390214.5,-23144.55,367069.95,0,334,4,8,0
1.25,1754296496,4285,216777.03,-33330.03,183447.0,0,334,4,8,0
1.09,1754296507,5889,392130.45,-13985.61,378144.84,0,335,4,8,0
3.47,1754296522,5062,334864.48,-668561.5,-333697.02,1,335,4,8,0
9.66,1754296551,7256,437146.68,-881304.36,-444157.68,1,335,4,8,0
12.32,1754296592,7509,414568.0,-798139.65,-383571.65,1,336,4,8,0
4.74,1754296633,7534,437272.5,-796673.25,-359400.75,1,337,4,8,0
12.38,1754296665,6690,353912.09,-656107.55,-302195.46,1,337,4,8,0
1.93,1754296704,6921,378409.11,-156908.07,221501.04,0,338,4,8,0
1.89,1754296723,4540,234112.95,-76559.16,157553.79,0,338,4,8,0
7.13,1754296740,5649,395241.6,-633844.48,-238602.88,1,339,4,8,0
2.05,1754296778,7690,590495.2,-301997.99,288497.21,1,339,4,8,0
1.04,1754296805,5257,439975.8,-15055.26,424920.54,0,340,4,8,0
1.48,1754296818,5610,447648.5,-52009.1,395639.4,0,340,4,8,0
2.5,1754296832,4885,149139.01,-134662.03,14476.98,1,340,4,8,0
1.09,1754296854,6823,626961.96,-37868.02,589093.94,0,340,4,8,0
1.1,1754296871,5228,482511.9,-15377.05,467134.85,0,341,4,8,0
2.01,1754296882,5731,656009.2,-235322.01,420687.19,1,341,4,8,0
76.83,1754296908,4626,338523.72,-445738.48,-107214.76,1,341,4,8,0
2.13,1754296964,6642,404228.5,-320618.35,83610.15,1,342,4,8,0
2.02,1754296987,5092,352937.4,-207241.8,145695.6,1,343,4,8,0
1.36,1754297011,4985,326998.8,-45994.8,281004.0,0,343,4,8,0
5.58,1754297022,5427,384239.05,-658827.0,-274587.95,1,343,4,8,0
1.74,1754297072,7272,580767.68,-134933.44,445834.24,0,344,4,8,0
2.7,1754297094,4806,317885.01,-326898.42,-9013.41,1,344,4,8,0
1.11,1754297114,6814,487533.2,-29670.2,457863.0,0,345,4,8,0
30.79,1754297133,6156,489619.02,-708060.54,-218441.52,1,345,4,8,0
3.68,1754297184,6275,312819.59,-383658.28,-70838.69,1,346,4,8,0
11.08,1754297216,5621,369184.24,-498724.92,-129540.68,1,346,4,8,0
1.13,1754297252,6869,371190.92,-4397.52,366793.4,0,347,4,8,0
2.01,1754297270,4405,289968.12,-222069.64,67898.48,1,347,4,8,0
1.03,1754297286,5760,357440.64,-1289.69,356150.95,0,348,4,8,0
1.28,1754297304,1404,442236.57,-46247.72,395988.85,0,348,4,8,0
6.23,1754297315,7145,478205.48,-837684.49,-359479.01,1,348,4,8,0
2.35,1754297349,7826,429307.2,-396815.2,32492.0,1,349,4,8,0
6.52,1754297379,5661,351109.84,-586391.2,-235281.36,1,349,4,8,0
1.66,1754297417,6924,401871.87,-177018.81,224853.06,0,350,4,8,0
10.52,1754297435,4552,238359.72,-532139.1,-293779.38,1,350,4,8,0
41.34,1754297474,6878,314386.08,-632153.85,-317767.77,1,351,4,8,0
9.14,1754297526,7061,513004.8,-834708.7,-321703.9,1,352,4,8,0
2.66,1754297571,6632,366028.16,-348464.64,17563.52,1,352,4,8,0
6.35,1754297590,5059,257489.57,-514013.9,-256524.33,1,353,4,8,0
1.54,1754297628,6853,428667.47,-134942.6,293724.87,0,353,4,8,0
46.26,1754297645,5068,267649.2,-708825.78,-441176.58,1,354,4,8,0
3.32,1754297699,6780,473799.6,-730770.48,-256970.88,1,354,4,8,0
1.9,1754297726,6000,417054.11,-272736.76,144317.35,0,355,4,8,0
3.51,1754297745,4907,348472.87,-521846.46,-173373.59,1,355,4,8,0
3.36,1754297776,7410,471808.76,-836270.56,-364461.8,1,356,4,8,0
16.58,1754297797,6308,349203.84,-747597.44,-398393.6,1,356,4,8,0
1.48,1754297843,7803,573973.76,-73727.02,500246.74,0,357,4,8,0
2.24,1754297867,5680,400613.5,-412981.1,-12367.6,1,357,4,8,0
2.1,1754297884,6473,440338.68,-408048.75,32289.93,1,358,4,8,0
2.04,1754297906,7186,481811.68,-255920.48,225891.2,1,358,4,8,0
2.8,1754297931,6083,493703.28,-467999.4,25703.88,1,358,4,8,0
1.44,1754297953,5625,549653.5,-24003.13,525650.37,0,359,4,8,0
1.49,1754297969,4909,362182.62,-35609.97,326572.65,0,359,4,8,0
5.8,1754297985,4985,406930.18,-548070.7,-141140.52,1,359,4,8,0
2.82,1754298022,7342,568730.48,-746275.87,-177545.39,1,360,4,8,0
2.21,1754298042,5388,355865.14,-311576.13,44289.01,1,360,4,8,0
85.17,1754298063,6458,395089.86,-754480.98,-359391.12,1,361,4,8,0
1.92,1754298134,7366,483712.84,-159037.84,324675.0,0,362,4,8,0
24.22,1754298155,4996,361116.0,-810287.1,-449171.1,1,362,4,8,0
1.69,1754298200,7071,481090.5,-133844.25,347246.25,0,363,4,8,0
21.66,1754298223,5584,443230.56,-927494.64,-484264.08,1,363,4,8,0
7.3,1754298267,6848,448354.6,-763674.0,-315319.4,1,364,4,8,0
2.29,1754298307,7677,553214.4,-475204.8,78009.6,1,365,4,8,0
1.25,1754298331,5662,457806.96,-12111.01,445695.95,0,365,4,8,0
1.0,1754298341,5115,346980.06,-0.0,346980.06,0,365,4,8,0
1.87,1754298352,5013,362495.4,-87032.5,275462.9,0,365,4,8,0
4.29,1754298372,5741,494807.04,-741147.84,-246340.8,1,366,4,8,0
13.42,1754298406,7067,474846.68,-854164.08,-379317.4,1,366,4,8,0
2.32,1754298445,7475,543342.07,-639901.78,-96559.71,1,367,4,8,0
1.83,1754298469,6149,394341.12,-215456.0,178885.12,0,367,4,8,0
18.87,1754298487,5552,444525.6,-903698.52,-459172.92,1,368,4,8,0
4.81,1754298535,7610,553006.44,-1103644.44,-550638.0,1,368,4,8,0
2.42,1754298567,6536,517132.5,-540042.75,-22910.25,1,369,4,8,0
1.39,1754298593,5956,603890.98,-64814.75,539076.23,0,369,4,8,0
4.87,1754298611,5430,400302.89,-723102.86,-322799.97,1,370,4,8,0
4.36,1754298642,8331,645150.32,-1057911.85,-412761.53,1,370,4,8,0
1.53,1754298673,7725,677868.24,-78257.76,599610.48,0,371,4,8,0
24.96,1754298688,5631,586225.24,-920860.08,-334634.84,1,371,4,8,0
1.33,1754298739,7472,571878.3,-52062.58,519815.72,0,372,4,8,0
2.93,1754298760,5252,488724.24,-353225.71,135498.53,1,372,4,8,0
3.07,1754298778,7132,540167.15,-701505.18,-161338.03,1,372,4,8,0
1.59,1754298804,5739,590394.65,-77574.05,512820.6,0,373,4,8,0
6.63,1754298824,5478,484734.6,-819154.0,-334419.4,1,373,4,8,0
1.78,1754298868,7554,777620.8,-168156.56,609464.24,0,374,4,8,0
36.96,1754298889,5655,574469.28,-1036485.45,-462016.17,1,374,4,8,0
1.57,1754298942,7022,598331.28,-171510.72,426820.56,0,375,4,8,0
1.05,1754298964,5176,577026.1,-2410.85,574615.25,0,376,4,8,0
1.29,1754298977,5204,465358.74,-51250.32,414108.42,0,376,4,8,0
2.44,1754298987,1417,632975.65,-710804.81,-77829.16,1,376,4,8,0
1.15,1754299011,3334,572794.53,-18434.04,554360.49,0,376,4,8,0
1.42,1754299027,2739,627513.78,-74299.56,553214.22,0,377,4,8,0
1.47,1754299044,2571,546098.96,-162350.32,383748.64,0,377,4,8,0
1.31,1754299063,2727,726644.46,-70211.51,656432.95,0,377,4,8,0
2.04,1754299080,2334,565785.27,-295777.14,270008.13,1,378,4,8,0
1.51,1754299099,2435,671214.72,-106641.04,564573.68,0,378,4,8,0
4.03,1754299115,2154,542808.24,-631808.58,-89000.34,1,378,4,8,0
2.36,1754299144,2426,633918.56,-530976.16,102942.4,1,379,4,8,0
3.66,1754299166,2488,701582.8,-854634.0,-153051.2,1,379,4,8,0
20.45,1754299191,2578,648633.4,-1044316.0,-395682.6,1,379,4,8,0
1.85,1754299238,2472,705189.03,-406995.68,298193.35,0,380,4,8,0
1.39,1754299260,3094,476640.94,-77652.85,398988.09,0,381,4,8,0
1.04,1754299274,3849,483093.0,-11909.4,471183.6,0,381,4,8,0
1.66,1754299287,4366,440689.01,-185819.42,254869.59,0,381,4,8,0
1.0,1754299302,5592,516024.0,-0.0,516024.0,0,381,4,8,0
3.56,1754299318,5486,494804.8,-598325.7,-103520.9,1,381,4,8,0
6.28,1754299343,7425,643772.36,-1145245.64,-501473.28,1,382,4,8,0
1.75,1754299382,8335,645415.68,-211441.44,433974.24,0,383,4,8,0
1.57,1754299401,5779,458622.45,-178933.95,279688.5,0,383,4,8,0
10.63,1754299418,4652,359800.29,-746999.0,-387198.71,1,383,4,8,0
12.47,1754299460,8419,756205.64,-778060.28,-21854.64,1,384,4,8,0
1.25,1754299499,7892,565173.52,-129464.48,435709.04,0,384,4,8,0
1.32,1754299518,6471,402341.4,-48364.8,353976.6,0,385,4,8,0
4.45,1754299534,5746,510280.71,-576118.26,-65837.55,1,385,4,8,0
1.25,1754299566,8592,692094.46,-61311.98,630782.48,0,386,4,8,0
2.26,1754299583,5210,485841.2,-349129.95,136711.25,1,386,4,8,0
8.19,1754299599,6802,435716.82,-859242.51,-423525.69,1,386,4,8,0
1.89,1754299638,7906,560885.32,-309085.92,251799.4,0,387,4,8,0
1.18,1754299660,5712,431026.09,-41143.08,389883.01,0,387,4,8,0
1.62,1754299672,4980,379993.4,-142069.0,237924.4,0,387,4,8,0
1.63,1754299688,6751,453596.65,-126519.25,327077.4,0,388,4,8,0
1.0,1754299710,5835,420706.4,-0.0,420706.4,0,388,4,8,0
2.25,1754299722,5784,434852.6,-318828.3,116024.3,1,388,4,8,0
1.21,1754299741,7092,518712.48,-36277.2,482435.28,0,389,4,8,0
1.63,1754299760,6015,345151.2,-83935.2,261216.0,0,389,4,8,0
1.78,1754299776,6161,395158.24,-89463.52,305694.72,0,389,4,8,0
7.22,1754299800,5139,363215.35,-529804.52,-166589.17,1,390,4,8,0
1.42,1754299838,7754,567306.48,-79476.54,487829.94,0,390,4,8,0
1.31,1754299860,5503,358846.74,-43372.98,315473.76,0,391,4,8,0
28.39,1754299871,5973,367665.9,-802699.8,-435033.9,1,391,4,8,0
2.34,1754299925,7606,476944.84,-480525.2,-3580.36,1,392,4,8,0
1.19,1754299954,4905,258734.97,-44567.73,214167.24,0,392,4,8,0
1.03,1754299962,5629,347320.38,-1289.69,346030.69,0,392,4,8,0
1.05,1754299980,5435,419322.85,-8992.74,410330.11,0,393,4,8,0
1.16,1754299991,5998,467178.28,-62665.42,404512.86,0,393,4,8,0
1.13,1754300005,5330,372039.68,-27061.76,344977.92,0,393,4,8,0
1.39,1754300029,4856,324407.34,-36183.3,288224.04,0,393,4,8,0
1.42,1754300042,4771,309222.15,-88660.65,220561.5,0,394,4,8,0
21.3,1754300057,4699,318067.68,-528422.72,-210355.04,1,394,4,8,0
1.0,1754300103,6597,433175.82,-0.0,433175.82,0,395,4,8,0
2.45,1754300117,5081,328947.2,-421014.72,-92067.52,1,395,4,8,0
1.4,1754300136,6113,423783.47,-52976.06,370807.41,0,395,4,8,0
4.4,1754300154,4142,299909.58,-517637.76,-217728.18,1,395,4,8,0
1.14,1754300181,5982,439268.9,-17005.8,422263.1,0,396,4,8,0
2.6,1754300193,5844,521695.79,-533051.75,-11355.96,1,396,4,8,0
2.93,1754300216,5296,323610.88,-475144.32,-151533.44,1,396,4,8,0
1.97,1754300242,6260,441274.06,-293058.0,148216.06,0,397,4,8,0
1.21,1754300260,5788,439548.16,-21242.44,418305.72,0,397,4,8,0
38.02,1754300277,5264,397404.7,-754750.5,-357345.8,1,397,4,8,0
1.0,1754300332,6447,396554.24,-0.0,396554.24,0,398,4,8,0
3.74,1754300348,5240,347038.0,-556610.6,-209572.6,1,399,4,8,0
5.48,1754300375,6105,350064.54,-610031.52,-259966.98,1,399,4,8,0
1.19,1754300407,6376,386080.2,-11121.77,374958.43,0,400,4,8,0
13.33,1754300420,5417,380670.48,-928760.4,-548089.92,1,400,4,8,0
1.45,1754300460,7183,482736.0,-112109.25,370626.75,0,401,4,8,0
2.41,1754300482,5966,431017.86,-485262.96,-54245.1,1,401,4,8,0
1.14,1754300502,6796,429400.8,-9756.72,419644.08,0,401,4,8,0
1.45,1754300519,6568,447355.9,-30177.94,417177.96,0,401,4,8,0
1.24,1754300538,6231,428750.88,-14673.04,414077.84,0,402,4,8,0
12.51,1754300550,5443,398903.76,-933062.4,-534158.64,1,402,4,8,0
2.5,1754300591,6686,379135.68,-398207.97,-19072.29,1,403,4,8,0
2.51,1754300614,5371,371164.59,-446569.74,-75405.15,1,403,4,8,0
1.0,1754300635,7013,467799.0,-0.0,467799.0,0,403,4,8,0
23.46,1754300655,4482,315753.21,-710789.43,-395036.22,1,404,4,8,0
42.23,1754300702,7395,412838.08,-995879.68,-583041.6,1,405,4,8,0
3.82,1754300762,7577,417145.56,-729533.22,-312387.66,1,406,4,8,0
1.06,1754300786,5963,334045.08,-1475.19,332569.89,0,406,4,8,0
4.85,1754300800,5400,363397.47,-592450.56,-229053.09,1,406,4,8,0
3.75,1754300832,7711,488907.35,-947718.07,-458810.72,1,407,4,8,0
1.32,1754300857,7805,523991.0,-94944.15,429046.85,0,407,4,8,0
1.0,1754300877,5653,336643.2,-0.0,336643.2,0,407,4,8,0
1.42,1754300886,5845,395266.12,-33921.84,361344.28,0,408,4,8,0
1.46,1754300904,4051,247522.6,-23610.6,223912.0,0,408,4,8,0
1.0,1754300919,6764,371612.16,-0.0,371612.16,0,408,4,8,0
5.95,1754300937,6021,424669.74,-764625.84,-339956.1,1,408,4,8,0
1.14,1754300968,7905,505525.2,-25560.92,479964.28,0,409,4,8,0
13.78,1754300987,4870,274581.0,-555759.6,-281178.6,1,409,4,8,0
2.28,1754301028,7462,500245.9,-587673.24,-87427.34,1,410,4,8,0
3.68,1754301049,4925,258667.21,-278930.76,-20263.55,1,410,4,8,0
1.0,1754301079,7945,566333.04,-0.0,566333.04,0,411,4,8,0
1.65,1754301096,5677,385572.24,-68538.24,317034.0,0,411,4,8,0
2.62,1754301111,5486,335839.51,-399492.86,-63653.35,1,411,4,8,0
2.68,1754301133,7820,549528.4,-769413.2,-219884.8,1,412,4,8,0
1.17,1754301158,6552,432689.6,-19829.6,412860.0,0,412,4,8,0
1.59,1754301175,5930,411795.0,-98247.75,313547.25,0,412,4,8,0
4.23,1754301191,6322,437215.8,-698971.0,-261755.2,1,413,4,8,0
1.09,1754301225,6996,455174.25,-22291.5,432882.75,0,413,4,8,0
2.23,1754301239,5097,355368.65,-293244.9,62123.75,1,413,4,8,0
2.51,1754301256,6717,368870.08,-490311.28,-121441.2,1,414,4,8,0
4.23,1754301280,5954,459213.0,-739582.5,-280369.5,1,414,4,8,0
10.05,1754301311,7480,490561.56,-807236.22,-316674.66,1,415,4,8,0
2.12,1754301350,7541,467503.19,-347003.58,120499.61,1,415,4,8,0
7.06,1754301371,5946,472896.92,-955164.12,-482267.2,1,416,4,8,0
2.01,1754301408,7935,534130.73,-274900.98,259229.75,1,416,4,8,0
1.17,1754301427,5768,419413.68,-9942.48,409471.2,0,417,4,8,0
5.12,1754301442,6046,427962.24,-770846.08,-342883.84,1,417,4,8,0
3.44,1754301475,6974,518716.8,-708348.24,-189631.44,1,417,4,8,0
1.25,1754301496,7192,569075.71,-12111.01,556964.7,0,418,4,8,0
725.9,1754301516,5152,353354.24,-646154.24,-292800.0,1,418,4,8,0
1.17,1754301602,6040,418518.85,-20835.66,397683.19,0,420,4,8,0
1.0,1754301620,4877,284437.82,-0.0,284437.82,0,420,4,8,0
3.52,1754301626,5103,417610.7,-632879.0,-215268.3,1,420,4,8,0
1.14,1754301659,7736,521172.63,-24297.57,496875.06,0,420,4,8,0
1.0,1754301674,5892,412033.68,-0.0,412033.68,0,421,4,8,0
2.23,1754301686,5529,497663.2,-495051.08,2612.12,1,421,4,8,0
1.32,1754301705,6398,420096.03,-45180.11,374915.92,0,421,4,8,0
1.08,1754301726,5997,461780.25,-2854.24,458926.01,0,422,4,8,0
31.91,1754301739,5922,523032.0,-1054617.6,-531585.6,1,422,4,8,0
1.26,1754301791,7462,471623.25,-85013.25,386610.0,0,423,4,8,0
3.94,1754301810,4803,313289.67,-481426.56,-168136.89,1,423,4,8,0
10.38,1754301837,7550,541972.97,-710106.32,-168133.35,1,423,4,8,0
2.75,1754301875,7999,615417.61,-584218.74,31198.87,1,424,4,8,0
2.14,1754301899,5266,411819.03,-361427.85,50391.18,1,424,4,8,0
1.04,1754301918,6462,501576.16,-4660.79,496915.37,0,425,4,8,0
2.9,1754301933,5747,380739.53,-472961.16,-92221.63,1,425,4,8,0
1.01,1754301955,7153,503302.8,-0.0,503302.8,0,425,4,8,0
3.89,1754301970,6548,548854.14,-929313.32,-380459.18,1,426,4,8,0
2.92,1754301995,7591,457994.25,-500887.5,-42893.25,1,426,4,8,0
1.18,1754302025,5012,387211.53,-20958.99,366252.54,0,427,4,8,0
2.16,1754302032,5219,413323.3,-311565.15,101758.15,1,427,4,8,0
1.28,1754302054,7133,452730.0,-58260.75,394469.25,0,427,4,8,0
1.1,1754302075,5556,377792.8,-9260.3,368532.5,0,427,4,8,0
1.3,1754302084,6125,457479.75,-8935.34,448544.41,0,428,4,8,0
1.68,1754302101,6056,434496.0,-72556.8,361939.2,0,428,4,8,0
1.53,1754302117,5924,499968.75,-135442.5,364526.25,0,428,4,8,0
1.31,1754302136,5424,416429.96,-17760.88,398669.08,0,428,4,8,0
1.55,1754302150,5125,443648.52,-24680.25,418968.27,0,429,4,8,0
126.29,1754302167,4985,449253.24,-598678.2,-149424.96,1,429,4,8,0
1.44,1754302240,6477,422186.7,-62773.75,359412.95,0,430,4,8,0
1.39,1754302255,4817,353513.25,-20309.57,333203.68,0,430,4,8,0
2.94,1754302269,5525,501679.52,-514390.08,-12710.56,1,431,4,8,0
3.23,1754302293,6216,488144.15,-659880.65,-171736.5,1,431,4,8,0
1.6,1754302320,6587,463374.68,-149063.61,314311.07,0,432,4,8,0
3.72,1754302341,5151,397579.96,-573928.42,-176348.46,1,432,4,8,0
2.77,1754302369,6836,464402.48,-595508.95,-131106.47,1,432,4,8,0
1.78,1754302393,6377,373051.25,-140920.65,232130.6,0,433,4,8,0
4.63,1754302412,5658,504849.6,-863441.28,-358591.68,1,433,4,8,0
1.61,1754302443,7201,520375.24,-94471.3,425903.94,0,434,4,8,0
1.62,1754302461,6450,541872.71,-124524.06,417348.65,0,434,4,8,0
1.01,1754302479,6083,466477.45,-0.0,466477.45,0,434,4,8,0
1.06,1754302490,5469,503387.16,-1475.19,501911.97,0,434,4,8,0
1.17,1754302502,4902,399071.4,-9629.41,389441.99,0,435,4,8,0
1.51,1754302513,4498,270578.88,-67750.8,202828.08,0,435,4,8,0
4.69,1754302529,4728,407144.92,-537860.68,-130715.76,1,435,4,8,0
1.06,1754302561,5766,468617.66,-1475.19,467142.47,0,436,4,8,0
1.82,1754302572,4996,399343.14,-123004.35,276338.79,0,436,4,8,0
1.8,1754302589,4921,410692.96,-107775.84,302917.12,0,436,4,8,0
1.15,1754302607,4705,333760.05,-6471.61,327288.44,0,436,4,8,0
137.96,1754302624,3934,270962.5,-428103.0,-157140.5,1,437,4,8,0
1.27,1754302695,5262,352229.76,-7706.24,344523.52,0,438,4,8,0
4.7,1754302708,4649,255274.32,-394702.56,-139428.24,1,438,4,8,0
3.88,1754302739,5206,310340.48,-471687.68,-161347.2,1,438,4,8,0
2.75,1754302765,5827,396695.52,-536212.08,-139516.56,1,439,4,8,0
1.49,1754302786,5843,425556.25,-57611.53,367944.72,0,439,4,8,0
1.94,1754302802,5040,329047.02,-76530.32,252516.7,0,440,4,8,0
1.48,1754302821,5633,387187.14,-25319.31,361867.83,0,440,4,8,0
21.87,1754302838,5188,327654.36,-790358.58,-462704.22,1,440,4,8,0
3.92,1754302887,6258,309331.84,-508470.4,-199138.56,1,441,4,8,0
1.49,1754302918,6338,378247.98,-40269.9,337978.08,0,441,4,8,0
10.09,1754302933,5430,330358.24,-647655.5,-317297.26,1,442,4,8,0
1.52,1754302971,6586,385857.84,-75811.84,310046.0,0,442,4,8,0
1.65,1754302989,5870,448743.36,-71220.24,377523.12,0,443,4,8,0
1.24,1754303006,5612,400899.24,-12284.66,388614.58,0,443,4,8,0
1.0,1754303020,5502,424418.83,-0.0,424418.83,0,443,4,8,0
5.99,1754303034,5107,317827.62,-773917.32,-456089.7,1,443,4,8,0
2.05,1754303069,6314,380930.22,-205880.4,175049.82,1,444,4,8,0
1.0,1754303088,4275,223103.58,-0.0,223103.58,0,444,4,8,0
1.54,1754303097,5496,366753.1,-11778.2,354974.9,0,444,4,8,0
8.01,1754303121,5165,331379.75,-669813.3,-338433.55,1,445,4,8,0
3.4,1754303156,6268,353253.48,-579785.84,-226532.36,1,445,4,8,0
1.26,1754303182,5813,350026.65,-9394.35,340632.3,0,446,4,8,0
3.05,1754303197,5057,363810.51,-401020.83,-37210.32,1,446,4,8,0
2.43,1754303220,6267,395750.52,-298168.86,97581.66,1,447,4,8,0
1.69,1754303243,5760,382740.41,-117700.96,265039.45,0,447,4,8,0
19.82,1754303264,4945,459944.34,-822609.03,-362664.69,1,447,4,8,0
12.11,1754303310,6517,444001.24,-842938.88,-398937.64,1,448,4,8,0
1.61,1754303353,6482,372279.7,-20036.9,352242.8,0,449,4,8,0
1.81,1754303373,4920,349888.2,-62602.8,287285.4,0,449,4,8,0
1.05,1754303389,5738,433517.9,-2410.85,431107.05,0,449,4,8,0
1.8,1754303404,5374,404936.61,-85515.45,319421.16,0,450,4,8,0
3.0,1754303434,4676,368573.94,-391606.11,-23032.17,1,450,4,8,0
1.0,1754303455,6571,420814.8,-0.0,420814.8,0,450,4,8,0
1.51,1754303469,5391,419889.03,-23948.3,395940.73,0,451,4,8,0
1.25,1754303485,5194,356653.7,-12111.01,344542.69,0,451,4,8,0
1.08,1754303499,4727,301315.95,-2854.24,298461.71,0,451,4,8,0
1.06,1754303509,4367,296164.08,-1475.19,294688.89,0,451,4,8,0
1.52,1754303520,4135,313240.6,-30361.05,282879.55,0,452,4,8,0
1.16,1754303535,4175,301244.84,-8878.74,292366.1,0,452,4,8,0
79.97,1754303551,3790,226964.0,-480357.76,-253393.76,1,452,4,8,0
1.85,1754303620,5277,403555.32,-158648.49,244906.83,0,453,4,8,0
1.29,1754303642,4972,387886.8,-54531.56,333355.24,0,454,4,8,0
4.37,1754303661,4378,297850.2,-479550.96,-181700.76,1,454,4,8,0
1.08,1754303696,5353,407200.95,-2854.24,404346.71,0,454,4,8,0
2.01,1754303711,4601,244340.82,-72268.74,172072.08,1,455,4,8,0
1.56,1754303735,4840,330914.07,-36923.46,293990.61,0,455,4,8,0
4.45,1754303762,5129,426929.75,-866601.45,-439671.7,1,456,4,8,0
1.0,1754303793,4908,298845.25,-0.0,298845.25,0,456,4,8,0
3.97,1754303808,5198,385547.5,-658996.0,-273448.5,1,456,4,8,0
1.57,1754303839,4908,305560.75,-55281.6,250279.15,0,457,4,8,0
1.18,1754303860,5454,371820.3,-29832.15,341988.15,0,457,4,8,0
2.32,1754303878,4974,345051.38,-544526.87,-199475.49,1,457,4,8,0
3.97,1754303903,5025,292028.76,-495970.52,-203941.76,1,458,4,8,0
1.26,1754303937,5361,327102.08,-35295.36,291806.72,0,458,4,8,0
2.75,1754303961,4518,240889.32,-284281.14,-43391.82,1,459,4,8,0
5.81,1754303984,5389,349179.6,-750495.9,-401316.3,1,459,4,8,0
1.04,1754304019,5282,306935.34,-4660.79,302274.55,0,460,4,8,0
2.71,1754304037,5013,296695.42,-269535.08,27160.34,1,460,4,8,0
1.88,1754304066,5712,409875.12,-88682.4,321192.72,0,461,4,8,0
2.33,1754304088,5406,444353.5,-466362.08,-22008.58,1,461,4,8,0
4.16,1754304120,5084,389863.68,-687150.08,-297286.4,1,462,4,8,0
1.02,1754304153,5459,386044.84,-8863.8,377181.04,0,462,4,8,0
1.16,1754304169,5088,348647.64,-34236.18,314411.46,0,462,4,8,0
2.75,1754304184,4729,394436.07,-465216.57,-70780.5,1,463,4,8,0
1.32,1754304213,5359,459874.81,-9854.8,450020.01,0,463,4,8,0
2.09,1754304229,4609,33813.57,-19970.92,13842.65,1,463,4,8,0
4.28,1754304248,4390,29484.83,-45314.28,-15829.45,1,464,4,8,0
2.2,1754304277,4868,28205.84,-15779.83,12426.01,1,464,4,8,0
3.88,1754304302,4997,32192.11,-45145.83,-12953.72,1,465,4,8,0
2.07,1754304327,5222,30097.66,-16245.39,13852.27,1,465,4,8,0
3.19,1754304355,5211,31647.87,-39826.18,-8178.31,1,465,4,8,0
1.22,1754304378,5335,31186.64,-1119.76,30066.88,0,466,4,8,0
12.08,1754304390,4646,28701.71,-69236.32,-40534.61,1,466,4,8,0
103.74,1754304431,5478,31769.71,-132203.33,-100433.62,1,467,4,8,0
16.85,1754304503,5790,34700.03,-110821.27,-76121.24,1,468,4,8,0
1.39,1754304548,6000,33882.28,-1274.66,32607.62,0,469,4,8,0
1.84,1754304566,5072,30671.8,-7238.3,23433.5,0,469,4,8,0
15.33,1754304584,5121,33437.14,-91380.88,-57943.74,1,469,4,8,0
1.12,1754304628,6435,31529.12,-340.16,31188.96,0,470,4,8,0
1.51,1754304644,5328,35383.8,-4877.61,30506.19,0,470,4,8,0
4.46,1754304672,5438,30710.5,-50366.49,-19655.99,1,471,4,8,0
3.68,1754304700,6361,32372.67,-45741.3,-13368.63,1,471,4,8,0
1.06,1754304729,6615,36094.34,-83.12,36011.22,0,472,4,8,0
1.37,1754304741,5397,31483.47,-1688.02,29795.45,0,472,4,8,0
1.08,1754304758,5598,31658.43,-152.27,31506.16,0,472,4,8,0
5.85,1754304769,5039,34165.24,-69502.43,-35337.19,1,472,4,8,0
1.67,1754304801,6424,34055.23,-5477.39,28577.84,0,473,4,8,0
2.38,1754304821,5175,32632.53,-23798.27,8834.26,1,473,4,8,0
3.45,1754304842,5546,33651.43,-47466.61,-13815.18,1,474,4,8,0
67.5,1754304872,6206,35123.57,-119494.17,-84370.6,1,474,4,8,0
3.57,1754304934,6448,29325.08,-34095.51,-4770.43,1,475,4,8,0
1.07,1754304960,6441,32904.77,-23.25,32881.52,0,476,4,8,0
26.25,1754304975,5060,27097.31,-106047.51,-78950.2,1,476,4,8,0
2.79,1754305022,7061,35210.58,-31876.11,3334.47,1,477,4,8,0
1.58,1754305049,5601,28578.43,-3495.36,25083.07,0,477,4,8,0
7.84,1754305071,5017,28216.59,-67071.12,-38854.53,1,477,4,8,0
1.69,1754305104,7680,37248.31,-6037.24,31211.07,0,478,4,8,0
1.96,1754305129,5063,28875.37,-9612.83,19262.54,0,478,4,8,0
2.1,1754305146,7213,36972.24,-17995.55,18976.69,1,479,4,8,0
25.1,1754305171,5934,37299.88,-121149.04,-83849.16,1,479,4,8,0
1.21,1754305219,7092,33061.8,-775.15,32286.65,0,480,4,8,0
1.7,1754305237,4886,26994.46,-4739.47,22254.99,0,480,4,8,0
1.65,1754305252,6186,34884.43,-5017.39,29867.04,0,480,4,8,0
1.3,1754305270,4784,28505.28,-1164.3,27340.98,0,481,4,8,0
3.47,1754305284,6108,34949.22,-40188.25,-5239.03,1,481,4,8,0
1.38,1754305310,7493,41900.81,-1885.16,40015.65,0,481,4,8,0
2.33,1754305334,5277,33845.16,-18941.85,14903.31,1,482,4,8,0
1.62,1754305353,6770,37217.4,-7225.93,29991.47,0,482,4,8,0
27.25,1754305373,5717,42047.52,-132242.49,-90194.97,1,482,4,8,0
2.96,1754305427,7071,32795.5,-31191.88,1603.62,1,483,4,8,0
1.23,1754305448,6056,32612.4,-870.49,31741.91,0,484,4,8,0
1.14,1754305465,5177,25753.9,-545.3,25208.6,0,484,4,8,0
1.55,1754305476,5737,32649.13,-4841.1,27808.03,0,484,4,8,0
1.02,1754305494,5339,30807.14,-70.13,30737.01,0,484,4,8,0
3.05,1754305509,5855,37382.38,-38133.79,-751.41,1,485,4,8,0
2.02,1754305533,7089,36702.11,-15833.38,20868.73,1,485,4,8,0
1.48,1754305557,5505,31053.56,-3336.79,27716.77,0,485,4,8,0
1.33,1754305572,5506,32204.64,-1384.94,30819.7,0,486,4,8,0
2.37,1754305588,5715,33928.63,-23746.97,10181.66,1,486,4,8,0
1.82,1754305609,6314,33951.66,-9496.86,24454.8,0,486,4,8,0
1.69,1754305628,5789,33861.41,-9772.24,24089.17,0,487,4,8,0
1.33,1754305647,5658,39072.24,-1601.97,37470.27,0,487,4,8,0
1.0,1754305662,5058,38052.0,-0.0,38052.0,0,487,4,8,0
8.56,1754305674,4699,31452.39,-72508.96,-41056.57,1,487,4,8,0
1.77,1754305710,5740,33812.1,-12711.06,21101.04,0,488,4,8,0
1.53,1754305728,5098,30940.85,-8295.1,22645.75,0,488,4,8,0
11.88,1754305745,4784,32011.5,-78278.55,-46267.05,1,489,4,8,0
1.2,1754305784,5524,29411.22,-944.58,28466.64,0,489,4,8,0
3.26,1754305797,4684,29378.09,-37264.23,-7886.14,1,489,4,8,0
2.35,1754305822,5342,33795.74,-29276.29,4519.45,1,490,4,8,0
1.76,1754305843,5477,34096.18,-10853.46,23242.72,0,490,4,8,0
1.37,1754305862,5376,35323.65,-5718.96,29604.69,0,491,4,8,0
2.95,1754305879,5206,36623.58,-43448.48,-6824.9,1,491,4,8,0
5.34,1754305905,5634,42235.68,-81383.16,-39147.48,1,491,4,8,0
1.02,1754305935,5421,32843.17,-34.57,32808.6,0,492,4,8,0
1.69,1754305947,4861,28262.85,-6229.99,22032.86,0,492,4,8,0
2.63,1754305962,5496,36137.45,-34297.67,1839.78,1,492,4,8,0
3.31,1754305988,5681,42547.49,-58014.44,-15466.95,1,493,4,8,0
2.55,1754306014,5122,32025.81,-29016.27,3009.54,1,493,4,8,0
10.2,1754306037,5517,34657.99,-80609.39,-45951.4,1,493,4,8,0
1.68,1754306074,5796,30533.03,-5036.37,25496.66,0,494,4,8,0
1.67,1754306092,5355,34578.29,-12050.19,22528.1,0,494,4,8,0
8.68,1754306109,5431,35275.05,-81532.94,-46257.89,1,495,4,8,0
1.48,1754306148,6297,35212.97,-3504.89,31708.08,0,495,4,8,0
1.0,1754306165,5444,32246.46,-0.0,32246.46,0,496,4,8,0
1.39,1754306177,5593,39279.5,-2450.89,36828.61,0,496,4,8,0
2.25,1754306197,5251,40409.68,-29518.04,10891.64,1,496,4,8,0
1.31,1754306215,5456,38344.99,-2512.33,35832.66,0,496,4,8,0
19.65,1754306234,4625,37149.02,-102767.28,-65618.26,1,497,4,8,0
22.15,1754306279,5353,33532.22,-103723.81,-70191.59,1,497,4,8,0
1.09,1754306329,6000,38984.31,-148.74,38835.57,0,498,4,8,0
1.46,1754306345,5060,36342.89,-4181.52,32161.37,0,499,4,8,0
4.64,1754306364,5310,41871.87,-67401.15,-25529.28,1,499,4,8,0
1.82,1754306391,6170,33557.73,-12079.09,21478.64,0,499,4,8,0
1.23,1754306408,5458,40001.73,-1373.32,38628.41,0,500,4,8,0
4.72,1754306423,5798,38436.96,-66836.52,-28399.56,1,500,4,8,0
54.41,1754306454,5986,34528.45,-124866.33,-90337.88,1,500,4,8,0
1.82,1754306515,6323,27887.49,-8099.14,19788.35,0,501,4,8,0
1.54,1754306534,4689,27756.09,-5624.28,22131.81,0,502,4,8,0
1.48,1754306547,5892,39182.87,-4222.06,34960.81,0,502,4,8,0
1.29,1754306568,5377,34829.07,-665.58,34163.49,0,502,4,8,0
2.97,1754306580,5424,33528.95,-31529.77,1999.18,1,503,4,8,0
1.03,1754306606,6759,37527.01,-13.07,37513.94,0,503,4,8,0
4.61,1754306620,5689,40161.34,-64898.76,-24737.42,1,503,4,8,0
6.02,1754306647,6099,28734.59,-56180.8,-27446.21,1,504,4,8,0
4.78,1754306679,6818,35470.5,-61668.65,-26198.15,1,504,4,8,0
1.88,1754306713,6899,32468.53,-9031.09,23437.44,0,505,4,8,0
1.0,1754306729,6313,28008.56,-0.0,28008.56,0,505,4,8,0
1.61,1754306743,5337,38021.89,-7324.34,30697.55,0,505,4,8,0
2.49,1754306759,6031,34287.53,-29001.49,5286.04,1,505,4,8,0
1.48,1754306783,6460,37173.4,-3968.23,33205.17,0,506,4,8,0
2.41,1754306804,5163,36259.0,-30303.36,5955.64,1,506,4,8,0
1.17,1754306820,5954,41496.75,-513.43,40983.32,0,507,4,8,0
2.51,1754306835,5872,46968.09,-45845.42,1122.67,1,507,4,8,0
1.03,1754306858,5384,37202.6,-6.27,37196.33,0,507,4,8,0
12.94,1754306871,5537,40556.04,-111689.51,-71133.47,1,507,4,8,0
1.14,1754306911,5822,36318.99,-429.84,35889.15,0,508,4,8,0
1.15,1754306924,5565,44693.08,-1171.46,43521.62,0,508,4,8,0
7.16,1754306936,5170,35273.91,-76170.8,-40896.89,1,508,4,8,0
1.12,1754306972,5967,37174.75,-392.43,36782.32,0,509,4,8,0
1.2,1754306984,4976,36716.41,-997.01,35719.4,0,509,4,8,0
3.69,1754306996,5598,40333.21,-55594.07,-15260.86,1,509,4,8,0
1.52,1754307024,5437,30925.8,-4312.38,26613.42,0,510,4,8,0
8.77,1754307041,4841,36366.04,-74647.98,-38281.94,1,510,4,8,0
2.85,1754307075,5649,34113.59,-29825.19,4288.4,1,511,4,8,0
1.67,1754307098,5959,41886.99,-11634.95,30252.04,0,511,4,8,0
1.9,1754307117,5206,32410.92,-10315.41,22095.51,0,511,4,8,0
1.4,1754307134,5907,44087.36,-3850.62,40236.74,0,512,4,8,0
27.45,1754307148,4949,42412.75,-128741.98,-86329.23,1,512,4,8,0
4.67,1754307199,6065,28947.49,-44877.32,-15929.83,1,513,4,8,0
4.48,1754307231,6092,28429.36,-46387.84,-17958.48,1,513,4,8,0
1.17,1754307258,6310,35387.45,-1374.12,34013.33,0,514,4,8,0
1.18,1754307270,5160,29634.48,-954.77,28679.71,0,514,4,8,0
2.73,1754307283,5088,32645.59,-26892.12,5753.47,1,514,4,8,0
1.95,1754307306,6300,33071.88,-12071.86,21000.02,0,515,4,8,0
1.61,1754307328,5693,35758.02,-7118.57,28639.45,0,515,4,8,0
1.16,1754307345,5850,41638.45,-528.15,41110.3,0,515,4,8,0
9.03,1754307356,4886,38138.31,-82733.17,-44594.86,1,515,4,8,0
15.06,1754307395,6014,30457.73,-90965.92,-60508.19,1,516,4,8,0
5.54,1754307438,6201,35839.08,-66139.71,-30300.63,1,517,4,8,0
1.34,1754307472,6132,426843.52,-72629.76,354213.76,0,517,4,8,0
1.46,1754307489,5149,351231.93,-86018.31,265213.62,0,518,4,8,0
4.43,1754307503,4918,347051.25,-589928.22,-242876.97,1,518,4,8,0
40.89,1754307534,6533,492935.8,-750070.3,-257134.5,1,518,4,8,0
1.7,1754307591,6768,533924.26,-151928.64,381995.62,0,519,4,8,0
2.01,1754307609,4502,318049.74,-144171.9,173877.84,1,520,4,8,0
35.19,1754307625,6640,474526.37,-665282.78,-190756.41,1,520,4,8,0
1.05,1754307681,6791,453980.1,-11631.2,442348.9,0,521,4,8,0
1.11,1754307698,4701,302175.0,-3091.16,299083.84,0,521,4,8,0
1.02,1754307706,5054,415665.64,-2162.8,413502.84,0,521,4,8,0
1.0,1754307721,5032,314359.04,-0.0,314359.04,0,522,4,8,0
1.14,1754307732,5849,409668.75,-10260.0,399408.75,0,522,4,8,0
1.06,1754307747,5239,385146.96,-1475.19,383671.77,0,522,4,8,0
1.83,1754307757,3119,163811.2,-39682.3,124128.9,0,522,4,8,0
1.75,1754307776,5037,388475.88,-193128.14,195347.74,0,522,4,8,0
3.9,1754307798,5707,415041.15,-604851.13,-189809.98,1,523,4,8,0
1.0,1754307827,7011,487583.04,-0.0,487583.04,0,523,4,8,0
3.76,1754307840,6033,382796.05,-486441.8,-103645.75,1,524,4,8,0
21.1,1754307870,6326,363137.94,-663025.44,-299887.5,1,524,4,8,0
1.23,1754307915,7051,504783.32,-12667.69,492115.63,0,525,4,8,0
1.67,1754307933,4955,337060.2,-81980.4,255079.8,0,525,4,8,0
7.29,1754307946,5500,397637.48,-849018.08,-451380.6,1,525,4,8,0
1.79,1754307986,7637,460818.72,-227771.19,233047.53,0,526,4,8,0
1.32,1754308008,5247,298024.7,-34641.26,263383.44,0,526,4,8,0
2.55,1754308019,5889,492987.0,-473254.5,19732.5,1,526,4,8,0
33.92,1754308043,6747,348498.0,-794501.28,-446003.28,1,527,4,8,0
4.57,1754308097,7084,345735.92,-553374.0,-207638.08,1,528,4,8,0
4.67,1754308127,6930,340853.25,-645676.13,-304822.88,1,528,4,8,0
19.09,1754308160,7558,442977.49,-890524.34,-447546.85,1,529,4,8,0
1.57,1754308209,7006,405946.76,-60659.56,345287.2,0,530,4,8,0
1.06,1754308227,4398,239649.2,-1475.19,238174.01,0,530,4,8,0
11.19,1754308233,5811,396461.87,-1051161.39,-654699.52,1,530,4,8,0
2.45,1754308275,7452,542225.6,-439383.2,102842.4,1,531,4,8,0
1.23,1754308302,5288,310465.89,-4698.29,305767.6,0,531,4,8,0
11.94,1754308314,5490,362783.36,-690893.44,-328110.08,1,531,4,8,0
5.06,1754308352,7630,535232.88,-946537.8,-411304.92,1,532,4,8,0
2.78,1754308387,7573,472354.44,-567995.88,-95641.44,1,533,4,8,0
5.21,1754308408,5560,370741.8,-644486.04,-273744.24,1,533,4,8,0
1.24,1754308445,7118,467565.84,-40464.72,427101.12,0,534,4,8,0
1.12,1754308460,4782,263940.32,-7768.32,256172.0,0,534,4,8,0
1.62,1754308471,5064,319805.96,-23871.99,295933.97,0,534,4,8,0
3.48,1754308485,5196,310635.18,-482394.1,-171758.92,1,534,4,8,0
1.24,1754308510,7870,556263.51,-12284.66,543978.85,0,535,4,8,0
1.92,1754308534,5547,355954.84,-54501.32,301453.52,0,535,4,8,0
1.03,1754308548,5527,407739.51,-1289.69,406449.82,0,535,4,8,0
4.93,1754308562,6327,445395.92,-815571.6,-370175.68,1,536,4,8,0
7.21,1754308594,7515,535471.68,-870002.4,-334530.72,1,536,4,8,0
1.01,1754308632,8239,564858.15,-0.0,564858.15,0,537,4,8,0
3.18,1754308643,6067,389316.69,-423456.39,-34139.7,1,537,4,8,0
5.16,1754308671,5496,343102.31,-651160.27,-308057.96,1,537,4,8,0
2.36,1754308704,7395,455028.71,-326764.06,128264.65,1,538,4,8,0
1.47,1754308722,4751,299193.0,-32093.14,267099.86,0,538,4,8,0
1.2,1754308737,5529,390591.3,-5677.64,384913.66,0,538,4,8,0
1.42,1754308756,5232,395664.57,-69924.33,325740.24,0,539,4,8,0
1.24,1754308769,5838,416271.6,-12284.66,403986.94,0,539,4,8,0
1.65,1754308786,5904,438663.0,-88821.0,349842.0,0,539,4,8,0
1.4,1754308806,5376,485239.74,-37123.38,448116.36,0,540,4,8,0
5.3,1754308819,3718,237756.2,-550856.24,-313100.04,1,540,4,8,0
2.04,1754308855,7666,613660.05,-608237.1,5422.95,1,540,4,8,0
1.23,1754308882,4907,403823.36,-4698.29,399125.07,0,541,4,8,0
1.64,1754308890,5696,455349.18,-69614.99,385734.19,0,541,4,8,0
4.22,1754308907,5296,457227.92,-582253.4,-125025.48,1,541,4,8,0
5.19,1754308936,7041,608986.07,-848236.62,-239250.55,1,542,4,8,0
1.39,1754308971,6653,501634.14,-115418.37,386215.77,0,542,4,8,0
1.27,1754308989,5369,404350.32,-54679.02,349671.3,0,543,4,8,0
1.03,1754309000,5874,569499.15,-25744.52,543754.63,0,543,4,8,0
1.0,1754309015,5463,560239.5,-0.0,560239.5,0,543,4,8,0
1.09,1754309027,4932,432293.0,-6452.63,425840.37,0,543,4,8,0
4.12,1754309038,4484,349483.53,-564317.1,-214833.57,1,543,4,8,0
1.0,1754309066,5848,438975.46,-0.0,438975.46,0,544,4,8,0
1.23,1754309079,4862,349192.32,-4698.29,344494.03,0,544,4,8,0
2.68,1754309091,4273,322091.28,-310523.36,11567.92,1,544,4,8,0
1.02,1754309113,4787,364611.46,-2162.8,362448.66,0,545,4,8,0
1.35,1754309125,3936,304902.52,-13781.56,291120.96,0,545,4,8,0
1.38,1754309138,4121,344326.4,-43197.55,301128.85,0,545,4,8,0
2.09,1754309153,3639,299149.44,-143709.6,155439.84,1,545,4,8,0
3.07,1754309171,3820,304722.5,-394113.5,-89391.0,1,546,4,8,0
5.52,1754309198,4206,328732.32,-620146.8,-291414.48,1,546,4,8,0
2.18,1754309228,4575,358620.88,-274745.89,83874.99,1,547,4,8,0
2.17,1754309247,4577,348745.2,-299941.8,48803.4,1,547,4,8,0
3.9,1754309267,4583,360083.49,-577270.75,-217187.26,1,547,4,8,0
1.28,1754309296,4973,397168.64,-26257.92,370910.72,0,548,4,8,0
1.47,1754309308,4202,267086.16,-54390.96,212695.2,0,548,4,8,0
1.22,1754309323,4154,281143.8,-30939.81,250203.99,0,548,4,8,0
6.02,1754309336,3759,247356.41,-470996.82,-223640.41,1,548,4,8,0
1.81,1754309368,5103,480275.84,-151267.36,329008.48,0,549,4,8,0
3.38,1754309387,4528,382023.6,-523353.6,-141330.0,1,549,4,8,0
1.29,1754309413,4533,343398.29,-60213.63,283184.66,0,550,4,8,0
11.25,1754309424,4762,464928.42,-781558.8,-316630.38,1,550,4,8,0
3.5,1754309465,4777,264639.35,-361669.0,-97029.65,1,551,4,8,0
1.08,1754309489,5219,415877.12,-9355.44,406521.68,0,551,4,8,0
11.74,1754309505,4849,457160.6,-645724.3,-188563.7,1,551,4,8,0
2.52,1754309542,5588,396388.08,-283402.08,112986.0,1,552,4,8,0
37.7,1754309565,5019,332374.77,-509900.58,-177525.81,1,552,4,8,0
1.02,1754309618,5989,429646.24,-2162.8,427483.44,0,553,4,8,0
2.1,1754309632,4766,433444.41,-309055.32,124389.09,1,553,4,8,0
4.85,1754309650,6059,525580.16,-667426.8,-141846.64,1,554,4,8,0
1.55,1754309682,6458,545857.92,-118328.4,427529.52,0,554,4,8,0
2.39,1754309701,5482,556698.0,-579009.72,-22311.72,1,555,4,8,0
1.72,1754309722,6393,558082.81,-256724.94,301357.87,0,555,4,8,0
1.39,1754309741,6255,576079.92,-23304.96,552774.96,0,555,4,8,0
1.53,1754309756,5569,598805.52,-143339.8,455465.72,0,555,4,8,0
1.58,1754309770,5238,570069.65,-199511.42,370558.23,0,556,4,8,0
1.0,1754309787,4934,472238.78,-0.0,472238.78,0,556,4,8,0
1.34,1754309797,4600,436262.4,-15887.26,420375.14,0,556,4,8,0
4.59,1754309811,4262,446101.95,-670190.04,-224088.09,1,556,4,8,0
5.06,1754309841,5370,485995.71,-855240.44,-369244.73,1,557,4,8,0
1.66,1754309869,5706,537684.8,-279238.44,258446.36,0,557,4,8,0
1.71,1754309887,5091,433160.64,-223033.14,210127.5,0,558,4,8,0
1.37,1754309907,5128,477455.2,-38648.48,438806.72,0,558,4,8,0
1.86,1754309922,4579,411240.6,-165205.2,246035.4,0,558,4,8,0
1.19,1754309940,4618,427977.32,-11121.77,416855.55,0,559,4,8,0
2.05,1754309954,4074,356046.32,-118628.16,237418.16,1,559,4,8,0
140.22,1754309976,4768,476514.05,-628029.86,-151515.81,1,559,4,8,0
2.06,1754310045,5460,390341.67,-156189.35,234152.32,1,560,4,8,0
1.19,1754310070,5365,364725.9,-9530.5,355195.4,0,561,4,8,0
2.13,1754310084,4430,275114.56,-170988.72,104125.84,1,561,4,8,0
1.93,1754310100,5108,363057.59,-141715.72,221341.87,0,561,4,8,0
1.26,1754310123,5227,413146.3,-54728.1,358418.2,0,562,4,8,0
1.72,1754310138,4535,320892.74,-121033.78,199858.96,0,562,4,8,0
3.41,1754310154,4492,340713.0,-379755.0,-39042.0,1,562,4,8,0
1.5,1754310180,5277,390441.04,-118379.16,272061.88,0,563,4,8,0
1.0,1754310195,4657,336670.52,-0.0,336670.52,0,563,4,8,0
2.41,1754310206,4154,309124.08,-286192.98,22931.1,1,563,4,8,0
1.0,1754310227,4448,366189.04,-0.0,366189.04,0,563,4,8,0
5.78,1754310237,3908,332255.82,-573865.26,-241609.44,1,563,4,8,0
2.05,1754310269,4452,291893.8,-172027.9,119865.9,1,564,4,8,0
2.41,1754310290,4594,367304.14,-458406.48,-91102.34,1,564,4,8,0
2.18,1754310311,4687,382672.2,-367677.0,14995.2,1,565,4,8,0
1.15,1754310332,4714,357428.4,-20538.0,336890.4,0,565,4,8,0
30.37,1754310344,4093,292705.75,-357685.34,-64979.59,1,565,4,8,0
3.36,1754310396,4995,389635.35,-466635.0,-76999.65,1,566,4,8,0
1.02,1754310422,5077,450575.67,-2162.8,448412.87,0,567,4,8,0
4.21,1754310437,4626,426459.54,-395046.98,31412.56,1,567,4,8,0
1.24,1754310465,5367,548650.37,-45846.83,502803.54,0,567,4,8,0
1.89,1754310481,5218,542479.05,-169913.65,372565.4,0,568,4,8,0
1.29,1754310498,4971,511133.04,-35434.74,475698.3,0,568,4,8,0
1.95,1754310511,4555,468383.4,-162135.0,306248.4,0,568,4,8,0
4.64,1754310530,4587,423058.8,-582850.2,-159791.4,1,568,4,8,0
1.41,1754310561,5093,446922.96,-86153.1,360769.86,0,569,4,8,0
2.67,1754310573,4558,427560.0,-511619.4,-84059.4,1,569,4,8,0
1.52,1754310599,4599,330641.4,-100564.8,230076.6,0,569,4,8,0
1.29,1754310612,4789,508910.35,-15152.8,493757.55,0,570,4,8,0
18.1,1754310626,4163,344259.85,-569384.2,-225124.35,1,570,4,8,0
2.29,1754310674,4959,453033.1,-430487.2,22545.9,1,571,4,8,0
2.37,1754310696,4826,382928.12,-392026.62,-9098.5,1,571,4,8,0
1.57,1754310717,5101,455842.29,-201896.76,253945.53,0,571,4,8,0
1.3,1754310717,4682,365353.38,-8935.34,356418.04,0,571,4,8,0
7.35,1754310805,4741,425618.82,-655987.86,-230369.04,1,573,4,8,0
1.49,1754310840,4914,404717.95,-60641.75,344076.2,0,574,4,8,0
4.28,1754310856,4477,343753.47,-527021.63,-183268.16,1,574,4,8,0
10.68,1754310884,4926,402462.45,-715583.05,-313120.6,1,574,4,8,0
1.63,1754310923,5431,463581.72,-173701.5,289880.22,0,575,4,8,0
2.98,1754310943,5224,460874.4,-566020.0,-105145.6,1,575,4,8,0
17.45,1754310967,5584,542372.25,-872187.75,-329815.5,1,576,4,8,0
1.31,1754311013,5405,457501.05,-79540.44,377960.61,0,576,4,8,0
1.17,1754311027,5524,487662.0,-10596.0,477066.0,0,577,4,8,0
4.96,1754311040,5269,465148.6,-705506.2,-240357.6,1,577,4,8,0
2.85,1754311075,6186,527776.2,-671664.7,-143888.5,1,577,4,8,0
1.0,1754311096,5727,489611.0,-0.0,489611.0,0,578,4,8,0
1.64,1754311108,5013,427532.3,-156726.7,270805.6,0,578,4,8,0
2.19,1754311125,5897,611997.12,-462306.69,149690.43,1,578,4,8,0
9.53,1754311146,5988,644496.72,-913378.2,-268881.48,1,579,4,8,0
5.29,1754311184,5689,497745.36,-710760.96,-213015.6,1,579,4,8,0
1.09,1754311217,6141,438369.61,-6452.63,431916.98,0,580,4,8,0
1.03,1754311227,5160,365659.14,-1289.69,364369.45,0,580,4,8,0
25.6,1754311239,5305,457524.71,-764141.76,-306617.05,1,580,4,8,0
2.64,1754311288,6410,516209.76,-621851.37,-105641.61,1,581,4,8,0
1.62,1754311311,5931,571624.25,-148773.59,422850.66,0,581,4,8,0
7.81,1754311327,5431,485554.8,-769941.04,-284386.24,1,582,4,8,0
2.38,1754311367,6558,580500.0,-497937.6,82562.4,1,582,4,8,0
3.87,1754311386,6001,475818.85,-649552.15,-173733.3,1,583,4,8,0
2.06,1754311416,6541,549579.6,-220237.2,329342.4,1,583,4,8,0
1.37,1754311437,4967,374447.43,-49694.4,324753.03,0,583,4,8,0
3.37,1754311449,6008,535606.5,-675129.18,-139522.68,1,584,4,8,0
1.59,1754311475,6839,683364.99,-143638.88,539726.11,0,584,4,8,0
1.17,1754311496,5574,644854.98,-9629.41,635225.57,0,584,4,8,0
1.59,1754311507,5764,597943.32,-169377.78,428565.54,0,585,4,8,0
3.49,1754311526,5671,609820.75,-625597.28,-15776.53,1,585,4,8,0
1.51,1754311553,6226,599061.4,-86102.8,512958.6,0,585,4,8,0
1.42,1754311570,5529,595527.58,-68216.16,527311.42,0,586,4,8,0
2.49,1754311585,5041,535840.54,-474260.84,61579.7,1,586,4,8,0
2.27,1754311609,5220,590458.01,-500312.86,90145.15,1,586,4,8,0
3.22,1754311634,5423,635201.94,-799870.44,-164668.5,1,587,4,8,0
1.09,1754311684,5593,473825.04,-10444.68,463380.36,0,588,4,8,0
6.31,1754311697,4704,377996.02,-587383.66,-209387.64,1,588,4,8,0
2.34,1754311730,5836,538370.82,-603436.86,-65066.04,1,588,4,8,0
1.01,1754311759,4803,405897.26,-0.0,405897.26,0,589,4,8,0
2.35,1754311768,5171,493431.4,-445691.4,47740.0,1,589,4,8,0
1.9,1754311790,5545,372490.03,-193152.3,179337.73,0,589,4,8,0
1.0,1754311812,5382,546669.0,-0.0,546669.0,0,590,4,8,0
8.67,1754311824,4512,365627.02,-574240.9,-208613.88,1,590,4,8,0
2.53,1754311864,5387,510834.58,-539034.5,-28199.92,1,591,4,8,0
1.77,1754311887,5063,444734.96,-184014.8,260720.16,0,591,4,8,0
1.32,1754311908,4908,422760.36,-26233.68,396526.68,0,591,4,8,0
1.36,1754311923,4963,518498.4,-18158.7,500339.7,0,592,4,8,0
4.62,1754311938,4648,420666.24,-781845.76,-361179.52,1,592,4,8,0
7.9,1754311967,5230,536504.4,-902176.56,-365672.16,1,592,4,8,0
2.97,1754312003,5336,505923.28,-570340.87,-64417.59,1,593,4,8,0
1.47,1754312030,5273,525646.1,-15227.8,510418.3,0,593,4,8,0
2.47,1754312046,4680,476205.0,-478650.6,-2445.6,1,594,4,8,0
1.86,1754312069,5356,556289.28,-230642.64,325646.64,0,594,4,8,0
1.21,1754312086,5368,616215.76,-8500.53,607715.23,0,594,4,8,0
3.5,1754312100,4555,449113.74,-722026.58,-272912.84,1,595,4,8,0
3.96,1754312126,5161,579800.16,-666611.28,-86811.12,1,595,4,8,0
1.72,1754312154,5109,475904.8,-148759.1,327145.7,0,595,4,8,0
6.84,1754312173,4662,445433.6,-626190.08,-180756.48,1,596,4,8,0
4.31,1754312206,5502,610249.6,-658736.08,-48486.48,1,596,4,8,0
2.02,1754312237,5144,478228.65,-292161.87,186066.78,1,597,4,8,0
1.34,1754312257,5146,514416.7,-24687.6,489729.1,0,597,4,8,0
5.25,1754312269,4958,463837.32,-878410.71,-414573.39,1,597,4,8,0
1.25,1754312301,5721,661982.72,-36020.96,625961.76,0,598,4,8,0
1.24,1754312315,5303,600730.9,-69621.86,531109.04,0,598,4,8,0
4.56,1754312327,4803,527219.34,-794713.71,-267494.37,1,598,4,8,0
2.27,1754312358,5438,562623.78,-494731.97,67891.81,1,599,4,8,0
4.97,1754312383,4860,399973.12,-646375.04,-246401.92,1,599,4,8,0
2.93,1754312414,5341,502029.75,-443673.75,58356.0,1,600,4,8,0
1.7,1754312440,5333,504841.32,-211547.5,293293.82,0,600,4,8,0
2.85,1754312458,4936,459017.68,-438806.04,20211.64,1,600,4,8,0
1.92,1754312480,5548,599449.5,-170598.48,428851.02,0,601,4,8,0
5.36,1754312501,5411,578241.6,-865556.8,-287315.2,1,601,4,8,0
3.43,1754312533,5298,518042.0,-671983.9,-153941.9,1,602,4,8,0
1.94,1754312559,5761,585191.2,-389606.4,195584.8,0,602,4,8,0
4.97,1754312577,5645,528388.8,-819649.6,-291260.8,1,602,4,8,0
61.22,1754312608,6110,534644.2,-755353.38,-220709.18,1,603,4,8,0
2.83,1754312666,5996,448709.73,-444132.47,4577.26,1,604,4,8,0
1.03,1754312691,5933,445093.6,-1289.69,443803.91,0,604,4,8,0
3.42,1754312705,5167,402837.4,-629613.6,-226776.2,1,605,4,8,0
7.85,1754312731,6413,508334.04,-785130.33,-276796.29,1,605,4,8,0
1.99,1754312764,6650,526362.74,-210660.98,315701.76,0,606,4,8,0
1.37,1754312786,5241,413434.2,-37802.34,375631.86,0,606,4,8,0
2.32,1754312800,6053,508820.49,-486752.22,22068.27,1,606,4,8,0
3.31,1754312826,5956,632702.98,-831133.96,-198430.98,1,607,4,8,0
86.62,1754312852,6341,478907.1,-717066.0,-238158.9,1,607,4,8,0
2.15,1754312915,6591,664452.66,-377027.78,287424.88,1,608,4,8,0
3.73,1754312935,5294,567083.39,-794586.56,-227503.17,1,608,4,8,0
9.37,1754312965,6880,672310.54,-901251.75,-228941.21,1,609,4,8,0
1.83,1754313004,7117,679908.8,-311912.0,367996.8,0,610,4,8,0
12.39,1754313026,5055,406022.1,-670443.18,-264421.08,1,610,4,8,0
3.68,1754313065,7477,713980.6,-898641.52,-184660.92,1,611,4,8,0
1.13,1754313095,7484,676905.14,-4397.52,672507.62,0,611,4,8,0
11.25,1754313114,5801,508669.15,-948391.05,-439721.9,1,611,4,8,0
1.46,1754313154,7898,742109.4,-110686.5,631422.9,0,612,4,8,0
6.26,1754313180,6356,494683.77,-641614.52,-146930.75,1,613,4,8,0
10.46,1754313214,7472,603357.66,-671204.07,-67846.41,1,613,4,8,0
1.14,1754313251,7504,603526.2,-82437.26,521088.94,0,614,4,8,0
1.06,1754313270,4881,361339.02,-1475.19,359863.83,0,614,4,8,0
1.42,1754313280,5895,479606.05,-60104.66,419501.39,0,614,4,8,0
3.14,1754313296,5576,462548.8,-531125.7,-68576.9,1,614,4,8,0
1.8,1754313321,7992,778351.21,-309513.75,468837.46,0,615,4,8,0
4.0,1754313345,5550,473817.6,-727773.12,-253955.52,1,615,4,8,0
2.59,1754313375,7611,638487.46,-694858.57,-56371.11,1,616,4,8,0
1.21,1754313396,6268,541064.19,-15952.8,525111.39,0,616,4,8,0
1.82,1754313414,6119,552891.48,-200051.7,352839.78,0,616,4,8,0
1.0,1754313429,6320,553497.84,-0.0,553497.84,0,617,4,8,0
16.6,1754313444,6093,522663.66,-898658.36,-375994.7,1,617,4,8,0
36.33,1754313492,7582,661650.36,-1098783.0,-437132.64,1,618,4,8,0
1.21,1754313547,7736,619221.5,-19883.2,599338.3,0,619,4,8,0
3.9,1754313565,4620,296036.91,-515818.65,-219781.74,1,619,4,8,0
1.62,1754313593,7766,707006.37,-185824.17,521182.2,0,619,4,8,0
2.42,1754313613,5278,441709.02,-435251.31,6457.71,1,620,4,8,0
2.5,1754313630,7192,469072.76,-653111.32,-184038.56,1,620,4,8,0
21.22,1754313652,6229,354176.64,-835658.8,-481482.16,1,620,4,8,0
1.89,1754313700,7901,652002.98,-167702.58,484300.4,0,621,4,8,0
1.81,1754313723,4500,304461.14,-55462.5,248998.64,0,622,4,8,0
1.18,1754313740,7654,616727.7,-6034.28,610693.42,0,622,4,8,0
2.25,1754313761,6871,536255.72,-444423.98,91831.74,1,622,4,8,0
4.63,1754313781,6630,511404.42,-843433.24,-332028.82,1,623,4,8,0
1.43,1754313817,7764,621202.1,-40056.25,581145.85,0,623,4,8,0
1.24,1754313836,4749,307629.68,-38364.68,269265.0,0,623,4,8,0
1.18,1754313844,5628,366195.28,-6034.28,360161.0,0,624,4,8,0
3.03,1754313861,5401,435785.0,-500803.8,-65018.8,1,624,4,8,0
1.4,1754313884,6787,541788.8,-38123.88,503664.92,0,624,4,8,0
8.92,1754313906,5797,532550.46,-1080778.14,-548227.68,1,625,4,8,0
12.72,1754313944,7387,587791.58,-849831.6,-262040.02,1,625,4,8,0
7.88,1754313985,7489,578295.45,-932217.66,-353922.21,1,626,4,8,0
6.26,1754314029,7913,604297.3,-879024.95,-274727.65,1,627,4,8,0
5.66,1754314064,8096,620881.59,-1041644.04,-420762.45,1,627,4,8,0
127.17,1754314106,6345,455269.52,-645578.4,-190308.88,1,628,4,8,0
2.59,1754314169,6785,462965.44,-378687.02,84278.42,1,629,4,8,0
3.17,1754314202,4877,373325.19,-593363.43,-220038.24,1,630,4,8,0
2.4,1754314226,7450,560523.24,-522426.51,38096.73,1,630,4,8,0
10.82,1754314246,4994,321560.89,-709690.47,-388129.58,1,630,4,8,0
2.18,1754314290,6940,461458.55,-332833.28,128625.27,1,631,4,8,0
1.49,1754314310,5065,336427.65,-53365.65,283062.0,0,631,4,8,0
2.86,1754314326,5909,416457.94,-450297.4,-33839.46,1,632,4,8,0
1.87,1754314350,6696,575774.25,-280047.0,295727.25,0,632,4,8,0
1.3,1754314373,6163,495119.56,-15533.92,479585.64,0,632,4,8,0
1.74,1754314389,5928,612117.28,-169009.44,443107.84,0,633,4,8,0
1.29,1754314406,4880,356311.98,-13626.14,342685.84,0,633,4,8,0
8.27,1754314420,5862,459207.36,-864691.2,-405483.84,1,633,4,8,0
1.1,1754314459,6999,577938.96,-4153.82,573785.14,0,634,4,8,0
1.0,1754314475,5188,419564.4,-0.0,419564.4,0,634,4,8,0
2.09,1754314493,5310,446341.14,-337126.23,109214.91,1,634,4,8,0
1.19,1754314515,6292,490170.88,-11121.77,479049.11,0,635,4,8,0
2.27,1754314532,5730,497009.1,-351840.3,145168.8,1,635,4,8,0
1.13,1754314551,6435,508340.39,-49113.01,459227.38,0,635,4,8,0
2.49,1754314571,5959,632136.0,-919616.0,-287480.0,1,636,4,8,0
3.58,1754314598,5770,450780.4,-552644.4,-101864.0,1,636,4,8,0
1.06,1754314641,6663,458000.2,-42347.9,415652.3,0,637,4,8,0
3.02,1754314671,4425,391612.1,-424062.65,-32450.55,1,637,4,8,0
2.13,1754314709,5792,552743.28,-441093.6,111649.68,1,638,4,8,0
1.46,1754314749,5641,435923.52,-55060.28,380863.24,0,639,4,8,0
5.38,1754314779,5605,484110.72,-812595.6,-328484.88,1,639,4,8,0
6.49,1754314811,6405,562478.32,-849385.28,-286906.96,1,640,4,8,0
1.0,1754314845,6328,466035.7,-0.0,466035.7,0,640,4,8,0
2.01,1754314857,5899,628080.53,-426044.85,202035.68,1,640,4,8,0
1.59,1754314878,5942,581060.01,-170677.92,410382.09,0,641,4,8,0
1.16,1754314893,6129,567966.6,-14935.52,553031.08,0,641,4,8,0
1.03,1754314909,4959,636026.44,-1289.69,634736.75,0,641,4,8,0
1.39,1754314920,4841,508021.29,-57989.61,450031.68,0,642,4,8,0
1.2,1754314935,4646,430614.86,-5677.64,424937.22,0,642,4,8,0
3.2,1754314950,4196,352279.26,-383733.72,-31454.46,1,642,4,8,0
2.87,1754314976,5288,508982.67,-499311.76,9670.91,1,642,4,8,0
1.0,1754315002,5552,421623.88,-0.0,421623.88,0,643,4,8,0
1.07,1754315012,4768,346748.22,-3804.36,342943.86,0,643,4,8,0
2.06,1754315023,4177,278045.9,-207718.5,70327.4,1,643,4,8,0
1.0,1754315042,4815,483535.14,-0.0,483535.14,0,644,4,8,0
1.93,1754315054,3959,359905.68,-110229.12,249676.56,0,644,4,8,0
1.58,1754315072,4225,342695.32,-118520.1,224175.22,0,644,4,8,0
143.08,1754315087,3782,319555.08,-406207.88,-86652.8,1,644,4,8,0
3.8,1754315159,5040,466296.55,-450207.84,16088.71,1,645,4,8,0
2.56,1754315186,5081,552987.39,-547583.31,5404.08,1,646,4,8,0
1.19,1754315210,5113,472383.08,-9520.0,462863.08,0,646,4,8,0
1.64,1754315220,4484,372761.41,-125364.38,247397.03,0,647,4,8,0
1.79,1754315237,4575,360552.94,-150838.56,209714.38,0,647,4,8,0
1.34,1754315255,4963,516069.63,-63265.41,452804.22,0,647,4,8,0
2.06,1754315269,4517,373134.6,-303514.18,69620.42,1,647,4,8,0
1.01,1754315288,4999,534268.52,-0.0,534268.52,0,648,4,8,0
1.07,1754315299,4158,435252.16,-3804.36,431447.8,0,648,4,8,0
1.03,1754315309,3622,304959.97,-1289.69,303670.28,0,648,4,8,0
1.9,1754315320,3241,239178.24,-124003.74,115174.5,0,648,4,8,0
2.4,1754315339,3697,257117.5,-344512.0,-87394.5,1,648,4,8,0
1.74,1754315360,4011,268165.69,-134079.93,134085.76,0,649,4,8,0
1.49,1754315377,3756,236787.11,-52265.36,184521.75,0,649,4,8,0
2.87,1754315394,3475,262084.24,-394673.84,-132589.6,1,649,4,8,0
1.43,1754315418,4040,249067.0,-60619.52,188447.48,0,650,4,8,0
20.0,1754315433,3578,246879.9,-474460.2,-227580.3,1,650,4,8,0
3.12,1754315478,4447,392016.93,-600402.09,-208385.16,1,651,4,8,0
1.3,1754315503,4597,334230.0,-21035.4,313194.6,0,651,4,8,0
1.51,1754315517,4234,296287.6,-41886.88,254400.72,0,651,4,8,0
1.58,1754315533,4105,290804.04,-111797.82,179006.22,0,652,4,8,0
1.39,1754315549,4013,313822.08,-88175.36,225646.72,0,652,4,8,0
1.94,1754315564,3751,243407.52,-99969.12,143438.4,0,652,4,8,0
1.58,1754315586,3712,281433.95,-90279.56,191154.39,0,653,4,8,0
7.69,1754315611,3392,234153.2,-439468.4,-205315.2,1,653,4,8,0
1.2,1754315646,3815,256469.4,-24247.8,232221.6,0,654,4,8,0
7.05,1754315669,3690,253033.0,-447788.0,-194755.0,1,654,4,8,0
2.91,1754315704,4072,199882.56,-187446.72,12435.84,1,655,4,8,0
2.62,1754315731,4445,287195.7,-379160.65,-91964.95,1,655,4,8,0
2.37,1754315758,4779,372181.66,-523193.2,-151011.54,1,655,4,8,0
3.81,1754315779,4851,387312.66,-538731.9,-151419.24,1,656,4,8,0
1.13,1754315808,5057,360068.15,-35024.6,325043.55,0,656,4,8,0
1.53,1754315819,4468,284705.31,-88283.31,196422.0,0,656,4,8,0
1.16,1754315834,4299,314278.8,-20349.45,293929.35,0,657,4,8,0
2.54,1754315847,3683,283447.2,-236369.28,47077.92,1,657,4,8,0
4.31,1754315870,4518,402539.76,-556844.4,-154304.64,1,657,4,8,0
8.74,1754315898,4808,424941.0,-690150.12,-265209.12,1,658,4,8,0
1.86,1754315935,5025,499194.22,-131598.72,367595.5,0,658,4,8,0
3.81,1754315953,4582,317850.87,-445445.18,-127594.31,1,659,4,8,0
1.21,1754315984,5346,511473.04,-26581.49,484891.55,0,659,4,8,0
1.15,1754315996,4959,526159.9,-6471.61,519688.29,0,659,4,8,0
1.45,1754316009,4324,395385.55,-64111.17,331274.38,0,660,4,8,0
2.23,1754316024,4354,412858.2,-403857.0,9001.2,1,660,4,8,0
1.91,1754316048,4485,417884.61,-233963.91,183920.7,0,660,4,8,0
1.08,1754316068,4148,362880.0,-2854.24,360025.76,0,661,4,8,0
1.19,1754316084,3485,292901.85,-11121.77,281780.08,0,661,4,8,0
1.4,1754316100,3454,270032.85,-15490.35,254542.5,0,661,4,8,0
6.02,1754316119,3147,226571.2,-301552.0,-74980.8,1,661,4,8,0
21.87,1754316153,4124,392026.25,-556391.0,-164364.75,1,662,4,8,0
1.03,1754316205,4562,375540.82,-1289.69,374251.13,0,663,4,8,0
1.46,1754316215,3858,262801.76,-25762.36,237039.4,0,663,4,8,0
7.77,1754316229,3814,325064.0,-559926.5,-234862.5,1,663,4,8,0
13.31,1754316264,4826,391674.24,-664650.88,-272976.64,1,664,4,8,0
1.55,1754316308,4524,312624.48,-76065.92,236558.56,0,665,4,8,0
2.72,1754316330,4110,259417.11,-414675.39,-155258.28,1,665,4,8,0
7.12,1754316356,4867,426735.26,-690528.54,-263793.28,1,665,4,8,0
1.49,1754316393,5131,435134.72,-121211.52,313923.2,0,666,4,8,0
4.55,1754316413,5131,508508.76,-751599.92,-243091.16,1,666,4,8,0
1.66,1754316445,5817,631168.23,-196848.96,434319.27,0,667,4,8,0
1.26,1754316466,5233,574503.3,-36141.0,538362.3,0,667,4,8,0
5.95,1754316485,5107,538979.49,-879819.21,-340839.72,1,668,4,8,0
1.55,1754316515,5802,599798.43,-162034.95,437763.48,0,668,4,8,0
1.39,1754316534,5179,486107.52,-66532.56,419574.96,0,668,4,8,0
3.31,1754316547,5372,665682.0,-670632.75,-4950.75,1,669,4,8,0
2.24,1754316576,5170,488872.87,-454458.99,34413.88,1,669,4,8,0
1.23,1754316595,5323,536808.3,-4698.29,532110.01,0,669,4,8,0
2.51,1754316610,3614,408728.32,-402157.08,6571.24,1,670,4,8,0
1.74,1754316634,5137,563287.73,-199176.3,364111.43,0,670,4,8,0
1.75,1754316653,5024,589893.56,-363012.35,226881.21,0,670,4,8,0
33.15,1754316673,4783,558185.71,-797501.0,-239315.29,1,671,4,8,0
5.44,1754316726,5430,547881.06,-752650.44,-204769.38,1,672,4,8,0
2.79,1754316762,5359,559063.23,-611805.58,-52742.35,1,672,4,8,0
1.87,1754316785,5428,529426.8,-341798.4,187628.4,0,673,4,8,0
2.42,1754316802,5009,467802.71,-511324.57,-43521.86,1,673,4,8,0
2.22,1754316823,5510,557538.94,-546205.1,11333.84,1,673,4,8,0
1.2,1754316847,5442,489032.6,-14835.1,474197.5,0,674,4,8,0
1.39,1754316865,4863,443838.15,-9467.64,434370.51,0,674,4,8,0
1.36,1754316881,4828,462302.19,-46328.31,415973.88,0,674,4,8,0
2.02,1754316899,4397,364721.98,-279068.16,85653.82,1,674,4,8,0
4.97,1754316923,4783,426414.3,-698066.85,-271652.55,1,675,4,8,0
2.73,1754316956,5399,571498.02,-609234.64,-37736.62,1,675,4,8,0
1.28,1754316979,5083,439838.25,-108697.45,331140.8,0,676,4,8,0
1.14,1754316992,4354,320848.08,-30175.04,290673.04,0,676,4,8,0
1.31,1754317006,3900,308489.82,-120846.54,187643.28,0,676,4,8,0
2.39,1754317020,4192,405239.04,-524669.74,-119430.7,1,677,4,8,0
1.5,1754317042,4726,440489.49,-114829.29,325660.2,0,677,4,8,0
2.28,1754317058,4086,358519.17,-386239.98,-27720.81,1,677,4,8,0
10.7,1754317080,3972,321174.18,-443588.94,-122414.76,1,678,4,8,0
2.04,1754317119,4784,442121.55,-389118.6,53002.95,1,678,4,8,0
2.46,1754317145,4632,471774.08,-578062.72,-106288.64,1,679,4,8,0
1.2,1754317184,4832,405369.08,-5677.64,399691.44,0,679,4,8,0
5.6,1754317196,4087,328366.64,-536642.4,-208275.76,1,679,4,8,0
1.9,1754317225,4970,475229.3,-259687.4,215541.9,0,680,4,8,0
3.37,1754317246,4869,502548.2,-671875.4,-169327.2,1,680,4,8,0
1.0,1754317275,4513,305330.9,-0.0,305330.9,0,681,4,8,0
1.15,1754317286,4744,495029.12,-6471.61,488557.51,0,681,4,8,0
1.29,1754317300,4136,423773.4,-61219.58,362553.82,0,681,4,8,0
5.02,1754317315,3936,368943.12,-554622.12,-185679.0,1,681,4,8,0
1.09,1754317345,4714,471184.35,-6452.63,464731.72,0,682,4,8,0
5.64,1754317357,3957,417731.05,-607451.35,-189720.3,1,682,4,8,0
2.06,1754317390,4336,344253.78,-302874.63,41379.15,1,683,4,8,0
1.38,1754317409,4658,480705.55,-163508.8,317196.75,0,683,4,8,0
3.47,1754317424,4359,459628.94,-501667.42,-42038.48,1,683,4,8,0
1.31,1754317452,4719,550848.54,-69585.53,481263.01,0,684,4,8,0
3.35,1754317464,4552,505371.9,-620314.2,-114942.3,1,684,4,8,0
3.82,1754317492,4125,394187.04,-555854.4,-161667.36,1,684,4,8,0
2.15,1754317520,4805,430049.75,-300530.75,129519.0,1,685,4,8,0
1.05,1754317540,4732,390060.45,-2410.85,387649.6,0,685,4,8,0
5.58,1754317550,4247,467912.1,-608339.96,-140427.86,1,685,4,8,0
2.87,1754317582,5028,455104.68,-506373.75,-51269.07,1,686,4,8,0
1.01,1754317607,5049,538047.51,-0.0,538047.51,0,686,4,8,0
1.0,1754317616,3530,346735.68,-0.0,346735.68,0,686,4,8,0
1.49,1754317640,3971,460181.68,-62261.92,397919.76,0,687,4,8,0
1.05,1754317656,3780,441475.16,-2410.85,439064.31,0,687,4,8,0
2.55,1754317669,3142,320983.08,-334317.72,-13334.64,1,687,4,8,0
1.65,1754317690,3968,409832.08,-15104.88,394727.2,0,688,4,8,0
3.58,1754317707,3543,383335.38,-486088.65,-102753.27,1,688,4,8,0
1.25,1754317735,3676,344341.0,-26626.5,317714.5,0,688,4,8,0
2.57,1754317746,3812,438453.68,-309363.04,129090.64,1,689,4,8,0
6.41,1754317771,3271,261847.52,-458331.28,-196483.76,1,689,4,8,0
3.73,1754317801,4243,360159.7,-455580.14,-95420.44,1,690,4,8,0
3.89,1754317828,4361,382259.4,-545306.4,-163047.0,1,690,4,8,0
18.61,1754317856,4564,424345.36,-627782.86,-203437.5,1,690,4,8,0
1.64,1754317902,4806,360744.96,-38306.56,322438.4,0,691,4,8,0
2.26,1754317920,4434,391582.2,-421167.0,-29584.8,1,692,4,8,0
23.11,1754317944,4860,386974.9,-684558.55,-297583.65,1,692,4,8,0
6.64,1754317991,5205,470497.2,-781275.27,-310778.07,1,693,4,8,0
1.12,1754318028,5617,539096.12,-15960.0,523136.12,0,693,4,8,0
1.8,1754318043,4983,454200.78,-212731.86,241468.92,0,694,4,8,0
5.41,1754318059,5093,460967.24,-826758.28,-365791.04,1,694,4,8,0
2.97,1754318091,5974,480730.14,-636090.57,-155360.43,1,694,4,8,0
1.83,1754318115,5831,451737.44,-184606.73,267130.71,0,695,4,8,0
5.82,1754318134,5263,420375.32,-738851.96,-318476.64,1,695,4,8,0
63.26,1754318169,6221,398214.6,-674207.8,-275993.2,1,696,4,8,0
11.47,1754318226,6187,455680.24,-624265.84,-168585.6,1,697,4,8,0
1.32,1754318268,6533,491807.57,-38811.18,452996.39,0,697,4,8,0
2.12,1754318287,5058,431843.14,-335306.19,96536.95,1,698,4,8,0
1.31,1754318304,6382,508965.49,-72686.1,436279.39,0,698,4,8,0
2.42,1754318321,5889,521704.8,-602582.49,-80877.69,1,698,4,8,0
1.56,1754318339,5711,433098.0,-66512.88,366585.12,0,698,4,8,0
1.41,1754318356,5983,600737.76,-86673.72,514064.04,0,699,4,8,0
1.07,1754318374,5531,502676.25,-3804.36,498871.89,0,699,4,8,0
18.72,1754318384,5115,484826.3,-684294.1,-199467.8,1,699,4,8,0
1.65,1754318432,6875,610055.8,-218389.8,391666.0,0,700,4,8,0
5.83,1754318454,6128,457868.48,-706532.92,-248664.44,1,700,4,8,0
1.83,1754318489,6524,499862.91,-190591.8,309271.11,0,701,4,8,0
4.53,1754318507,6017,558192.36,-764686.4,-206494.04,1,701,4,8,0
1.16,1754318538,6357,494399.75,-14151.15,480248.6,0,702,4,8,0
3.01,1754318553,5074,449739.84,-379759.38,69980.46,1,702,4,8,0
1.07,1754318576,6205,536046.55,-3804.36,532242.19,0,702,4,8,0
4.34,1754318589,5276,489092.73,-608135.59,-119042.86,1,703,4,8,0
5.64,1754318617,6014,380130.06,-711697.38,-331567.32,1,703,4,8,0
1.83,1754318645,7252,567212.1,-52297.44,514914.66,0,704,4,8,0
1.72,1754318669,6907,550599.0,-153627.0,396972.0,0,704,4,8,0
1.5,1754318688,5906,577427.13,-102754.17,474672.96,0,704,4,8,0
8.21,1754318704,5981,650751.44,-846319.1,-195567.66,1,705,4,8,0
2.77,1754318741,7348,675469.77,-672536.55,2933.22,1,705,4,8,0
1.29,1754318766,6867,679355.6,-13626.14,665729.46,0,706,4,8,0
1.19,1754318781,6159,506042.96,-55244.85,450798.11,0,706,4,8,0
1.86,1754318793,5527,558707.4,-358560.34,200147.06,0,706,4,8,0
1.3,1754318812,6402,575648.22,-66158.96,509489.26,0,706,4,8,0
1.1,1754318827,5467,602637.75,-4153.82,598483.93,0,707,4,8,0
1.06,1754318840,4706,500541.6,-1475.19,499066.41,0,707,4,8,0
6.88,1754318850,4316,419179.07,-642106.44,-222927.37,1,707,4,8,0
2.51,1754318884,5720,537248.19,-454950.73,82297.46,1,708,4,8,0
1.21,1754318906,5530,573927.75,-50733.75,523194.0,0,708,4,8,0
1.99,1754318919,4721,472691.72,-285730.72,186961.0,0,708,4,8,0
1.08,1754318936,4985,487844.24,-2854.24,484990.0,0,708,4,8,0
22.43,1754318948,4214,376910.68,-736617.98,-359707.3,1,709,4,8,0
2.98,1754318995,5645,522586.68,-683468.94,-160882.26,1,709,4,8,0
2.22,1754319024,5361,451297.68,-394788.38,56509.3,1,710,4,8,0
1.15,1754319045,5346,503869.96,-6471.61,497398.35,0,710,4,8,0
2.75,1754319061,4572,383924.4,-431223.6,-47299.2,1,711,4,8,0
1.05,1754319085,5597,477499.5,-2410.85,475088.65,0,711,4,8,0
1.18,1754319099,5117,524728.38,-34657.48,490070.9,0,711,4,8,0
1.36,1754319113,4517,369839.92,-34680.32,335159.6,0,711,4,8,0
5.23,1754319126,4479,445326.16,-576290.0,-130963.84,1,712,4,8,0
1.33,1754319156,5198,427459.2,-49315.0,378144.2,0,712,4,8,0
5.37,1754319170,4494,410125.8,-696192.6,-286066.8,1,712,4,8,0
1.17,1754319201,4547,348840.42,-30725.5,318114.92,0,713,4,8,0
1.03,1754319213,4948,471238.26,-1289.69,469948.57,0,713,4,8,0
1.0,1754319225,4260,361012.15,-0.0,361012.15,0,713,4,8,0
12.06,1754319238,4037,353529.96,-553011.15,-199481.19,1,713,4,8,0
1.64,1754319278,4764,342826.47,-111755.07,231071.4,0,714,4,8,0
1.62,1754319298,4512,402599.48,-147168.16,255431.32,0,714,4,8,0
45.03,1754319315,4270,372166.86,-591220.1,-219053.24,1,715,4,8,0
1.1,1754319377,4949,392247.05,-4153.82,388093.23,0,716,4,8,0
5.01,1754319386,4335,362104.44,-556400.96,-194296.52,1,716,4,8,0
1.98,1754319416,4883,374214.1,-184586.35,189627.75,0,716,4,8,0
2.2,1754319435,5428,540901.14,-332978.88,207922.26,1,717,4,8,0
2.48,1754319455,4780,366102.1,-324914.2,41187.9,1,717,4,8,0
1.47,1754319479,5365,443622.75,-63861.0,379761.75,0,717,4,8,0
2.93,1754319493,5134,454149.06,-617949.38,-163800.32,1,718,4,8,0
15.92,1754319522,5534,509842.3,-995498.75,-485656.45,1,718,4,8,0
2.08,1754319565,5286,423855.09,-308610.02,115245.07,1,719,4,8,0
1.7,1754319584,5434,504344.25,-209513.25,294831.0,0,719,4,8,0
1.61,1754319602,5516,500787.21,-105419.93,395367.28,0,720,4,8,0
1.89,1754319621,5217,419587.92,-175544.64,244043.28,0,720,4,8,0
1.39,1754319640,5479,510230.4,-18649.6,491580.8,0,720,4,8,0
1.16,1754319655,4877,467063.1,-8878.74,458184.36,0,720,4,8,0
1.42,1754319667,4374,450770.67,-48818.07,401952.6,0,721,4,8,0
3.08,1754319681,4212,395041.49,-450132.42,-55090.93,1,721,4,8,0
1.07,1754319707,4901,423238.81,-9575.06,413663.75,0,721,4,8,0
2.12,1754319720,4108,349354.3,-154299.14,195055.16,1,722,4,8,0
6.98,1754319742,4018,325716.05,-527914.2,-202198.15,1,722,4,8,0
1.0,1754319776,4724,436941.17,-0.0,436941.17,0,722,4,8,0
1.74,1754319789,4321,398800.12,-186892.18,211907.94,0,723,4,8,0
2.89,1754319808,4356,473689.3,-410643.98,63045.32,1,723,4,8,0
1.31,1754319833,4644,521144.09,-98504.74,422639.35,0,723,4,8,0
3.45,1754319847,4117,398762.76,-368367.28,30395.48,1,724,4,8,0
1.0,1754319874,4181,328012.2,-0.0,328012.2,0,724,4,8,0
2.09,1754319884,4226,472292.44,-347940.28,124352.16,1,724,4,8,0
2.1,1754319903,3739,299007.39,-135087.78,163919.61,1,725,4,8,0
8.57,1754319923,3942,322396.48,-502499.76,-180103.28,1,725,4,8,0
1.74,1754319961,4412,374109.75,-127101.24,247008.51,0,726,4,8,0
5.54,1754319982,4249,395001.23,-647813.9,-252812.67,1,726,4,8,0
1.33,1754320013,4671,394723.8,-81109.53,313614.27,0,726,4,8,0
1.05,1754320028,4639,419386.6,-2410.85,416975.75,0,727,4,8,0
1.09,1754320039,4036,297382.24,-6452.63,290929.61,0,727,4,8,0
2.18,1754320052,3658,303198.48,-222788.8,80409.68,1,727,4,8,0
1.41,1754320074,4106,348165.3,-46458.0,301707.3,0,727,4,8,0
2.03,1754320088,3572,337976.0,-117963.5,220012.5,1,728,4,8,0
7.24,1754320107,3361,256303.22,-446359.0,-190055.78,1,728,4,8,0
1.81,1754320141,4013,276369.63,-81910.14,194459.49,0,729,4,8,0
1.13,1754320160,3964,280743.68,-8055.6,272688.08,0,729,4,8,0
1.0,1754320172,3586,245026.6,-0.0,245026.6,0,729,4,8,0
1.07,1754320182,3296,245221.44,-3804.36,241417.08,0,729,4,8,0
1.08,1754320195,2878,428999.76,-23145.16,405854.6,0,729,4,8,0
1.63,1754320206,2646,306564.6,-68574.0,237990.6,0,730,4,8,0
3.39,1754320225,2857,391324.36,-552840.0,-161515.64,1,730,4,8,0
1.0,1754320250,3431,279653.76,-0.0,279653.76,0,730,4,8,0
1.82,1754320259,2485,320009.97,-82460.76,237549.21,0,730,4,8,0
1.09,1754320290,2732,344199.82,-6452.63,337747.19,0,731,4,8,0
22.97,1754320302,2251,236371.0,-504341.0,-267970.0,1,731,4,8,0
5.53,1754320350,3318,242398.2,-419600.28,-177202.08,1,732,4,8,0
1.95,1754320382,3559,247595.04,-153116.67,94478.37,0,733,4,8,0
1.34,1754320401,3378,221341.95,-17760.15,203581.8,0,733,4,8,0
3.81,1754320415,3170,247276.66,-331134.4,-83857.74,1,733,4,8,0
3.89,1754320442,3924,341000.82,-571600.8,-230599.98,1,734,4,8,0
1.28,1754320470,3836,273934.0,-52242.0,221692.0,0,734,4,8,0
4.68,1754320482,3433,183361.05,-288813.6,-105452.55,1,734,4,8,0
1.63,1754320512,4199,315941.66,-111306.64,204635.02,0,735,4,8,0
1.19,1754320529,4201,352414.2,-11121.77,341292.43,0,735,4,8,0
3.01,1754320542,3707,334280.44,-320793.2,13487.24,1,735,4,8,0
3.35,1754320566,4007,351998.35,-411896.1,-59897.75,1,736,4,8,0
1.43,1754320591,3948,217047.72,-62179.07,154868.65,0,736,4,8,0
25.95,1754320605,3597,203400.0,-356937.12,-153537.12,1,736,4,8,0
3.33,1754320658,4441,312674.04,-321090.98,-8416.94,1,737,4,8,0
1.66,1754320684,4267,281328.88,-109887.12,171441.76,0,738,4,8,0
1.61,1754320700,4429,377084.92,-46428.93,330655.99,0,738,4,8,0
1.08,1754320719,4472,388506.51,-2854.24,385652.27,0,738,4,8,0
1.01,1754320729,3921,289404.36,-0.0,289404.36,0,738,4,8,0
6.34,1754320740,3643,326926.83,-541656.72,-214729.89,1,739,4,8,0
57.5,1754320774,4681,483562.2,-741695.46,-258133.26,1,739,4,8,0
2340.1,1754320836,4812,385655.16,-722740.92,-337085.76,1,740,4,8,0
1.25,1754320939,5380,527394.75,-40508.25,486886.5,0,742,4,8,0
5.08,1754320953,4391,323084.4,-509015.4,-185931.0,1,742,4,8,0
1.5,1754320985,5529,430350.69,-62703.41,367647.28,0,743,4,8,0
1.44,1754321000,5351,490570.12,-43706.08,446864.04,0,743,4,8,0
1.87,1754321016,3728,327432.24,-142112.88,185319.36,0,743,4,8,0
1.55,1754321035,5094,413777.35,-72552.06,341225.29,0,743,4,8,0
1.2,1754321052,4836,390173.12,-5677.64,384495.48,0,744,4,8,0
61.58,1754321065,4425,368821.25,-558267.73,-189446.48,1,744,4,8,0
2.15,1754321125,6082,519179.04,-259634.16,259544.88,1,745,4,8,0
3.44,1754321148,5806,521990.13,-549461.59,-27471.46,1,745,4,8,0
8.84,1754321178,6168,478502.5,-766579.1,-288076.6,1,746,4,8,0
1.06,1754321214,6567,448446.66,-1475.19,446971.47,0,746,4,8,0
6.26,1754321228,5448,432707.37,-601526.91,-168819.54,1,747,4,8,0
4.17,1754321262,6767,438130.32,-463080.9,-24950.58,1,747,4,8,0
1.85,1754321290,7023,518490.18,-246366.9,272123.28,0,748,4,8,0
2.33,1754321308,5998,454368.0,-340305.6,114062.4,1,748,4,8,0
26.5,1754321329,5396,414985.34,-817132.42,-402147.08,1,748,4,8,0
1.0,1754321379,7136,459146.22,-0.0,459146.22,0,749,4,8,0
3.67,1754321393,6313,459522.65,-512333.16,-52810.51,1,749,4,8,0
5.49,1754321421,7350,590541.0,-1009830.36,-419289.36,1,750,4,8,0
16.47,1754321457,7111,506795.64,-774137.52,-267341.88,1,750,4,8,0
3.96,1754321500,7473,504294.26,-580108.18,-75813.92,1,751,4,8,0
1.15,1754321529,7069,464902.36,-15829.23,449073.13,0,752,4,8,0
2.02,1754321548,5253,355237.08,-163870.74,191366.34,1,752,4,8,0
7.05,1754321569,5335,389906.5,-741430.04,-351523.54,1,752,4,8,0
7.32,1754321602,8245,633494.61,-1274840.28,-641345.67,1,753,4,8,0
1.42,1754321639,8432,634409.76,-196491.96,437917.8,0,753,4,8,0
9.03,1754321660,6300,393289.56,-747656.6,-354367.04,1,754,4,8,0
3.27,1754321701,8834,711571.41,-600706.26,110865.15,1,755,4,8,0
1.57,1754321729,5788,393325.54,-115696.78,277628.76,0,755,4,8,0
2.64,1754321743,5757,456178.5,-367626.75,88551.75,1,755,4,8,0
1.6,1754321764,6850,540062.25,-93577.5,446484.75,0,756,4,8,0
14.31,1754321786,5333,447539.28,-929722.52,-482183.24,1,756,4,8,0
1.6,1754321824,6141,441585.61,-87614.56,353971.05,0,757,4,8,0
1.38,1754321846,5578,429919.63,-18354.39,411565.24,0,757,4,8,0
1.98,1754321857,6135,400352.55,-211728.4,188624.15,0,757,4,8,0
1.12,1754321876,5797,515338.98,-3431.43,511907.55,0,757,4,8,0
1.94,1754321891,6127,503374.35,-292253.33,211121.02,0,758,4,8,0
5.0,1754321909,6507,521275.61,-919230.61,-397955.0,1,758,4,8,0
2.87,1754321945,8325,721932.28,-1034277.8,-312345.52,1,759,4,8,0
1.18,1754321970,6758,604181.27,-6034.28,598146.99,0,759,4,8,0
3.55,1754321987,6097,447206.76,-575962.2,-128755.44,1,759,4,8,0
18.08,1754322010,7896,648749.43,-1106697.42,-457947.99,1,760,4,8,0
28.01,1754322059,7844,515283.92,-774209.06,-258925.14,1,760,4,8,0
1.32,1754322113,7736,572619.49,-17909.74,554709.75,0,761,4,8,0
3.37,1754322131,5604,503734.32,-538158.96,-34424.64,1,762,4,8,0
1.05,1754322158,8527,757197.5,-2410.85,754786.65,0,762,4,8,0
13.89,1754322174,5726,570614.0,-613293.5,-42679.5,1,762,4,8,0
2.1,1754322216,8391,664092.19,-300806.65,363285.54,1,763,4,8,0
7.32,1754322238,5967,448883.25,-735006.75,-286123.5,1,763,4,8,0
3.38,1754322276,8340,673427.4,-860989.56,-187562.16,1,764,4,8,0
5.01,1754322300,6159,446359.9,-731651.9,-285292.0,1,765,4,8,0
2.23,1754322334,8152,647016.7,-409131.24,237885.46,1,765,4,8,0
1.73,1754322357,5287,433585.65,-230327.52,203258.13,0,765,4,8,0
9.14,1754322370,5936,437435.26,-858521.35,-421086.09,1,766,4,8,0
1.77,1754322408,7686,619406.68,-289856.88,329549.8,0,766,4,8,0
12.25,1754322434,5985,454326.95,-965850.27,-511523.32,1,767,4,8,0
1.44,1754322472,7635,442744.61,-80726.8,362017.81,0,767,4,8,0
2.32,1754322494,6609,444065.76,-384171.84,59893.92,1,768,4,8,0
1.12,1754322511,6966,420111.26,-14910.0,405201.26,0,768,4,8,0
13.45,1754322529,5938,483807.2,-885590.4,-401783.2,1,768,4,8,0
3.02,1754322570,7793,535771.68,-604240.19,-68468.51,1,769,4,8,0
4.62,1754322597,5186,470177.16,-778782.92,-308605.76,1,769,4,8,0
1.29,1754322631,7643,580987.08,-49102.2,531884.88,0,770,4,8,0
1.05,1754322647,5458,507584.5,-2410.85,505173.65,0,770,4,8,0
12.63,1754322659,5553,413471.1,-901737.2,-488266.1,1,770,4,8,0
1.0,1754322700,8620,792725.49,-0.0,792725.49,0,771,4,8,0
1.37,1754322715,5950,566346.3,-67018.38,499327.92,0,771,4,8,0
10.39,1754322730,6168,439129.39,-662873.88,-223744.49,1,772,4,8,0
4.07,1754322769,8283,622948.0,-944832.8,-321884.8,1,772,4,8,0
1.31,1754322796,7153,565551.72,-33501.56,532050.16,0,773,4,8,0
1.01,1754322814,6221,426862.8,-0.0,426862.8,0,773,4,8,0
10.94,1754322829,5342,449220.55,-680127.46,-230906.91,1,773,4,8,0
1.0,1754322864,8065,668916.9,-0.0,668916.9,0,774,4,8,0
1.06,1754322882,5698,474167.12,-1475.19,472691.93,0,774,4,8,0
1.47,1754322892,5833,567367.73,-91527.82,475839.91,0,774,4,8,0
1.37,1754322907,6101,362652.26,-26284.9,336367.36,0,775,4,8,0
3.12,1754322923,6040,419002.92,-505825.74,-86822.82,1,775,4,8,0
13.11,1754322946,7303,552936.54,-1060885.02,-507948.48,1,775,4,8,0
1.21,1754322994,8507,678007.8,-8500.53,669507.27,0,776,4,8,0
2587.92,1754323012,6472,486449.31,-873933.3,-387483.99,1,776,4,8,0
1.0,1754323114,7405,520498.16,-0.0,520498.16,0,778,4,8,0
3.86,1754323129,4903,389050.24,-623317.76,-234267.52,1,778,4,8,0
2.89,1754323160,8544,644163.3,-801160.2,-156996.9,1,779,4,8,0
1.37,1754323184,5772,487152.0,-19882.8,467269.2,0,779,4,8,0
1.27,1754323201,5639,444764.92,-11127.92,433637.0,0,780,4,8,0
5.35,1754323216,5979,537014.48,-899300.4,-362285.92,1,780,4,8,0
1.06,1754323249,8342,793753.0,-1475.19,792277.81,0,780,4,8,0
5.18,1754323266,6125,435572.28,-742874.22,-307301.94,1,781,4,8,0
1.07,1754323297,7355,523803.08,-3804.36,519998.72,0,781,4,8,0
1.39,1754323312,6576,555190.67,-47373.14,507817.53,0,781,4,8,0
3.6,1754323327,6248,437446.72,-412341.8,25104.92,1,782,4,8,0
3.09,1754323350,8057,717216.69,-1043692.89,-326476.2,1,782,4,8,0
1.92,1754323379,6159,449153.46,-177888.69,271264.77,0,782,4,8,0
4.83,1754323395,5744,430023.6,-780711.84,-350688.24,1,783,4,8,0
1.81,1754323429,8381,782348.4,-284259.6,498088.8,0,783,4,8,0
4.19,1754323450,6089,540069.21,-870207.3,-330138.09,1,784,4,8,0
1.0,1754323479,8523,41094.26,-0.0,41094.26,0,784,4,8,0
1.41,1754323497,6424,41167.51,-1245.28,39922.23,0,784,4,8,0
1.42,1754323509,6621,40718.54,-3300.54,37418.0,0,785,4,8,0
1.09,1754323526,6336,40205.42,-81.52,40123.9,0,785,4,8,0
1.11,1754323536,5888,46665.11,-901.87,45763.24,0,785,4,8,0
4.37,1754323550,5764,511171.83,-560900.6,-49728.77,1,785,4,8,0
6.12,1754323582,7712,703506.66,-1074483.14,-370976.48,1,786,4,8,0
1.8,1754323645,8144,696780.63,-155701.91,541078.72,0,787,4,8,0
1.31,1754323667,6250,473913.08,-13886.96,460026.12,0,787,4,8,0
1.77,1754323702,5662,605629.44,-208279.5,397349.94,0,788,4,8,0
1.34,1754323718,6943,713920.63,-58091.86,655828.77,0,788,4,8,0
10.31,1754323737,6562,685291.03,-761585.28,-76294.25,1,788,4,8,0
1.58,1754323777,8115,733191.54,-124166.16,609025.38,0,789,4,8,0
1.37,1754323796,6786,648774.86,-105254.07,543520.79,0,789,4,8,0
2.05,1754323812,6251,610917.37,-251513.95,359403.42,1,790,4,8,0
4.07,1754323832,6863,767372.13,-903495.87,-136123.74,1,790,4,8,0
4.54,1754323865,7271,700562.9,-1113860.12,-413297.22,1,791,4,8,0
4.44,1754323898,7548,684031.55,-1085243.45,-401211.9,1,791,4,8,0
2.78,1754323928,7778,666820.88,-497539.68,169281.2,1,792,4,8,0
73.73,1754323951,5703,559745.62,-902713.42,-342967.8,1,792,4,8,0
8.42,1754324015,7227,576379.44,-980552.04,-404172.6,1,793,4,8,0
3.68,1754324056,7469,645879.44,-1059539.82,-413660.38,1,794,4,8,0
1.03,1754324081,5337,467027.72,-1289.69,465738.03,0,794,4,8,0
236.13,1754324094,5144,431093.41,-804684.07,-373590.66,1,794,4,8,0
2.17,1754324168,6519,497230.74,-375526.6,121704.14,1,796,4,8,0
19.28,1754324193,4639,396923.38,-810452.84,-413529.46,1,796,4,8,0
1.52,1754324241,7107,551009.6,-83296.8,467712.8,0,797,4,8,0
3.2,1754324256,5197,484637.04,-738671.76,-254034.72,1,797,4,8,0
1.56,1754324280,5954,574302.66,-117456.96,456845.7,0,798,4,8,0
1.57,1754324302,5857,575699.2,-182473.6,393225.6,0,798,4,8,0
1.03,1754324316,5115,480876.87,-1289.69,479587.18,0,798,4,8,0
1.15,1754324332,4833,541316.82,-6471.61,534845.21,0,798,4,8,0
1.43,1754324342,4778,542437.29,-123223.65,419213.64,0,799,4,8,0
1.35,1754324359,5487,659311.88,-93487.81,565824.07,0,799,4,8,0
1.07,1754324374,4780,507756.0,-3804.36,503951.64,0,799,4,8,0
5.89,1754324386,4764,598602.64,-733520.76,-134918.12,1,799,4,8,0
1.67,1754324424,6724,507810.46,-209288.83,298521.63,0,800,4,8,0
2.15,1754324440,4801,401076.14,-329618.66,71457.48,1,800,4,8,0
1.97,1754324458,6299,538765.26,-209277.42,329487.84,0,800,4,8,0
1.0,1754324479,5340,558642.24,-0.0,558642.24,0,801,4,8,0
134.09,1754324492,4717,477168.12,-678312.24,-201144.12,1,801,4,8,0
11.87,1754324562,6374,590684.85,-809935.11,-219250.26,1,802,4,8,0
1.07,1754324605,7060,540439.5,-3804.36,536635.14,0,803,4,8,0
1.18,1754324621,4996,458762.22,-12744.9,446017.32,0,803,4,8,0
1.24,1754324632,5014,519096.5,-67233.4,451863.1,0,803,4,8,0
13.77,1754324646,5287,524166.5,-740131.6,-215965.1,1,804,4,8,0
3.53,1754324689,7403,707813.6,-693645.6,14168.0,1,804,4,8,0
1.3,1754324716,6084,426806.08,-25644.92,401161.16,0,805,4,8,0
2.88,1754324735,5327,521945.56,-469051.08,52894.48,1,805,4,8,0
2.45,1754324756,6999,544719.75,-599314.5,-54594.75,1,805,4,8,0
1.0,1754324786,6197,447057.65,-0.0,447057.65,0,806,4,8,0
1.82,1754324798,3151,255569.64,-57398.55,198171.09,0,806,4,8,0
2.29,1754324819,7519,706238.19,-571826.79,134411.4,1,806,4,8,0
1.46,1754324838,5293,619387.5,-123854.25,495533.25,0,807,4,8,0
29.32,1754324853,5045,547232.55,-714332.56,-167100.01,1,807,4,8,0
3.26,1754324905,7254,569364.18,-653357.32,-83993.14,1,808,4,8,0
1.44,1754324931,5140,507446.1,-51098.6,456347.5,0,808,4,8,0
2.43,1754324946,5025,411616.51,-286817.62,124798.89,1,809,4,8,0
1.18,1754324967,7449,621347.64,-6034.28,615313.36,0,809,4,8,0
4.48,1754324985,5248,623123.25,-969093.75,-345970.5,1,809,4,8,0
4.45,1754325019,7117,500626.0,-692020.0,-191394.0,1,810,4,8,0
1.01,1754325050,6904,602839.52,-0.0,602839.52,0,810,4,8,0
1.68,1754325061,5090,494807.6,-108835.3,385972.3,0,811,4,8,0
7.89,1754325076,5795,645174.4,-1137776.8,-492602.4,1,811,4,8,0
3.42,1754325115,7812,745570.86,-1064815.62,-319244.76,1,811,4,8,0
3.71,1754325140,6073,408086.91,-596769.39,-188682.48,1,812,4,8,0
3.28,1754325171,7311,630086.62,-779236.25,-149149.63,1,812,4,8,0
1.5,1754325171,6030,476516.7,-68256.54,408260.16,0,812,4,8,0
1.02,1754325268,3918,434687.7,-18575.16,416112.54,0,814,4,8,0
1.46,1754325280,6953,653598.66,-63889.8,589708.86,0,814,4,8,0
1.28,1754325298,4655,413619.6,-27095.4,386524.2,0,814,4,8,0
1.0,1754325311,6404,550638.37,-0.0,550638.37,0,815,4,8,0
1.82,1754325327,5345,559115.28,-188018.64,371096.64,0,815,4,8,0
2.03,1754325344,5712,590328.2,-221096.26,369231.94,1,815,4,8,0
6.58,1754325366,5533,509105.76,-957037.6,-447931.84,1,816,4,8,0
3.41,1754325398,8538,765478.0,-851148.62,-85670.62,1,816,4,8,0
2.32,1754325426,6130,519631.41,-341457.54,178173.87,1,817,4,8,0
2.99,1754325446,6378,460291.68,-527361.12,-67069.44,1,817,4,8,0
1.15,1754325471,7276,540649.08,-16386.3,524262.78,0,817,4,8,0
2.29,1754325515,5673,514369.52,-465478.72,48890.8,1,818,4,8,0
2.11,1754325534,6109,440499.2,-351411.84,89087.36,1,818,4,8,0
1.02,1754325556,6082,498105.48,-2162.8,495942.68,0,819,4,8,0
1.27,1754325572,5491,423006.75,-20290.42,402716.33,0,819,4,8,0
1.5,1754325583,5507,505450.08,-65018.16,440431.92,0,819,4,8,0
1.8,1754325602,5450,544412.82,-247396.06,297016.76,0,820,4,8,0
2.08,1754325620,6402,583095.53,-309999.61,273095.92,1,820,4,8,0
20.47,1754325640,6777,643329.36,-991027.4,-347698.04,1,820,4,8,0
2.11,1754325691,7977,717997.5,-723736.8,-5739.3,1,821,4,8,0
26.53,1754325717,5774,550103.25,-846927.0,-296823.75,1,821,4,8,0
1.96,1754325768,6014,422408.96,-129401.6,293007.36,0,822,4,8,0
6.44,1754325790,4714,353166.88,-614953.2,-261786.32,1,823,4,8,0
2.05,1754325831,7392,634106.07,-349223.4,284882.67,1,823,4,8,0
1.67,1754325862,4898,520143.11,-39714.92,480428.19,0,824,4,8,0
1.06,1754325876,5688,432820.68,-1475.19,431345.49,0,824,4,8,0
91.16,1754325893,5715,535096.08,-971177.04,-436080.96,1,824,4,8,0
1.01,1754325965,6901,556528.14,-0.0,556528.14,0,826,4,8,0
1.55,1754325976,4840,436792.32,-12494.72,424297.6,0,826,4,8,0
2.39,1754325990,6108,544971.72,-467457.84,77513.88,1,826,4,8,0
8.16,1754326016,4660,550068.69,-922829.46,-372760.77,1,826,4,8,0
5.17,1754326054,7794,654115.53,-1173222.43,-519106.9,1,827,4,8,0
18.48,1754326085,7236,609567.16,-1094338.81,-484771.65,1,828,4,8,0
2.79,1754326132,7652,733913.04,-763750.68,-29837.64,1,828,4,8,0
4.57,1754326156,5546,603702.0,-627892.5,-24190.5,1,829,4,8,0
2.82,1754326190,7585,651120.12,-547868.16,103251.96,1,829,4,8,0
25.42,1754326214,5128,613313.16,-867180.52,-253867.36,1,830,4,8,0
1.02,1754326260,6622,548592.08,-2162.8,546429.28,0,831,4,8,0
1.45,1754326278,4802,461201.88,-25006.89,436194.99,0,831,4,8,0
1.3,1754326289,4625,492602.45,-12927.73,479674.72,0,831,4,8,0
1.62,1754326303,4910,406984.12,-78966.92,328017.2,0,831,4,8,0
2.23,1754326320,4800,556116.48,-401885.44,154231.04,1,832,4,8,0
1.09,1754326341,7169,671522.91,-6452.63,665070.28,0,832,4,8,0
1.03,1754326359,6306,554270.72,-1289.69,552981.03,0,832,4,8,0
1.08,1754326374,4519,411837.0,-2854.24,408982.76,0,832,4,8,0
2.09,1754326382,6542,547716.4,-247288.3,300428.1,1,833,4,8,0
2.01,1754326407,5821,602552.22,-244028.05,358524.17,1,833,4,8,0
1.05,1754326431,4963,584406.24,-2410.85,581995.39,0,833,4,8,0
2.31,1754326438,4745,411969.21,-167310.96,244658.25,1,833,4,8,0
1.13,1754326457,7256,631234.72,-4397.52,626837.2,0,834,4,8,0
3.06,1754326479,5351,513023.97,-651553.2,-138529.23,1,834,4,8,0
1.71,1754326505,7526,616344.8,-132651.92,483692.88,0,835,4,8,0
1.0,1754326522,6025,584463.75,-0.0,584463.75,0,835,4,8,0
1.17,1754326536,6142,579230.12,-14348.0,564882.12,0,835,4,8,0
2.16,1754326547,5850,566239.5,-428736.0,137503.5,1,835,4,8,0
2.53,1754326568,6731,602187.22,-604456.79,-2269.57,1,836,4,8,0
1.17,1754326593,6999,654235.12,-9629.41,644605.71,0,836,4,8,0
4.08,1754326611,5895,611159.32,-891034.64,-279875.32,1,836,4,8,0
2.19,1754326645,6265,512130.58,-232694.35,279436.23,1,837,4,8,0
1.57,1754326665,5861,560809.36,-127641.96,433167.4,0,837,4,8,0
16.51,1754326682,6987,643450.08,-955992.96,-312542.88,1,838,4,8,0
9.23,1754326728,7381,706712.85,-720431.01,-13718.16,1,838,4,8,0
1.06,1754326771,7410,626546.63,-1475.19,625071.44,0,839,4,8,0
1.02,1754326787,5124,484711.48,-2162.8,482548.68,0,839,4,8,0
1.23,1754326797,5172,526989.69,-4698.29,522291.4,0,839,4,8,0
3.19,1754326810,4680,411177.8,-473099.06,-61921.26,1,840,4,8,0
1.14,1754326834,8058,754353.9,-30344.4,724009.5,0,840,4,8,0
96.5,1754326857,5695,644188.12,-795190.3,-151002.18,1,840,4,8,0
2.22,1754326927,6385,472885.38,-404162.88,68722.5,1,842,4,8,0
1.17,1754326946,4570,437580.0,-31347.6,406232.4,0,842,4,8,0
11.71,1754326961,5519,467760.44,-556030.56,-88270.12,1,842,4,8,0
2.27,1754327005,6854,517940.22,-515915.07,2025.15,1,843,4,8,0
1.15,1754327031,4451,325743.6,-6471.61,319271.99,0,843,4,8,0
10.21,1754327044,5465,458991.57,-683865.61,-224874.04,1,844,4,8,0
1.02,1754327085,7020,538230.12,-2162.8,536067.32,0,844,4,8,0
1.15,1754327105,5256,513881.64,-6471.61,507410.03,0,845,4,8,0
9.36,1754327116,5577,548378.64,-874341.36,-325962.72,1,845,4,8,0
5.05,1754327157,8449,763371.9,-1193402.7,-430030.8,1,845,4,8,0
3.87,1754327193,6751,521034.92,-724667.89,-203632.97,1,846,4,8,0
1.38,1754327226,8076,744184.18,-30407.74,713776.44,0,847,4,8,0
55.75,1754327241,5709,547126.0,-965808.74,-418682.74,1,847,4,8,0
3.64,1754327297,8238,755035.19,-927767.75,-172732.56,1,848,4,8,0
1.14,1754327326,5702,567697.96,-9259.06,558438.9,0,848,4,8,0
1.2,1754327341,5316,548061.78,-5677.64,542384.14,0,849,4,8,0
1.24,1754327352,4267,437348.71,-12390.0,424958.71,0,849,4,8,0
1.27,1754327366,7243,639297.23,-24961.63,614335.6,0,849,4,8,0
5.05,1754327386,5665,513183.3,-589024.8,-75841.5,1,849,4,8,0
1.92,1754327419,9022,813775.0,-227988.0,585787.0,0,850,4,8,0
130.01,1754327439,6751,542710.08,-822013.46,-279303.38,1,850,4,8,0
2.14,1754327507,7393,694084.95,-289474.56,404610.39,1,851,4,8,0
3.05,1754327530,5365,603896.76,-482475.36,121421.4,1,852,4,8,0
1.56,1754327552,7783,753315.36,-182345.52,570969.84,0,852,4,8,0
1.22,1754327575,5584,578468.66,-17505.18,560963.48,0,852,4,8,0
4.16,1754327590,5082,399656.96,-308949.72,90707.24,1,853,4,8,0
1.0,1754327619,8093,766403.92,-0.0,766403.92,0,853,4,8,0
20.16,1754327635,6020,543792.6,-681315.8,-137523.2,1,853,4,8,0
1.39,1754327684,7888,719282.75,-52925.25,666357.5,0,854,4,8,0
4.16,1754327703,5422,721721.09,-801733.87,-80012.78,1,855,4,8,0
1.86,1754327735,7504,616388.64,-141489.33,474899.31,0,855,4,8,0
1.34,1754327756,4948,687800.96,-38868.06,648932.9,0,855,4,8,0
1.22,1754327766,5119,548687.3,-5539.3,543148.0,0,856,4,8,0
1.2,1754327779,4984,576788.38,-5677.64,571110.74,0,856,4,8,0
1.67,1754327792,5229,570049.71,-148002.93,422046.78,0,856,4,8,0
4.04,1754327809,5628,741918.75,-777700.5,-35781.75,1,856,4,8,0
1.38,1754327839,8104,895761.57,-98951.19,796810.38,0,857,4,8,0
1.0,1754327857,6066,589749.72,-0.0,589749.72,0,857,4,8,0
14.67,1754327870,5392,625073.35,-792733.46,-167660.11,1,857,4,8,0
42.96,1754327914,8203,826451.12,-667235.36,159215.76,1,858,4,8,0
4.3,1754327977,7115,669154.16,-809257.88,-140103.72,1,859,4,8,0
1.32,1754328000,6550,686698.6,-28097.3,658601.3,0,860,4,8,0
4.8,1754328020,4975,476662.4,-656080.64,-179418.24,1,860,4,8,0
3.29,1754328049,7624,745715.38,-624154.48,121560.9,1,860,4,8,0
1.39,1754328074,5709,726411.32,-105376.52,621034.8,0,861,4,8,0
2.5,1754328092,5692,596814.68,-266926.66,329888.02,1,861,4,8,0
3.14,1754328114,6158,599425.92,-527878.8,71547.12,1,861,4,8,0
2.97,1754328140,7184,581072.42,-512168.06,68904.36,1,862,4,8,0
1.77,1754328166,5855,663433.94,-63138.1,600295.84,0,862,4,8,0
3.28,1754328185,6008,609092.67,-649888.92,-40796.25,1,863,4,8,0
1.15,1754328212,8179,835363.8,-32945.4,802418.4,0,863,4,8,0
3.24,1754328234,4958,772892.12,-728600.95,44291.17,1,863,4,8,0
3.31,1754328254,6475,564756.4,-541491.99,23264.41,1,864,4,8,0
1.16,1754328286,7288,727308.84,-41287.0,686021.84,0,864,4,8,0
2.44,1754328301,5545,727280.32,-527836.13,199444.19,1,865,4,8,0
2.91,1754328319,7236,735592.0,-722968.0,12624.0,1,865,4,8,0
2.97,1754328343,6153,551646.03,-686094.6,-134448.57,1,865,4,8,0
3.63,1754328367,7159,686982.42,-1006675.67,-319693.25,1,866,4,8,0
2.1,1754328401,7818,723369.22,-305251.84,418117.38,1,866,4,8,0
1.99,1754328420,5967,713071.58,-518876.7,194194.88,0,867,4,8,0
1.05,1754328440,6005,497151.9,-2410.85,494741.05,0,867,4,8,0
1.86,1754328457,4850,483704.55,-71734.95,411969.6,0,867,4,8,0
6.88,1754328470,6288,509687.09,-680443.96,-170756.87,1,867,4,8,0
3.92,1754328505,7586,715616.88,-972132.48,-256515.6,1,868,4,8,0
1.4,1754328533,6741,640600.74,-76391.64,564209.1,0,868,4,8,0
1.0,1754328550,5763,480644.8,-0.0,480644.8,0,869,4,8,0
1.63,1754328561,5477,547179.48,-80656.52,466522.96,0,869,4,8,0
2.73,1754328579,6453,591008.97,-517612.72,73396.25,1,869,4,8,0
5.33,1754328603,6713,694911.2,-1013322.4,-318411.2,1,870,4,8,0
1.17,1754328636,8158,663589.8,-43235.1,620354.7,0,870,4,8,0
1.37,1754328652,6146,456038.6,-60953.84,395084.76,0,870,4,8,0
18.14,1754328673,4798,376123.0,-619209.5,-243086.5,1,871,4,8,0
1.02,1754328714,8008,728624.31,-2162.8,726461.51,0,871,4,8,0
2.01,1754328735,5424,549101.25,-239115.0,309986.25,1,872,4,8,0
1.19,1754328755,5822,586439.7,-13664.42,572775.28,0,872,4,8,0
3.62,1754328763,6293,619117.2,-769878.0,-150760.8,1,872,4,8,0
1.1,1754328789,7920,622215.16,-4153.82,618061.34,0,873,4,8,0
3.49,1754328809,6220,653634.0,-1041534.75,-387900.75,1,873,4,8,0
1.17,1754328836,6939,448949.25,-44995.5,403953.75,0,873,4,8,0
6.01,1754328850,6186,588840.0,-963563.25,-374723.25,1,874,4,8,0
53.58,1754328883,7638,574850.53,-1049612.19,-474761.66,1,874,4,8,0
14.21,1754328941,7537,660356.3,-1043227.0,-382870.7,1,875,4,8,0
1.86,1754328991,7471,718581.63,-168328.98,550252.65,0,876,4,8,0
1.09,1754329009,4747,473472.78,-6452.63,467020.15,0,876,4,8,0
3.95,1754329017,7190,638310.4,-671752.8,-33442.4,1,876,4,8,0
1.26,1754329047,6831,551276.88,-47472.81,503804.07,0,877,4,8,0
3.34,1754329068,5006,387356.48,-645733.27,-258376.79,1,877,4,8,0
1.76,1754329095,7674,617185.51,-301153.88,316031.63,0,878,4,8,0
1.26,1754329112,6247,547241.8,-40593.12,506648.68,0,878,4,8,0
4.19,1754329130,5956,625268.97,-910968.93,-285699.96,1,878,4,8,0
1.75,1754329161,7638,562395.12,-104734.56,457660.56,0,879,4,8,0
1.82,1754329178,6581,449066.07,-230336.9,218729.17,0,879,4,8,0
1.08,1754329197,5041,581142.12,-2854.24,578287.88,0,879,4,8,0
18.9,1754329207,5348,589686.95,-806159.56,-216472.61,1,880,4,8,0
2.35,1754329258,7768,546280.6,-365421.74,180858.86,1,880,4,8,0
15.91,1754329279,5463,374492.19,-941939.44,-567447.25,1,881,4,8,0
3.08,1754329322,7285,587012.55,-909994.7,-322982.15,1,882,4,8,0
100.29,1754329353,6073,480856.02,-981896.63,-501040.61,1,882,4,8,0
1.0,1754329414,7056,586281.29,-0.0,586281.29,0,883,4,8,0
1.67,1754329432,4902,343929.72,-77292.88,266636.84,0,883,4,8,0
3.34,1754329444,6137,411936.1,-540737.57,-128801.47,1,884,4,8,0
3.84,1754329469,6863,662140.92,-952871.64,-290730.72,1,884,4,8,0
2.08,1754329498,7135,556436.15,-294822.64,261613.51,1,884,4,8,0
1.08,1754329523,5790,695017.1,-16950.26,678066.84,0,885,4,8,0
3.87,1754329535,5712,526956.22,-715964.06,-189007.84,1,885,4,8,0
1.6,1754329564,8670,798034.58,-82675.74,715358.84,0,886,4,8,0
1.45,1754329580,6645,716093.7,-48487.42,667606.28,0,886,4,8,0
2.36,1754329600,6525,575073.02,-457626.95,117446.07,1,886,4,8,0
2.16,1754329618,6651,562445.6,-442973.6,119472.0,1,886,4,8,0
21.36,1754329642,4613,609441.84,-625631.28,-16189.44,1,887,4,8,0
1.88,1754329687,7842,711175.28,-236361.54,474813.74,0,888,4,8,0
10.56,1754329710,5359,554398.5,-803419.02,-249020.52,1,888,4,8,0
2.3,1754329752,7774,693942.6,-552800.26,141142.34,1,889,4,8,0
20.17,1754329769,5485,533871.8,-1002078.0,-468206.2,1,889,4,8,0
1.21,1754329815,7231,636897.33,-18503.64,618393.69,0,890,4,8,0
1.45,1754329834,6081,549136.72,-76670.06,472466.66,0,890,4,8,0
1.21,1754329852,5430,589741.45,-39376.93,550364.52,0,890,4,8,0
4.01,1754329866,6612,559812.96,-699733.44,-139920.48,1,891,4,8,0
2.06,1754329893,7428,752855.37,-493663.23,259192.14,1,891,4,8,0
18.29,1754329917,7555,837978.24,-1171395.28,-333417.04,1,891,4,8,0
2.96,1754329964,7340,729718.57,-792879.91,-63161.34,1,892,4,8,0
2.02,1754329988,6044,527634.8,-131095.3,396539.5,1,893,4,8,0
2.07,1754330012,5696,678749.65,-370693.5,308056.15,1,893,4,8,0
17.81,1754330032,5966,632868.62,-886995.64,-254127.02,1,893,4,8,0
4.53,1754330074,7637,667283.4,-937899.9,-270616.5,1,894,4,8,0
5.98,1754330104,7353,514563.84,-1062219.48,-547655.64,1,895,4,8,0
1.17,1754330145,8482,763021.71,-59827.68,703194.03,0,895,4,8,0
5.69,1754330161,5788,640186.4,-971992.8,-331806.4,1,896,4,8,0
1.88,1754330193,8529,810426.87,-220136.4,590290.47,0,896,4,8,0
1.8,1754330215,6302,691799.19,-131239.6,560559.59,0,896,4,8,0
1.64,1754330236,5845,591317.6,-231275.2,360042.4,0,897,4,8,0
3.64,1754330249,5788,736808.52,-989974.44,-253165.92,1,897,4,8,0
1.83,1754330274,7615,801096.42,-156731.04,644365.38,0,897,4,8,0
6.97,1754330299,5898,737052.69,-1183971.69,-446919.0,1,898,4,8,0
1.01,1754330334,7730,773688.96,-0.0,773688.96,0,898,4,8,0
1.18,1754330345,6456,705397.41,-17248.95,688148.46,0,899,4,8,0
2.14,1754330360,5967,663480.72,-398427.66,265053.06,1,899,4,8,0
1.14,1754330381,6694,675056.46,-76166.22,598890.24,0,899,4,8,0
4.5,1754330398,6735,709558.85,-772784.32,-63225.47,1,899,4,8,0
2.3,1754330424,7847,737832.65,-448796.77,289035.88,1,900,4,8,0
9.88,1754330450,6594,627651.84,-835183.26,-207531.42,1,900,4,8,0
61.95,1754330487,7667,779490.53,-593773.18,185717.35,1,901,4,8,0
1.75,1754330554,7634,647503.12,-123824.8,523678.32,0,902,4,8,0
2.41,1754330573,5090,584292.17,-425446.56,158845.61,1,902,4,8,0
47.82,1754330595,6929,674600.06,-798709.52,-124109.46,1,903,4,8,0
3.33,1754330653,8160,744139.75,-743575.45,564.3,1,904,4,8,0
2.87,1754330676,5812,680125.11,-763928.73,-83803.62,1,904,4,8,0
1.04,1754330699,7433,686267.1,-4660.79,681606.31,0,904,4,8,0
1.68,1754330718,6018,570312.36,-94098.64,476213.72,0,905,4,8,0
1.95,1754330732,5444,555404.76,-336734.34,218670.42,0,905,4,8,0
1.92,1754330750,6291,656693.7,-493861.68,162832.02,0,905,4,8,0
10.71,1754330777,5857,742300.16,-893369.68,-151069.52,1,906,4,8,0
1.04,1754330818,8156,786884.14,-4660.79,782223.35,0,906,4,8,0
1.43,1754330829,7015,640705.36,-38806.5,601898.86,0,907,4,8,0
2.33,1754330851,5947,585670.68,-427241.64,158429.04,1,907,4,8,0
5.37,1754330869,6272,630111.44,-971624.28,-341512.84,1,907,4,8,0
3.2,1754330905,7970,711353.28,-1095801.33,-384448.05,1,908,4,8,0
11.78,1754330928,6132,539729.25,-923101.5,-383372.25,1,908,4,8,0
1.1,1754330974,8275,647389.85,-4153.82,643236.03,0,909,4,8,0
7.02,1754330987,6788,528170.36,-880726.76,-352556.4,1,909,4,8,0
14.16,1754331023,8168,787210.56,-1092746.88,-305536.32,1,910,4,8,0
1.14,1754331064,8531,836706.0,-45766.0,790940.0,0,911,4,8,0
4.84,1754331083,6577,678622.98,-1085624.24,-407001.26,1,911,4,8,0
1.67,1754331110,7658,783288.0,-140054.4,643233.6,0,911,4,8,0
3.81,1754331132,6957,739680.84,-860914.18,-121233.34,1,912,4,8,0
1.9,1754331158,7803,661863.55,-186428.8,475434.75,0,912,4,8,0
2.44,1754331184,5877,877270.98,-580890.86,296380.12,1,913,4,8,0
3.97,1754331203,6800,573606.96,-720771.08,-147164.12,1,913,4,8,0
8.05,1754331232,7811,871640.06,-1179386.14,-307746.08,1,913,4,8,0
81.47,1754331275,8558,856521.54,-982187.58,-125666.04,1,914,4,8,0
1.79,1754331337,7978,684126.35,-224113.55,460012.8,0,915,4,8,0
1.06,1754331361,5307,547531.08,-1475.19,546055.89,0,916,4,8,0
4.5,1754331369,5736,605861.1,-773333.34,-167472.24,1,916,4,8,0
1.97,1754331415,8596,887098.8,-236095.65,651003.15,0,916,4,8,0
1.31,1754331437,6732,748862.4,-66122.32,682740.08,0,917,4,8,0
4.06,1754331455,5631,661621.77,-854765.46,-193143.69,1,917,4,8,0
4.12,1754331483,8525,867998.58,-903414.0,-35415.42,1,918,4,8,0
1.59,1754331507,7380,717424.92,-92103.08,625321.84,0,918,4,8,0
1.41,1754331528,6489,636101.1,-17322.66,618778.44,0,918,4,8,0
1.75,1754331547,6049,627434.5,-101445.19,525989.31,0,919,4,8,0
23.34,1754331562,5907,756993.48,-1059108.6,-302115.12,1,919,4,8,0
1.04,1754331610,8401,972750.45,-4660.79,968089.66,0,920,4,8,0
2.74,1754331630,5802,739195.73,-521069.64,218126.09,1,920,4,8,0
4.41,1754331651,7372,791558.19,-972569.52,-181011.33,1,920,4,8,0
14.73,1754331680,8550,885254.9,-923488.45,-38233.55,1,921,4,8,0
2.4,1754331730,8418,770872.9,-540125.04,230747.86,1,922,4,8,0
1.42,1754331751,6507,752214.89,-78356.98,673857.91,0,922,4,8,0
6.21,1754331770,6387,618908.28,-670826.92,-51918.64,1,922,4,8,0
8.58,1754331805,8726,977794.89,-1304913.15,-327118.26,1,923,4,8,0
1.17,1754331846,8834,860075.52,-68415.58,791659.94,0,924,4,8,0
1.5,1754331860,5772,724719.88,-42895.0,681824.88,0,924,4,8,0
1.0,1754331876,5961,665105.4,-0.0,665105.4,0,924,4,8,0
1.47,1754331885,5832,657566.88,-43097.19,614469.69,0,924,4,8,0
2.36,1754331904,6018,580291.2,-416802.96,163488.24,1,925,4,8,0
1.15,1754331923,7287,302216.21,-63.75,302152.46,0,925,4,8,0
18.89,1754331942,6664,42846.77,-133623.41,-90776.64,1,925,4,8,0
1.57,1754331982,8301,43408.84,-6388.71,37020.13,0,926,4,8,0
8.42,1754332004,6980,53236.36,-115600.92,-62364.56,1,926,4,8,0
1.52,1754332043,8234,41991.16,-5243.64,36747.52,0,927,4,8,0
15.97,1754332064,5991,61538.03,-163729.82,-102191.79,1,927,4,8,0
2.83,1754332105,7211,43992.36,-31028.49,12963.87,1,928,4,8,0
1.62,1754332128,5718,51073.53,-6047.18,45026.35,0,928,4,8,0
4.29,1754332149,6263,44018.78,-63018.61,-18999.83,1,929,4,8,0
1.06,1754332177,8807,58042.17,-117.88,57924.29,0,929,4,8,0
2.62,1754332192,6632,55592.15,-46612.18,8979.97,1,929,4,8,0
24.3,1754332214,6809,38093.22,-133431.86,-95338.64,1,930,4,8,0
4.8,1754332263,8520,55654.64,-71858.0,-16203.36,1,931,4,8,0
2.92,1754332295,7817,48534.58,-43353.57,5181.01,1,931,4,8,0
10.89,1754332321,6240,51105.77,-112194.6,-61088.83,1,932,4,8,0
2.35,1754332362,7789,51286.44,-33853.27,17433.17,1,932,4,8,0
1.55,1754332388,5477,48046.89,-5703.84,42343.05,0,933,4,8,0
1.66,1754332401,6179,45127.21,-7399.83,37727.38,0,933,4,8,0
11.04,1754332421,5950,41205.02,-117254.45,-76049.43,1,933,4,8,0
1.42,1754332459,8889,60007.37,-3133.68,56873.69,0,934,4,8,0
12.94,1754332478,6413,40307.95,-115627.1,-75319.15,1,934,4,8,0
6.0,1754332523,8275,47920.37,-84275.88,-36355.51,1,935,4,8,0
4.84,1754332560,8578,55854.87,-99873.24,-44018.37,1,936,4,8,0
3.07,1754332588,7509,48082.5,-54609.3,-6526.8,1,936,4,8,0
1.4,1754332619,6538,53618.1,-2936.83,50681.27,0,936,4,8,0
11.57,1754332637,5594,48095.97,-113405.23,-65309.26,1,937,4,8,0
13.77,1754332673,8313,56342.02,-168662.12,-112320.1,1,937,4,8,0
1.2,1754332720,8552,59907.2,-872.62,59034.58,0,938,4,8,0
4.93,1754332737,5944,52314.53,-79692.84,-27378.31,1,938,4,8,0
6.45,1754332772,8565,50207.81,-110258.27,-60050.46,1,939,4,8,0
1.67,1754332808,8509,55039.74,-6244.62,48795.12,0,940,4,8,0
1.02,1754332826,6931,56768.85,-32.59,56736.26,0,940,4,8,0
1.95,1754332840,6765,46723.45,-9775.53,36947.92,0,940,4,8,0
1.04,1754332857,7145,58963.26,-10.85,58952.41,0,940,4,8,0
1.19,1754332899,5574,55366.73,-1245.71,54121.02,0,941,4,8,0
7.06,1754332910,5882,47474.67,-88568.14,-41093.47,1,941,4,8,0
1.24,1754332948,7986,54908.41,-1151.2,53757.21,0,942,4,8,0
1.02,1754332962,6144,45958.13,-24.64,45933.49,0,942,4,8,0
1.48,1754332975,6990,37303.22,-3400.65,33902.57,0,942,4,8,0
1.49,1754332993,6151,39940.53,-3808.04,36132.49,0,943,4,8,0
2.92,1754333008,6111,42485.0,-32682.23,9802.77,1,943,4,8,0
1.66,1754333028,6475,51374.36,-7640.17,43734.19,0,943,4,8,0
1.0,1754333049,6146,37005.25,-0.0,37005.25,0,944,4,8,0
2.15,1754333079,6517,44773.18,-14609.96,30163.22,1,944,4,8,0
5.67,1754333102,5191,38037.18,-65370.77,-27333.59,1,945,4,8,0
137.42,1754333134,7879,50210.93,-202948.64,-152737.71,1,945,4,8,0
1.45,1754333205,6230,45714.59,-2053.75,43660.84,0,946,4,8,0
1.54,1754333223,5176,35718.12,-5047.65,30670.47,0,947,4,8,0
1.35,1754333237,6128,35458.01,-1656.04,33801.97,0,947,4,8,0
3.55,1754333255,5717,48463.37,-54897.99,-6434.62,1,947,4,8,0
1.01,1754333278,8179,50441.15,-0.0,50441.15,0,947,4,8,0
10.39,1754333295,6100,39633.23,-100782.95,-61149.72,1,948,4,8,0
1.14,1754333332,7864,45089.69,-1478.62,43611.07,0,948,4,8,0
3.42,1754333351,6964,52626.33,-58609.96,-5983.63,1,949,4,8,0
7.59,1754333375,6897,40476.07,-73132.71,-32656.64,1,949,4,8,0
1.94,1754333416,8369,52953.24,-13911.75,39041.49,0,950,4,8,0
5.19,1754333439,5171,46192.27,-76989.57,-30797.3,1,950,4,8,0
3.39,1754333470,7727,44162.6,-49526.23,-5363.63,1,951,4,8,0
1.75,1754333493,6326,38521.39,-9318.69,29202.7,0,951,4,8,0
1.08,1754333516,5706,49719.12,-71.22,49647.9,0,951,4,8,0
14.02,1754333530,5985,42763.03,-122641.52,-79878.49,1,952,4,8,0
2.23,1754333568,7547,44961.18,-24875.51,20085.67,1,952,4,8,0
6.06,1754333595,5628,41040.14,-74991.15,-33951.01,1,953,4,8,0
1.39,1754333626,7649,44976.25,-2600.55,42375.7,0,953,4,8,0
1.33,1754333649,6268,41798.99,-5523.17,36275.82,0,954,4,8,0
1.4,1754333664,5756,47363.6,-3331.03,44032.57,0,954,4,8,0
3.15,1754333676,6367,37079.57,-32519.98,4559.59,1,954,4,8,0
13.04,1754333701,6935,46668.25,-127485.35,-80817.1,1,955,4,8,0
1.97,1754333746,7418,50050.15,-13395.81,36654.34,0,955,4,8,0
7.0,1754333774,5271,46698.01,-88672.96,-41974.95,1,956,4,8,0
2.34,1754333805,7428,46657.76,-28752.28,17905.48,1,956,4,8,0
4.24,1754333833,6050,43722.47,-55247.26,-11524.79,1,957,4,8,0
1.14,1754333861,8423,51707.5,-1030.64,50676.86,0,957,4,8,0
2.03,1754333881,6620,49869.79,-14967.35,34902.44,1,958,4,8,0
12.51,1754333898,6670,50417.45,-117945.15,-67527.7,1,958,4,8,0
4.66,1754333939,7426,48947.5,-64432.74,-15485.24,1,958,4,8,0
1.81,1754333972,7056,42632.43,-6330.52,36301.91,0,959,4,8,0
1.45,1754333999,4578,45118.52,-4718.62,40399.9,0,959,4,8,0
1.55,1754334010,5644,40215.21,-4230.17,35985.04,0,960,4,8,0
1.0,1754334029,4653,36862.89,-0.0,36862.89,0,960,4,8,0
4.25,1754334043,5822,43957.29,-63731.1,-19773.81,1,960,4,8,0
1.26,1754334079,7231,48350.56,-2878.09,45472.47,0,961,4,8,0
1.5,1754334095,5841,51956.76,-3088.44,48868.32,0,961,4,8,0
3.03,1754334113,5858,38680.53,-27654.94,11025.59,1,961,4,8,0
2.09,1754334139,5850,46288.06,-19117.81,27170.25,1,962,4,8,0
3.45,1754334162,6423,49691.04,-59525.68,-9834.64,1,962,4,8,0
1.52,1754334183,7856,53526.0,-6719.21,46806.79,0,963,4,8,0
1.42,1754334206,5823,41308.24,-3488.11,37820.13,0,963,4,8,0
4.99,1754334228,4970,42923.62,-66488.27,-23564.65,1,963,4,8,0
1.38,1754334255,8086,48386.01,-3517.19,44868.82,0,964,4,8,0
1.99,1754334279,5694,51580.3,-19476.65,32103.65,0,964,4,8,0
1.63,1754334294,5797,44386.23,-6082.74,38303.49,0,964,4,8,0
1.07,1754334315,5907,48911.05,-304.93,48606.12,0,965,4,8,0
7.18,1754334328,6156,45833.38,-101763.5,-55930.12,1,965,4,8,0
1.01,1754334366,7788,50963.56,-0.0,50963.56,0,966,4,8,0
3.03,1754334385,5666,42101.43,-36556.33,5545.1,1,966,4,8,0
1.27,1754334413,6132,39412.52,-2057.34,37355.18,0,966,4,8,0
2.43,1754334427,6270,45770.06,-33544.65,12225.41,1,967,4,8,0
1.07,1754334447,5744,43199.01,-504.03,42694.98,0,967,4,8,0
1.38,1754334464,5072,50581.33,-2498.67,48082.66,0,967,4,8,0
2.55,1754334477,6202,46202.08,-38249.48,7952.6,1,967,4,8,0
1.07,1754334502,5216,36328.74,-744.47,35584.27,0,968,4,8,0
6.4,1754334520,4905,43497.06,-83698.09,-40201.03,1,968,4,8,0
1.04,1754334556,7514,45122.56,-590.94,44531.62,0,969,4,8,0
3.47,1754334575,6055,39412.92,-51414.54,-12001.62,1,969,4,8,0
1.12,1754334603,6684,38042.02,-217.51,37824.51,0,970,4,8,0
7.56,1754334619,6446,39209.43,-89169.41,-49959.98,1,970,4,8,0
1.05,1754334656,6871,46595.28,-2.28,46593.0,0,970,4,8,0
1.42,1754334671,6330,46844.65,-1597.88,45246.77,0,971,4,8,0
3.6,1754334688,4902,41279.92,-48962.94,-7683.02,1,971,4,8,0
2.77,1754334715,7323,51258.89,-41821.59,9437.3,1,971,4,8,0
1.26,1754334738,5734,41519.45,-1532.27,39987.18,0,972,4,8,0
1.81,1754334751,5356,37075.08,-8577.14,28497.94,0,972,4,8,0
2.93,1754334768,5823,49323.06,-52011.29,-2688.23,1,972,4,8,0
1.19,1754334793,7347,48264.87,-1837.65,46427.22,0,973,4,8,0
6.24,1754334813,5925,45443.34,-86495.64,-41052.3,1,973,4,8,0
7.13,1754334848,6377,33795.48,-71918.36,-38122.88,1,974,4,8,0
1.01,1754334883,7277,37263.51,-0.0,37263.51,0,974,4,8,0
1.68,1754334903,6414,42838.37,-7726.71,35111.66,0,975,4,8,0
2.08,1754334921,7091,42818.72,-20364.13,22454.59,1,975,4,8,0
2.31,1754334947,4940,41723.52,-27362.15,14361.37,1,975,4,8,0
10.46,1754334967,6400,36847.58,-92884.43,-56036.85,1,976,4,8,0
27.94,1754335006,7403,41484.44,-127698.8,-86214.36,1,976,4,8,0
9.34,1754335057,7798,41927.61,-98547.26,-56619.65,1,977,4,8,0
23.21,1754335100,8061,41106.49,-134690.83,-93584.34,1,978,4,8,0
5.27,1754335147,7080,45090.03,-63684.62,-18594.59,1,979,4,8,0
2.87,1754335182,7940,39043.05,-26705.86,12337.19,1,979,4,8,0
1.91,1754335205,5704,39621.15,-10250.33,29370.82,0,980,4,8,0
16.84,1754335224,5913,34399.99,-108291.45,-73891.46,1,980,4,8,0
6.34,1754335269,7269,41430.89,-84871.42,-43440.53,1,981,4,8,0
1.46,1754335305,7521,44788.6,-4068.26,40720.34,0,981,4,8,0
1.18,1754335325,5210,35721.55,-881.46,34840.09,0,982,4,8,0
1.25,1754335336,5594,37536.07,-2200.26,35335.81,0,982,4,8,0
3.48,1754335348,5622,38976.7,-45816.63,-6839.93,1,982,4,8,0
7.74,1754335376,7424,41115.92,-87593.32,-46477.4,1,982,4,8,0
19.4,1754335414,7999,42658.31,-133769.45,-91111.14,1,983,4,8,0
1.31,1754335463,7837,40514.47,-2449.2,38065.27,0,984,4,8,0
3.55,1754335480,7075,33593.49,-36644.57,-3051.08,1,984,4,8,0
6.4,1754335504,6480,37468.27,-72178.53,-34710.26,1,985,4,8,0
1.65,1754335542,7868,48244.19,-5822.69,42421.5,0,985,4,8,0
1.79,1754335559,5434,43276.24,-8793.06,34483.18,0,985,4,8,0
7.47,1754335577,5934,44057.99,-100541.6,-56483.61,1,986,4,8,0
7.9,1754335615,7570,46973.62,-106433.06,-59459.44,1,986,4,8,0
1.49,1754335651,6599,43049.38,-4534.99,38514.39,0,987,4,8,0
1.27,1754335670,5443,41027.62,-2260.71,38766.91,0,987,4,8,0
8.02,1754335685,5582,46763.29,-115700.31,-68937.02,1,988,4,8,0
3.73,1754335718,8708,54890.67,-65051.13,-10160.46,1,988,4,8,0
4.9,1754335753,5950,45700.23,-65850.4,-20150.17,1,989,4,8,0
11.05,1754335783,7952,45043.51,-124368.55,-79325.04,1,989,4,8,0
46.29,1754335821,7733,41912.88,-180699.9,-138787.02,1,990,4,8,0
14.25,1754335878,7157,53861.11,-140023.03,-86161.92,1,991,4,8,0
1.46,1754335922,7661,42013.45,-1686.12,40327.33,0,992,4,8,0
1.78,1754335943,5060,36750.98,-8361.79,28389.19,0,992,4,8,0
2.75,1754335955,6045,40420.11,-25994.79,14425.32,1,992,4,8,0
1.56,1754335979,6426,46812.37,-4216.82,42595.55,0,992,4,8,0
1.24,1754336004,5971,44097.93,-1511.8,42586.13,0,993,4,8,0
1.04,1754336018,5644,39717.17,-168.3,39548.87,0,993,4,8,0
14.13,1754336029,5668,38442.95,-115454.89,-77011.94,1,993,4,8,0
3.96,1754336071,8288,47010.86,-62249.08,-15238.22,1,994,4,8,0
2.17,1754336099,6108,43490.19,-27020.69,16469.5,1,994,4,8,0
2.86,1754336119,5867,43735.77,-37549.57,6186.2,1,995,4,8,0
2.44,1754336144,6208,44602.31,-32989.51,11612.8,1,995,4,8,0
7.34,1754336166,6243,41835.02,-83207.55,-41372.53,1,996,4,8,0
1.63,1754336203,7438,45734.79,-6762.03,38972.76,0,996,4,8,0
10.38,1754336224,5519,42070.82,-104412.08,-62341.26,1,997,4,8,0
27.41,1754336262,7804,45230.4,-161023.76,-115793.36,1,997,4,8,0
1.02,1754336316,8026,48804.63,-186.19,48618.44,0,998,4,8,0
2.02,1754336334,5704,46205.49,-12844.07,33361.42,1,998,4,8,0
1.51,1754336354,6220,43380.64,-5005.59,38375.05,0,999,4,8,0
2.59,1754336372,6033,46412.92,-36256.7,10156.22,1,999,4,8,0
1.74,1754336395,6167,36410.95,-10667.07,25743.88,0,999,4,8,0
1.13,1754336417,6318,48442.33,-650.17,47792.16,0,1000,4,8,0
1.03,1754336433,4647,38937.09,-498.8,38438.29,0,1000,4,8,0
1.9,1754336444,5055,38574.54,-9072.98,29501.56,0,1000,4,8,0
1.17,1754336466,5176,38326.51,-301.32,38025.19,0,1001,4,8,0
1.94,1754336478,5344,35674.27,-7908.96,27765.31,0,1001,4,8,0
2.76,1754336497,6040,37858.23,-26881.77,10976.46,1,1001,4,8,0
1.59,1754336522,6464,49821.2,-6743.69,43077.51,0,1002,4,8,0
1.3,1754336543,6063,43013.33,-2516.97,40496.36,0,1002,4,8,0
5.68,1754336558,5859,38527.57,-65813.11,-27285.54,1,1002,4,8,0
4.38,1754336593,7811,48790.76,-72086.19,-23295.43,1,1003,4,8,0
1.87,1754336618,7196,39070.33,-9227.21,29843.12,0,1003,4,8,0
1.91,1754336642,6151,33094.25,-11386.81,21707.44,0,1004,4,8,0
5.21,1754336665,5164,51838.14,-89862.78,-38024.64,1,1004,4,8,0
1.29,1754336692,6845,39733.65,-1825.19,37908.46,0,1004,4,8,0
4.03,1754336712,4488,32486.27,-41488.11,-9001.84,1,1005,4,8,0
1.08,1754336737,7335,45292.2,-267.87,45024.33,0,1005,4,8,0
2.41,1754336760,5695,54769.07,-41586.48,13182.59,1,1006,4,8,0
3.29,1754336781,7128,36932.94,-42672.84,-5739.9,1,1006,4,8,0
1.14,1754336806,6277,40786.31,-1331.4,39454.91,0,1006,4,8,0
2.7,1754336829,5576,37517.24,-30672.3,6844.94,1,1007,4,8,0
1.21,1754336850,6595,39645.36,-1873.25,37772.11,0,1007,4,8,0
1.61,1754336867,5981,50315.57,-7111.94,43203.63,0,1007,4,8,0
5.56,1754336888,4759,38318.12,-73127.74,-34809.62,1,1008,4,8,0
1.17,1754336916,7599,51202.9,-1530.7,49672.2,0,1008,4,8,0
4.15,1754336933,4870,43027.58,-65193.12,-22165.54,1,1008,4,8,0
2.36,1754336960,5980,42858.4,-32886.39,9972.01,1,1009,4,8,0
1.93,1754336983,5440,45575.17,-17928.73,27646.44,0,1009,4,8,0
2.55,1754337004,4932,44882.61,-43522.72,1359.89,1,1010,4,8,0
9.47,1754337023,7742,54120.01,-116591.62,-62471.61,1,1010,4,8,0
2.84,1754337067,7794,43451.44,-41019.95,2431.49,1,1011,4,8,0
2.24,1754337092,5608,42210.4,-27041.2,15169.2,1,1011,4,8,0
1.81,1754337119,5881,51452.58,-15982.44,35470.14,0,1011,4,8,0
3.15,1754337137,6010,37669.15,-39449.26,-1780.11,1,1012,4,8,0
3.13,1754337159,7321,50686.25,-62871.08,-12184.83,1,1012,4,8,0
2.43,1754337185,6163,37014.55,-30295.86,6718.69,1,1013,4,8,0
2.16,1754337209,5953,43704.17,-31614.87,12089.3,1,1013,4,8,0
1.8,1754337230,6081,41122.3,-12956.97,28165.33,0,1013,4,8,0
1.55,1754337249,5616,43449.1,-7938.09,35511.01,0,1014,4,8,0
6.04,1754337266,6257,44756.72,-79342.68,-34585.96,1,1014,4,8,0
1.4,1754337302,7140,45286.37,-4240.26,41046.11,0,1015,4,8,0
2.78,1754337320,6137,44616.42,-40181.86,4434.56,1,1015,4,8,0
1.23,1754337340,7018,43066.24,-1167.59,41898.65,0,1015,4,8,0
7.62,1754337358,5471,53525.94,-107186.33,-53660.39,1,1015,4,8,0
1.46,1754337393,7307,43867.67,-7504.85,36362.82,0,1016,4,8,0
1.22,1754337414,5212,43673.44,-1966.01,41707.43,0,1016,4,8,0
7.36,1754337425,5581,45301.05,-102352.48,-57051.43,1,1017,4,8,0
6.05,1754337459,7941,51994.15,-94556.99,-42562.84,1,1017,4,8,0
2.87,1754337494,7624,40241.46,-37138.09,3103.37,1,1018,4,8,0
1.33,1754337519,5916,44474.04,-2904.12,41569.92,0,1018,4,8,0
16.72,1754337539,5860,43384.82,-121853.05,-78468.23,1,1018,4,8,0
1.37,1754337580,8177,49035.61,-1950.0,47085.61,0,1019,4,8,0
1.41,1754337609,6144,48850.29,-4435.92,44414.37,0,1020,4,8,0
3.14,1754337625,5133,41974.26,-42088.71,-114.45,1,1020,4,8,0
1.01,1754337653,5614,51060.47,-0.0,51060.47,0,1020,4,8,0
1.8,1754337665,4850,36551.11,-7921.56,28629.55,0,1021,4,8,0
1.36,1754337679,5889,46618.38,-3377.71,43240.67,0,1021,4,8,0
4.33,1754337699,6830,42368.69,-61263.87,-18895.18,1,1021,4,8,0
1.36,1754337724,6650,42648.78,-3020.9,39627.88,0,1022,4,8,0
3.59,1754337743,5089,33977.43,-43541.47,-9564.04,1,1022,4,8,0
1.36,1754337775,6982,36693.98,-4879.4,31814.58,0,1022,4,8,0
1.0,1754337794,5084,35815.76,-0.0,35815.76,0,1023,4,8,0
3.0,1754337806,5345,48449.43,-40623.79,7825.64,1,1023,4,8,0
1.97,1754337832,6258,39392.73,-14684.89,24707.84,0,1023,4,8,0
30.07,1754337852,4944,41522.13,-114231.59,-72709.46,1,1024,4,8,0
1.32,1754337910,6384,39427.0,-2658.25,36768.75,0,1025,4,8,0
2.81,1754337931,4240,41687.1,-32458.03,9229.07,1,1025,4,8,0
10.63,1754337957,5456,35672.39,-82688.89,-47016.5,1,1025,4,8,0
2.08,1754337995,7522,44695.55,-23556.18,21139.37,1,1026,4,8,0
2.39,1754338028,5045,36536.35,-26961.4,9574.95,1,1027,4,8,0
1.07,1754338046,7265,43617.42,-766.54,42850.88,0,1027,4,8,0
14.54,1754338062,5634,42950.86,-112615.8,-69664.94,1,1027,4,8,0
3.13,1754338104,7432,43296.91,-55216.1,-11919.19,1,1028,4,8,0
2.15,1754338134,5644,40985.55,-26693.97,14291.58,1,1028,4,8,0
1.43,1754338149,5174,40582.35,-4108.93,36473.42,0,1029,4,8,0
3.18,1754338196,4736,43131.05,-50357.57,-7226.52,1,1029,4,8,0
1.0,1754338215,7179,48607.75,-0.0,48607.75,0,1030,4,8,0
1.01,1754338234,5135,50443.85,-0.0,50443.85,0,1030,4,8,0
1.41,1754338246,4982,47853.24,-3921.43,43931.81,0,1030,4,8,0
1.25,1754338263,5692,54116.81,-2162.88,51953.93,0,1031,4,8,0
25.35,1754338274,5188,42661.82,-132856.97,-90195.15,1,1031,4,8,0
10.13,1754338324,7238,49898.39,-98581.64,-48683.25,1,1032,4,8,0
1.0,1754338363,8819,112850.41,-0.0,112850.41,0,1032,4,8,0
11.47,1754338390,5732,41080.66,-106561.12,-65480.46,1,1033,4,8,0
1.34,1754338419,7613,51495.95,-2879.24,48616.71,0,1033,4,8,0
3.37,1754338445,4924,48226.53,-48000.52,226.01,1,1034,4,8,0
5.94,1754338465,7124,37953.05,-68304.65,-30351.6,1,1034,4,8,0
1.06,1754338502,7376,46003.33,-1166.51,44836.82,0,1035,4,8,0
20.93,1754338516,5390,38576.78,-118975.62,-80398.84,1,1035,4,8,0
4.19,1754338564,7204,37771.77,-51440.15,-13668.38,1,1036,4,8,0
3.01,1754338594,6225,31652.81,-31152.77,500.04,1,1036,4,8,0
1.4,1754338623,4265,38908.62,-3668.39,35240.23,0,1037,4,8,0
1.24,1754338636,5678,37935.52,-3177.92,34757.6,0,1037,4,8,0
1.36,1754338652,5981,48102.96,-4268.03,43834.93,0,1037,4,8,0
2.19,1754338666,5614,45675.25,-24625.46,21049.79,1,1037,4,8,0
3.92,1754338694,5051,42561.71,-63368.97,-20807.26,1,1038,4,8,0
1.1,1754338719,7525,48406.81,-1055.21,47351.6,0,1038,4,8,0
14.08,1754338737,4783,41305.02,-107598.92,-66293.9,1,1038,4,8,0
1.15,1754338778,7597,46576.38,-1796.11,44780.27,0,1039,4,8,0
1.38,1754338793,5216,37562.46,-2516.79,35045.67,0,1039,4,8,0
13.13,1754338814,5654,39774.16,-111837.51,-72063.35,1,1040,4,8,0
1.0,1754338852,7641,47161.32,-0.0,47161.32,0,1040,4,8,0
1.07,1754338867,5710,48255.22,-855.32,47399.9,0,1041,4,8,0
2.07,1754338879,6022,37033.05,-15404.69,21628.36,1,1041,4,8,0
16.48,1754338903,6295,39905.01,-112460.56,-72555.55,1,1041,4,8,0
1.0,1754338948,6979,43014.13,-0.0,43014.13,0,1042,4,8,0
1.5,1754338958,4958,32264.8,-3331.44,28933.36,0,1042,4,8,0
1.0,1754338979,1,550522984.22,-0.0,550522984.22,0,1042,4,8,0
1.08,1754338994,1425,301777.35,-1802.86,299974.49,0,1043,4,8,0
39.61,1754339007,6484,38558.59,-142663.35,-104104.76,1,1043,4,8,0
2.31,1754339058,7011,38685.54,-24399.08,14286.46,1,1044,4,8,0
1.23,1754339083,4625,35757.92,-1057.3,34700.62,0,1044,4,8,0
12.0,1754339097,5675,37817.88,-98056.59,-60238.71,1,1044,4,8,0
2.01,1754339142,7405,39829.24,-16382.23,23447.01,1,1045,4,8,0
1.41,1754339172,4725,30245.56,-2958.41,27287.15,0,1046,4,8,0
9.23,1754339183,4246,36843.63,-79725.16,-42881.53,1,1046,4,8,0
5.97,1754339218,7453,48816.33,-79416.88,-30600.55,1,1046,4,8,0
1.61,1754339255,7906,39118.39,-6221.83,32896.56,0,1047,4,8,0
1.12,1754339284,7735,106721.91,-2236.7,104485.21,0,1048,4,8,0
2.54,1754339301,5327,44772.95,-25801.02,18971.93,1,1048,4,8,0
1.22,1754339314,6416,44122.93,-3777.81,40345.12,0,1048,4,8,0
3.46,1754339334,4750,40521.25,-40533.88,-12.63,1,1048,4,8,0
1.02,1754339356,6815,41820.52,-2162.8,39657.72,0,1049,4,8,0
4.09,1754339370,5311,45451.72,-68935.84,-23484.12,1,1049,4,8,0
3.85,1754339401,6948,41546.99,-54221.85,-12674.86,1,1050,4,8,0
1.0,1754339428,4774,39379.43,-0.0,39379.43,0,1050,4,8,0
2.63,1754339447,5541,46379.23,-34980.21,11399.02,1,1050,4,8,0
7.84,1754339463,7380,50964.7,-93048.32,-42083.62,1,1051,4,8,0
12.76,1754339501,7558,46174.25,-123541.55,-77367.3,1,1051,4,8,0
3.76,1754339545,7672,48411.08,-57431.94,-9020.86,1,1052,4,8,0
1.49,1754339571,5084,33329.62,-2646.43,30683.19,0,1052,4,8,0
4.17,1754339590,5039,39769.58,-58162.13,-18392.55,1,1053,4,8,0
2.32,1754339613,7477,47401.76,-30531.04,16870.72,1,1053,4,8,0
1.06,1754339613,5408,39885.0,-68.21,39816.79,0,1053,4,8,0
1.01,1754339703,5225,44691.22,-0.0,44691.22,0,1055,4,8,0
10.58,1754339714,5688,49217.67,-118924.39,-69706.72,1,1055,4,8,0
2.86,1754339755,7669,42639.47,-35019.35,7620.12,1,1055,4,8,0
4.63,1754339781,5801,44518.29,-67544.33,-23026.04,1,1056,4,8,0
1.44,1754339815,6857,43715.35,-6653.94,37061.41,0,1056,4,8,0
2.21,1754339831,4705,36254.79,-22397.97,13856.82,1,1057,4,8,0
1.35,1754339846,5930,47116.06,-4143.27,42972.79,0,1057,4,8,0
10.61,1754339867,5259,48084.14,-111698.97,-63614.83,1,1057,4,8,0
1.81,1754339902,7269,42422.5,-11674.61,30747.89,0,1058,4,8,0
1.0,1754339925,5659,47732.81,-0.0,47732.81,0,1058,4,8,0
1.2,1754339935,5456,53082.04,-4056.74,49025.3,0,1058,4,8,0
2.57,1754339949,5488,48343.32,-38234.53,10108.79,1,1059,4,8,0
165.18,1754339972,6598,44450.93,-174379.7,-129928.77,1,1059,4,8,0
1.47,1754340047,6639,42116.36,-3689.85,38426.51,0,1060,4,8,0
2.13,1754340066,4563,35504.84,-18820.82,16684.02,1,1061,4,8,0
1.12,1754340082,6359,42532.97,-1971.54,40561.43,0,1061,4,8,0
2.23,1754340101,4890,39502.99,-25728.26,13774.73,1,1061,4,8,0
12.91,1754340125,5084,33344.23,-96779.9,-63435.67,1,1062,4,8,0
1.04,1754340165,6629,38057.33,-15.02,38042.31,0,1062,4,8,0
1.1,1754340186,4894,40456.59,-1642.35,38814.24,0,1063,4,8,0
1.06,1754340196,5278,46254.99,-1920.09,44334.9,0,1063,4,8,0
1.27,1754340213,5775,43287.96,-974.29,42313.67,0,1063,4,8,0
7.33,1754340231,5660,50367.21,-98651.54,-48284.33,1,1063,4,8,0
2.91,1754340269,6755,44519.34,-41710.01,2809.33,1,1064,4,8,0
8.13,1754340296,4981,36759.49,-78167.01,-41407.52,1,1064,4,8,0
1.53,1754340335,7069,36254.48,-2736.64,33517.84,0,1065,4,8,0
5.39,1754340362,4771,36477.08,-54510.52,-18033.44,1,1066,4,8,0
1.03,1754340392,6928,43877.61,-15.18,43862.43,0,1066,4,8,0
1.45,1754340410,5232,42153.45,-2340.86,39812.59,0,1066,4,8,0
5.38,1754340423,5168,45317.65,-80858.29,-35540.64,1,1067,4,8,0
1.11,1754340454,7376,43465.43,-917.5,42547.93,0,1067,4,8,0
2.19,1754340473,5452,43260.53,-22415.11,20845.42,1,1067,4,8,0
60.08,1754340492,6362,46795.22,-155053.32,-108258.1,1,1068,4,8,0
3.49,1754340555,6880,46849.62,-49326.39,-2476.77,1,1069,4,8,0
3.11,1754340585,4688,34697.17,-37137.21,-2440.04,1,1069,4,8,0
1.63,1754340608,6938,47230.54,-8527.31,38703.23,0,1070,4,8,0
1.66,1754340626,4714,34712.0,-5668.61,29043.39,0,1070,4,8,0
1.6,1754340640,5630,41812.15,-6409.18,35402.97,0,1070,4,8,0
1.08,1754340658,5022,42126.6,-732.51,41394.09,0,1070,4,8,0
1.62,1754340671,5754,52076.49,-10186.8,41889.69,0,1071,4,8,0
6.73,1754340689,6016,45623.15,-80815.65,-35192.5,1,1071,4,8,0
1.0,1754340725,7239,49553.27,-0.0,49553.27,0,1072,4,8,0
3.78,1754340740,5870,56986.79,-71228.57,-14241.78,1,1072,4,8,0
3.03,1754340768,6511,43726.95,-39457.87,4269.08,1,1072,4,8,0
5.18,1754340793,5888,45125.29,-80285.36,-35160.07,1,1073,4,8,0
1.5,1754340825,7157,48986.75,-5177.07,43809.68,0,1073,4,8,0
2.04,1754340845,4952,42057.56,-17040.9,25016.66,1,1074,4,8,0
6.91,1754340862,4603,37977.0,-79485.56,-41508.56,1,1074,4,8,0
1.12,1754340896,7120,43181.41,-199.52,42981.89,0,1074,4,8,0
1.48,1754340914,5713,52691.06,-4840.14,47850.92,0,1075,4,8,0
1.0,1754340928,6072,46483.31,-0.0,46483.31,0,1075,4,8,0
1.61,1754340941,5490,48742.85,-6376.07,42366.78,0,1075,4,8,0
1.34,1754340959,5411,52846.8,-1865.44,50981.36,0,1075,4,8,0
1.61,1754340975,5008,49276.39,-8447.53,40828.86,0,1076,4,8,0
1.6,1754340991,4724,45981.25,-7582.96,38398.29,0,1076,4,8,0
12.63,1754341006,4443,46496.16,-125612.15,-79115.99,1,1076,4,8,0
1.28,1754341047,5372,41748.45,-1542.25,40206.2,0,1077,4,8,0
1.26,1754341061,4861,42790.55,-2370.19,40420.36,0,1077,4,8,0
3.43,1754341074,4380,40736.37,-39684.31,1052.06,1,1077,4,8,0
16.44,1754341101,5079,46382.24,-121608.67,-75226.43,1,1078,4,8,0
3.05,1754341146,5281,157846.1,-121128.6,36717.5,1,1079,4,8,0
9.58,1754341171,5384,638051.7,-633193.86,4857.84,1,1079,4,8,0
1.15,1754341208,5840,681979.2,-81951.24,600027.96,0,1080,4,8,0
1.49,1754341222,4960,555168.6,-96957.7,458210.9,0,1080,4,8,0
1.62,1754341239,5192,652557.75,-166398.75,486159.0,0,1080,4,8,0
1.2,1754341257,5114,693384.0,-5677.64,687706.36,0,1080,4,8,0
1.44,1754341271,4767,623395.5,-79878.4,543517.1,0,1081,4,8,0
1.45,1754341288,4590,592900.42,-26032.18,566868.24,0,1081,4,8,0
1.67,1754341304,4440,541267.84,-96387.2,444880.64,0,1081,4,8,0
7.83,1754341323,4373,648114.06,-580616.52,67497.54,1,1082,4,8,0
1.0,1754341358,5131,609978.75,-0.0,609978.75,0,1082,4,8,0
1.1,1754341372,4493,591420.06,-27584.7,563835.36,0,1082,4,8,0
2.05,1754341386,3957,481907.07,-128202.69,353704.38,1,1083,4,8,0
1.91,1754341408,4110,525026.4,-235629.0,289397.4,0,1083,4,8,0
1.07,1754341429,3936,463030.7,-22987.25,440043.45,0,1083,4,8,0
1.81,1754341442,3535,427243.0,-20897.5,406345.5,0,1084,4,8,0
2.38,1754341463,3388,388268.16,-325295.81,62972.35,1,1084,4,8,0
2.55,1754341488,3513,350788.55,-252882.14,97906.41,1,1084,4,8,0
1.5,1754341514,3768,386871.91,-34064.16,352807.75,0,1085,4,8,0
1.53,1754341531,3401,399071.0,-54508.0,344563.0,0,1085,4,8,0
2.62,1754341549,3264,367437.77,-380935.8,-13498.03,1,1085,4,8,0
1.26,1754341569,3630,461816.32,-9007.99,452808.33,0,1086,4,8,0
1.07,1754341583,3080,375347.12,-3804.36,371542.76,0,1086,4,8,0
4.28,1754341596,2551,428421.76,-745101.44,-316679.68,1,1086,4,8,0
1.06,1754341634,3124,315537.32,-1475.19,314062.13,0,1087,4,8,0
1.48,1754341646,2669,463733.16,-74001.84,389731.32,0,1087,4,8,0
2.38,1754341661,2542,374623.83,-386770.23,-12146.4,1,1087,4,8,0
1.34,1754341683,2839,489356.7,-24272.5,465084.2,0,1088,4,8,0
10.46,1754341698,2495,419660.48,-726607.6,-306947.12,1,1088,4,8,0
1.8,1754341736,2987,498449.11,-125700.89,372748.22,0,1088,4,8,0
1.37,1754341754,3115,355878.36,-35954.06,319924.3,0,1089,4,8,0
9.7,1754341768,2846,522540.2,-849123.8,-326583.6,1,1089,4,8,0
2.49,1754341806,3257,372068.45,-350470.54,21597.91,1,1090,4,8,0
1.35,1754341828,3304,329315.37,-8211.98,321103.39,0,1090,4,8,0
1.62,1754341842,2990,471770.64,-80288.64,391482.0,0,1090,4,8,0
1.0,1754341861,3219,328359.36,-0.0,328359.36,0,1091,4,8,0
3.19,1754341870,2813,524314.7,-694044.4,-169729.7,1,1091,4,8,0
1.17,1754341897,3146,315187.2,-17401.5,297785.7,0,1091,4,8,0
2.61,1754341910,2557,434381.85,-413397.81,20984.04,1,1091,4,8,0
2.04,1754341933,2613,421256.43,-180823.86,240432.57,1,1092,4,8,0
2.1,1754341951,2727,473264.36,-340025.84,133238.52,1,1092,4,8,0
1.13,1754341971,2756,487049.32,-4397.52,482651.8,0,1092,4,8,0
21.91,1754341982,2457,410693.4,-564492.6,-153799.2,1,1093,4,8,0
7.94,1754342029,3071,320464.98,-445157.18,-124692.2,1,1093,4,8,0
1.0,1754342065,3256,353618.88,-0.0,353618.88,0,1094,4,8,0
5.79,1754342076,2972,512070.18,-682116.38,-170046.2,1,1094,4,8,0
1.7,1754342110,3370,350938.0,-70371.0,280567.0,0,1095,4,8,0
1.03,1754342127,3427,378893.32,-10167.04,368726.28,0,1095,4,8,0
1.38,1754342137,3078,379957.24,-61484.52,318472.72,0,1095,4,8,0
22.67,1754342152,3002,390465.48,-452016.7,-61551.22,1,1095,4,8,0
3.39,1754342205,3567,330549.34,-352841.67,-22292.33,1,1096,4,8,0
10.35,1754342232,3483,332093.13,-394770.09,-62676.96,1,1097,4,8,0
1.1,1754342271,3695,393554.16,-10558.08,382996.08,0,1097,4,8,0
1.28,1754342285,3266,319959.08,-9189.44,310769.64,0,1098,4,8,0
1.09,1754342299,3167,330181.1,-8993.92,321187.18,0,1098,4,8,0
4.32,1754342311,3269,368583.84,-434246.88,-65663.04,1,1098,4,8,0
7.59,1754342338,3758,446267.25,-580966.23,-134698.98,1,1098,4,8,0
1.56,1754342374,3975,408779.73,-121868.63,286911.1,0,1099,4,8,0
2.22,1754342391,3496,355317.51,-240056.49,115261.02,1,1099,4,8,0
7.28,1754342412,3782,390979.12,-682039.12,-291060.0,1,1100,4,8,0
6.39,1754342446,3794,358508.7,-584737.92,-226229.22,1,1100,4,8,0
4.91,1754342479,4074,406051.04,-466495.74,-60444.7,1,1101,4,8,0
3.04,1754342512,4267,476199.68,-376410.06,99789.62,1,1101,4,8,0
1.23,1754342536,4193,477547.04,-56068.76,421478.28,0,1102,4,8,0
1.61,1754342551,3681,397628.4,-99974.16,297654.24,0,1102,4,8,0
1.6,1754342570,3748,427398.66,-136065.96,291332.7,0,1102,4,8,0
15.29,1754342585,3748,466523.68,-551661.6,-85137.92,1,1103,4,8,0
3.17,1754342629,4555,524898.77,-409359.28,115539.49,1,1103,4,8,0
5.29,1754342657,4452,510355.95,-534661.4,-24305.45,1,1104,4,8,0
1.1,1754342687,4540,532156.3,-27430.65,504725.65,0,1104,4,8,0
8.92,1754342698,3732,389292.95,-655579.79,-266286.84,1,1104,4,8,0
1.08,1754342735,4746,554143.83,-2854.24,551289.59,0,1105,4,8,0
1.05,1754342747,4309,478418.56,-12513.28,465905.28,0,1105,4,8,0
2.07,1754342758,3864,412408.08,-224759.36,187648.72,1,1105,4,8,0
1.27,1754342778,4369,457863.68,-62636.16,395227.52,0,1106,4,8,0
1.05,1754342792,3720,368041.86,-10558.08,357483.78,0,1106,4,8,0
1.03,1754342803,3674,361365.4,-10753.6,350611.8,0,1106,4,8,0
2.24,1754342815,3219,346285.92,-247397.76,98888.16,1,1106,4,8,0
2.09,1754342836,3472,360712.8,-265448.88,95263.92,1,1107,4,8,0
1.04,1754342856,3434,415639.12,-10167.04,405472.08,0,1107,4,8,0
1.05,1754342866,2878,473186.88,-14077.44,459109.44,0,1107,4,8,0
10.99,1754342881,2654,402362.35,-763190.35,-360828.0,1,1108,4,8,0
5.28,1754342920,3438,336961.08,-486219.21,-149258.13,1,1108,4,8,0
1.59,1754342949,3468,330041.46,-47746.09,282295.37,0,1109,4,8,0
2.14,1754342965,3089,317239.65,-192822.3,124417.35,1,1109,4,8,0
4.68,1754342984,3490,333328.84,-478182.12,-144853.28,1,1109,4,8,0
1.14,1754343014,3524,314726.88,-31900.44,282826.44,0,1110,4,8,0
20.7,1754343024,3339,342577.71,-527622.54,-185044.83,1,1110,4,8,0
3.14,1754343075,3912,421744.68,-419469.34,2275.34,1,1111,4,8,0
1.08,1754343100,3562,359516.04,-31900.44,327615.6,0,1111,4,8,0
1.46,1754343109,3522,373872.24,-34004.34,339867.9,0,1111,4,8,0
4.87,1754343124,3551,356424.47,-523654.84,-167230.37,1,1112,4,8,0
4.31,1754343153,3981,481977.0,-726962.4,-244985.4,1,1112,4,8,0
1.07,1754343182,3709,337551.84,-33127.38,304424.46,0,1113,4,8,0
1.88,1754343196,3313,284787.84,-124728.48,160059.36,0,1113,4,8,0
1.0,1754343217,3978,436376.92,-0.0,436376.92,0,1113,4,8,0
3.47,1754343228,3551,376327.6,-577172.75,-200845.15,1,1113,4,8,0
8.44,1754343254,3896,442620.0,-781549.8,-338929.8,1,1114,4,8,0
2.57,1754343288,3839,370869.93,-402470.73,-31600.8,1,1114,4,8,0
141.62,1754343312,3634,342055.64,-567379.31,-225323.67,1,1115,4,8,0
1.66,1754343383,3940,395933.97,-117510.06,278423.91,0,1116,4,8,0
1.02,1754343399,3513,380067.81,-9971.52,370096.29,0,1116,4,8,0
3.61,1754343412,3187,321392.34,-383460.14,-62067.8,1,1116,4,8,0
1.65,1754343438,4161,487910.43,-121827.51,366082.92,0,1117,4,8,0
10.94,1754343458,3770,353744.6,-734316.0,-380571.4,1,1117,4,8,0
1.14,1754343498,4058,370533.0,-11340.16,359192.84,0,1118,4,8,0
3.78,1754343514,3928,423715.8,-608832.6,-185116.8,1,1118,4,8,0
16.9,1754343544,3787,343807.82,-568772.15,-224964.33,1,1119,4,8,0
1.04,1754343588,4295,470798.72,-12513.28,458285.44,0,1119,4,8,0
1.35,1754343603,3996,405078.6,-37051.8,368026.8,0,1120,4,8,0
1.77,1754343618,4080,451960.78,-140375.44,311585.34,0,1120,4,8,0
1.55,1754343638,4105,469137.26,-94470.64,374666.62,0,1120,4,8,0
1.29,1754343657,3835,377370.04,-49402.66,327967.38,0,1120,4,8,0
1.47,1754343669,3538,360944.1,-33793.74,327150.36,0,1121,4,8,0
1.27,1754343686,3439,325375.92,-9971.52,315404.4,0,1121,4,8,0
3.72,1754343699,3185,326013.6,-366765.6,-40752.0,1,1121,4,8,0
13.24,1754343727,3808,434732.16,-739978.56,-305246.4,1,1122,4,8,0
3.63,1754343767,3989,387199.89,-562569.72,-175369.83,1,1122,4,8,0
2.16,1754343794,4064,417113.73,-328733.88,88379.85,1,1123,4,8,0
1.15,1754343814,3942,450952.93,-11535.68,439417.25,0,1123,4,8,0
1.33,1754343825,3425,345485.0,-32160.5,313324.5,0,1123,4,8,0
45.64,1754343841,3260,317468.0,-595337.5,-277869.5,1,1124,4,8,0
1.0,1754343897,4116,433500.28,-0.0,433500.28,0,1124,4,8,0
4.66,1754343907,3497,376076.87,-519372.97,-143296.1,1,1125,4,8,0
2.53,1754343938,3877,368977.44,-269411.16,99566.28,1,1125,4,8,0
2.07,1754343961,3960,410332.2,-270240.0,140092.2,1,1126,4,8,0
1.68,1754343980,3950,400268.4,-142584.0,257684.4,0,1126,4,8,0
1.4,1754343997,3766,341725.56,-59358.94,282366.62,0,1126,4,8,0
4.41,1754344012,3506,305210.57,-557362.84,-252152.27,1,1126,4,8,0
1.28,1754344042,4094,393011.84,-56060.16,336951.68,0,1127,4,8,0
1.96,1754344058,3621,323765.12,-169910.16,153854.96,0,1127,4,8,0
1.04,1754344078,3766,475398.0,-38573.4,436824.6,0,1127,4,8,0
3.51,1754344092,3236,322258.29,-499580.19,-177321.9,1,1128,4,8,0
1.62,1754344121,3509,276333.75,-103440.7,172893.05,0,1128,4,8,0
13.76,1754344141,3189,216875.96,-585516.68,-368640.72,1,1129,4,8,0
2.68,1754344186,3436,239577.6,-246839.49,-7261.89,1,1129,4,8,0
4.6,1754344208,3530,258055.2,-471904.16,-213848.96,1,1130,4,8,0
1.64,1754344237,3669,250830.54,-115194.42,135636.12,0,1130,4,8,0
1.0,1754344259,3522,249294.51,-0.0,249294.51,0,1130,4,8,0
5.16,1754344268,3342,286796.97,-487513.59,-200716.62,1,1131,4,8,0
1.72,1754344299,3876,298715.82,-102570.91,196144.91,0,1131,4,8,0
1.07,1754344321,3574,263431.44,-10558.08,252873.36,0,1132,4,8,0
5.09,1754344334,3519,290726.8,-605349.92,-314623.12,1,1132,4,8,0
5.31,1754344366,3546,274985.73,-502613.31,-227627.58,1,1132,4,8,0
1.36,1754344399,3752,275996.6,-19342.4,256654.2,0,1133,4,8,0
1.16,1754344411,3320,249139.52,-30258.97,218880.55,0,1133,4,8,0
1.85,1754344423,3452,285855.5,-157135.99,128719.51,0,1133,4,8,0
2.42,1754344444,3523,316203.3,-315661.11,542.19,1,1134,4,8,0
8.83,1754344466,3604,320893.47,-556770.3,-235876.83,1,1134,4,8,0
52.19,1754344503,3678,289059.12,-607915.84,-318856.72,1,1135,4,8,0
1.55,1754344565,3735,270920.65,-53810.35,217110.3,0,1136,4,8,0
1.61,1754344579,3306,242896.43,-111599.95,131296.48,0,1136,4,8,0
14.09,1754344597,3349,260386.0,-572390.0,-312004.0,1,1136,4,8,0
1.4,1754344639,3971,293939.48,-30070.56,263868.92,0,1137,4,8,0
8.39,1754344656,3487,252425.75,-502252.38,-249826.63,1,1137,4,8,0
1.18,1754344695,3862,291767.26,-11340.16,280427.1,0,1138,4,8,0
22.7,1754344712,3996,352109.52,-685663.65,-333554.13,1,1138,4,8,0
121.68,1754344760,3805,266312.48,-553591.92,-287279.44,1,1139,4,8,0
2.09,1754344833,4109,307974.87,-168567.21,139407.66,1,1140,4,8,0
4.78,1754344853,3679,275207.97,-332898.24,-57690.27,1,1140,4,8,0
1.07,1754344885,4140,326498.25,-21600.8,304897.45,0,1141,4,8,0
2.57,1754344897,3550,278004.16,-208645.36,69358.8,1,1141,4,8,0
5.88,1754344921,4101,396401.28,-582268.8,-185867.52,1,1142,4,8,0
1.89,1754344956,4324,370359.25,-184014.16,186345.09,0,1142,4,8,0
1.85,1754344977,4202,391209.72,-201845.16,189364.56,0,1142,4,8,0
5.88,1754344999,4039,353091.06,-391143.69,-38052.63,1,1143,4,8,0
2.37,1754345030,4409,363552.72,-192493.44,171059.28,1,1143,4,8,0
5.24,1754345054,4016,332302.99,-517688.09,-185385.1,1,1144,4,8,0
25.89,1754345085,4353,395580.06,-840809.8,-445229.74,1,1144,4,8,0
1.79,1754345137,4405,358165.5,-143633.82,214531.68,0,1145,4,8,0
1.71,1754345158,4016,379414.8,-154890.6,224524.2,0,1145,4,8,0
1.96,1754345176,4173,373602.56,-226430.08,147172.48,0,1146,4,8,0
1.24,1754345197,4315,373940.82,-27099.6,346841.22,0,1146,4,8,0
2.2,1754345214,3892,335589.05,-350460.59,-14871.54,1,1146,4,8,0
6.58,1754345237,4412,361332.3,-652870.4,-291538.1,1,1147,4,8,0
2.78,1754345269,4636,431035.8,-443237.75,-12201.95,1,1147,4,8,0
2.73,1754345295,4607,449539.2,-406980.0,42559.2,1,1148,4,8,0
1.01,1754345320,4393,445203.48,-0.0,445203.48,0,1148,4,8,0
14.83,1754345332,3774,353267.56,-701870.18,-348602.62,1,1148,4,8,0
2.01,1754345377,4558,422935.64,-363449.0,59486.64,1,1149,4,8,0
2.18,1754345400,4308,439986.32,-233222.31,206764.01,1,1150,4,8,0
1.17,1754345422,4373,438305.29,-27510.2,410795.09,0,1150,4,8,0
1.81,1754345434,3977,432525.38,-160105.48,272419.9,0,1150,4,8,0
2.7,1754345452,3909,405443.28,-275268.04,130175.24,1,1150,4,8,0
2.28,1754345478,4319,505037.36,-392877.48,112159.88,1,1151,4,8,0
1.22,1754345499,4066,472879.58,-25457.2,447422.38,0,1151,4,8,0
2.85,1754345510,3550,345280.32,-323277.48,22002.84,1,1151,4,8,0
1.62,1754345533,3993,449862.84,-177576.84,272286.0,0,1152,4,8,0
5.84,1754345550,3894,413700.84,-673901.55,-260200.71,1,1152,4,8,0
1.1,1754345582,3626,349132.85,-30742.25,318390.6,0,1153,4,8,0
1.02,1754345594,3853,419910.5,-25457.2,394453.3,0,1153,4,8,0
2.52,1754345608,3395,362170.44,-318492.54,43677.9,1,1153,4,8,0
8.44,1754345631,3616,378235.4,-706278.76,-328043.36,1,1153,4,8,0
1.18,1754345666,3680,331520.46,-23814.8,307705.66,0,1154,4,8,0
2.64,1754345680,3236,267144.0,-358992.0,-91848.0,1,1154,4,8,0
1.47,1754345704,3657,346608.0,-78353.94,268254.06,0,1155,4,8,0
1.04,1754345721,3582,339666.56,-32573.38,307093.18,0,1155,4,8,0
1.49,1754345736,3186,277901.04,-52948.71,224952.33,0,1155,4,8,0
2.85,1754345753,2942,494228.28,-595441.86,-101213.58,1,1155,4,8,0
1.96,1754345779,3235,294608.45,-156197.36,138411.09,0,1156,4,8,0
1.29,1754345798,2965,479216.37,-95837.27,383379.1,0,1156,4,8,0
1.0,1754345813,2644,447219.36,-0.0,447219.36,0,1156,4,8,0
1.02,1754345824,2675,453052.42,-29152.6,423899.82,0,1157,4,8,0
6.47,1754345835,2280,342720.97,-594404.94,-251683.97,1,1157,4,8,0
2.19,1754345867,2747,455566.53,-388577.32,66989.21,1,1157,4,8,0
1.12,1754345888,2685,468591.9,-15055.6,453536.3,0,1158,4,8,0
1.76,1754345901,2357,341905.0,-143517.14,198387.86,0,1158,4,8,0
1.45,1754345918,2418,362743.92,-36333.99,326409.93,0,1158,4,8,0
1.46,1754345934,2224,338201.52,-45269.97,292931.55,0,1158,4,8,0
1.01,1754345948,2186,361805.79,-0.0,361805.79,0,1159,4,8,0
1.17,1754345959,1937,444483.75,-30795.0,413688.75,0,1159,4,8,0
1.15,1754345973,1740,359701.98,-50412.12,309289.86,0,1159,4,8,0
1.41,1754345985,1613,280739.7,-70801.18,209938.52,0,1159,4,8,0
5.81,1754345999,1677,364181.18,-610490.44,-246309.26,1,1159,4,8,0
6.14,1754346031,2143,266000.76,-471222.36,-205221.6,1,1160,4,8,0
2.19,1754346063,2412,353709.72,-238500.36,115209.36,1,1161,4,8,0
5.89,1754346084,2333,303597.0,-545334.6,-241737.6,1,1161,4,8,0
1.92,1754346117,2613,384757.11,-181406.52,203350.59,0,1161,4,8,0
5.81,1754346135,2384,280161.26,-509249.4,-229088.14,1,1162,4,8,0
1.05,1754346166,2664,349104.16,-29152.6,319951.56,0,1162,4,8,0
1.15,1754346178,2524,331282.84,-30999.56,300283.28,0,1162,4,8,0
12.58,1754346192,2264,287746.7,-659812.06,-372065.36,1,1163,4,8,0
67.57,1754346232,2682,331212.16,-660334.79,-329122.63,1,1163,4,8,0
4.46,1754346292,2795,416217.6,-569327.04,-153109.44,1,1164,4,8,0
1.35,1754346320,2762,378491.13,-25672.64,352818.49,0,1165,4,8,0
6.98,1754346335,2404,342420.42,-525254.7,-182834.28,1,1165,4,8,0
1.3,1754346368,2919,393321.39,-43640.52,349680.87,0,1166,4,8,0
1.14,1754346382,2797,476553.44,-62063.12,414490.32,0,1166,4,8,0
1.21,1754346395,2566,444553.89,-57169.95,387383.94,0,1166,4,8,0
2.51,1754346406,2500,342282.2,-289771.3,52510.9,1,1166,4,8,0
2.19,1754346428,2859,461618.25,-524501.25,-62883.0,1,1167,4,8,0
15.5,1754346447,2805,411504.65,-787326.17,-375821.52,1,1167,4,8,0
1.0,1754346492,2905,374807.04,-0.0,374807.04,0,1168,4,8,0
27.02,1754346502,2662,374751.4,-744149.16,-369397.76,1,1168,4,8,0
5.99,1754346554,2920,402794.25,-629232.75,-226438.5,1,1169,4,8,0
2.8,1754346586,3039,286404.96,-263568.0,22836.96,1,1169,4,8,0
1.51,1754346608,2903,364100.04,-88568.12,275531.92,0,1170,4,8,0
1.67,1754346626,2892,412370.42,-156981.44,255388.98,0,1170,4,8,0
2.08,1754346642,2802,402878.94,-232595.32,170283.62,1,1170,4,8,0
2.38,1754346663,3053,303242.0,-310021.0,-6779.0,1,1171,4,8,0
1.53,1754346683,3013,280505.4,-73654.84,206850.56,0,1171,4,8,0
3.26,1754346697,2745,369770.55,-275802.03,93968.52,1,1171,4,8,0
1.16,1754346723,3024,302595.09,-52271.24,250323.85,0,1172,4,8,0
4.51,1754346734,2833,460647.11,-795021.92,-334374.81,1,1172,4,8,0
1.82,1754346764,2590,377917.32,-150489.24,227428.08,0,1172,4,8,0
4.18,1754346783,3004,289448.5,-510067.0,-220618.5,1,1173,4,8,0
1.31,1754346810,2633,357047.02,-98969.05,258077.97,0,1173,4,8,0
5.76,1754346823,2971,500330.64,-971855.3,-471524.66,1,1173,4,8,0
1.04,1754346855,2655,320008.75,-55512.85,264495.9,0,1174,4,8,0
1.22,1754346866,2930,455921.46,-79433.46,376488.0,0,1174,4,8,0
18.17,1754346879,2669,397073.18,-802454.07,-405380.89,1,1174,4,8,0
32.2,1754346926,2971,430348.55,-824929.85,-394581.3,1,1175,4,8,0
1.1,1754346978,3019,253635.76,-40797.89,212837.87,0,1176,4,8,0
1.12,1754346989,2579,335966.24,-70359.6,265606.64,0,1176,4,8,0
1.04,1754346999,2644,428441.69,-58539.5,369902.19,0,1176,4,8,0
1.45,1754347011,2433,346768.64,-72227.84,274540.8,0,1176,4,8,0
1.0,1754347026,2449,373753.9,-0.0,373753.9,0,1177,4,8,0
1.86,1754347037,2368,396310.32,-85221.36,311088.96,0,1177,4,8,0
1.54,1754347054,2512,426340.85,-37124.75,389216.1,0,1177,4,8,0
4.33,1754347071,2407,389012.8,-578757.6,-189744.8,1,1177,4,8,0
1.67,1754347098,2901,438365.47,-123846.72,314518.75,0,1178,4,8,0
2.19,1754347115,2661,396370.99,-180515.37,215855.62,1,1178,4,8,0
2.14,1754347137,2485,338394.54,-245296.92,93097.62,1,1178,4,8,0
6.24,1754347155,2693,431348.22,-786489.76,-355141.54,1,1179,4,8,0
1.14,1754347188,2789,420112.8,-61998.52,358114.28,0,1179,4,8,0
1.54,1754347200,2504,373399.02,-94360.95,279038.07,0,1180,4,8,0
16.4,1754347216,2440,373337.58,-654994.56,-281656.98,1,1180,4,8,0
1.54,1754347259,2825,454143.75,-144039.75,310104.0,0,1180,4,8,0
3.9,1754347275,2580,372656.2,-408964.5,-36308.3,1,1181,4,8,0
1.01,1754347301,2611,393034.6,-0.0,393034.6,0,1181,4,8,0
3.47,1754347312,2666,411666.44,-638486.06,-226819.62,1,1181,4,8,0
1.77,1754347338,2318,270896.73,-105099.06,165797.67,0,1182,4,8,0
5.38,1754347353,2768,430495.45,-760067.0,-329571.55,1,1182,4,8,0
1.91,1754347384,2350,301624.2,-205816.2,95808.0,0,1183,4,8,0
1.02,1754347404,2828,492022.4,-15641.6,476380.8,0,1183,4,8,0
3.06,1754347416,2511,378037.1,-355663.0,22374.1,1,1183,4,8,0
4.92,1754347439,2645,390130.56,-666727.92,-276597.36,1,1183,4,8,0
1.63,1754347468,2628,370781.88,-116744.59,254037.29,0,1184,4,8,0
2.3,1754347486,2427,329338.02,-234068.34,95269.68,1,1184,4,8,0
1.48,1754347507,2653,374966.88,-64285.28,310681.6,0,1185,4,8,0
1.05,1754347522,2632,426696.58,-45396.78,381299.8,0,1185,4,8,0
1.16,1754347533,2339,360477.48,-40489.02,319988.46,0,1185,4,8,0
1.46,1754347545,1970,526481.28,-125753.61,400727.67,0,1185,4,8,0
